[?2026h[?25l[1Gpulling manifest ⠋ [K[?25h[?2026l[?2026h[?25l[1Gpulling manifest ⠙ [K[?25h[?2026l[?2026h[?25l[1Gpulling manifest ⠹ [K[?25h[?2026l[?2026h[?25l[1Gpulling manifest ⠸ [K[?25h[?2026l[?2026h[?25l[1Gpulling manifest ⠼ [K[?25h[?2026l[?2026h[?25l[1Gpulling manifest ⠴ [K[?25h[?2026l[?2026h[?25l[1Gpulling manifest ⠦ [K[?25h[?2026l[?2026h[?25l[1Gpulling manifest ⠧ [K[?25h[?2026l[?2026h[?25l[1Gpulling manifest ⠇ [K[?25h[?2026l[?2026h[?25l[1Gpulling manifest ⠏ [K[?25h[?2026l[?2026h[?25l[1Gpulling manifest ⠋ [K[?25h[?2026l[?2026h[?25l[1Gpulling manifest ⠙ [K[?25h[?2026l[?2026h[?25l[1Gpulling manifest ⠹ [K[?25h[?2026l[?2026h[?25l[1Gpulling manifest ⠸ [K[?25h[?2026l[?2026h[?25l[1Gpulling manifest ⠼ [K[?25h[?2026l[?2026h[?25l[1Gpulling manifest ⠴ [K[?25h[?2026l[?2026h[?25l[1Gpulling manifest ⠦ [K[?25h[?2026l[?2026h[?25l[1Gpulling manifest ⠧ [K[?25h[?2026l[?2026h[?25l[1Gpulling manifest ⠇ [K[?25h[?2026l[?2026h[?25l[1Gpulling manifest ⠏ [K[?25h[?2026l[?2026h[?25l[1Gpulling manifest ⠋ [K[?25h[?2026l[?2026h[?25l[1Gpulling manifest ⠙ [K[?25h[?2026l[?2026h[?25l[1Gpulling manifest ⠹ [K[?25h[?2026l[?2026h[?25l[1Gpulling manifest ⠸ [K[?25h[?2026l[?2026h[?25l[1Gpulling manifest ⠼ [K[?25h[?2026l[?2026h[?25l[1Gpulling manifest ⠴ [K[?25h[?2026l[?2026h[?25l[1Gpulling manifest ⠦ [K[?25h[?2026l[?2026h[?25l[1Gpulling manifest ⠧ [K[?25h[?2026l[?2026h[?25l[1Gpulling manifest ⠇ [K[?25h[?2026l[?2026h[?25l[1Gpulling manifest ⠏ [K[?25h[?2026l[?2026h[?25l[1Gpulling manifest ⠋ [K[?25h[?2026l[?2026h[?25l[1Gpulling manifest ⠙ [K[?25h[?2026l[?2026h[?25l[1Gpulling manifest ⠹ [K[?25h[?2026l[?2026h[?25l[1Gpulling manifest ⠸ [K[?25h[?2026l[?2026h[?25l[1Gpulling manifest ⠼ [K[?25h[?2026l[?2026h[?25l[1Gpulling manifest ⠴ [K[?25h[?2026l[?2026h[?25l[1Gpulling manifest ⠦ [K[?25h[?2026l[?2026h[?25l[1Gpulling manifest ⠧ [K[?25h[?2026l[?2026h[?25l[1Gpulling manifest ⠇ [K[?25h[?2026l[?2026h[?25l[1Gpulling manifest ⠏ [K[?25h[?2026l[?2026h[?25l[1Gpulling manifest ⠋ [K[?25h[?2026l[?2026h[?25l[1Gpulling manifest ⠙ [K[?25h[?2026l[?2026h[?25l[1Gpulling manifest ⠹ [K[?25h[?2026l[?2026h[?25l[1Gpulling manifest ⠸ [K[?25h[?2026l[?2026h[?25l[1Gpulling manifest ⠼ [K[?25h[?2026l[?2026h[?25l[1Gpulling manifest ⠴ [K[?25h[?2026l[?2026h[?25l[1Gpulling manifest ⠦ [K[?25h[?2026l[?2026h[?25l[1Gpulling manifest ⠧ [K[?25h[?2026l[?2026h[?25l[1Gpulling manifest ⠇ [K[?25h[?2026l[?2026h[?25l[1Gpulling manifest ⠏ [K[?25h[?2026l[?2026h[?25l[1Gpulling manifest ⠋ [K[?25h[?2026l[?2026h[?25l[1Gpulling manifest [K
pulling a3de86cd1c13:   0% ▕                  ▏  18 KB/5.2 GB                  [K[?25h[?2026l[?2026h[?25l[A[1Gpulling manifest [K
pulling a3de86cd1c13:   0% ▕                  ▏ 138 KB/5.2 GB                  [K[?25h[?2026l[?2026h[?25l[A[1Gpulling manifest [K
pulling a3de86cd1c13:   0% ▕                  ▏ 313 KB/5.2 GB                  [K[?25h[?2026l[?2026h[?25l[A[1Gpulling manifest [K
pulling a3de86cd1c13:   0% ▕                  ▏ 655 KB/5.2 GB                  [K[?25h[?2026l[?2026h[?25l[A[1Gpulling manifest [K
pulling a3de86cd1c13:   0% ▕                  ▏ 1.3 MB/5.2 GB                  [K[?25h[?2026l[?2026h[?25l[A[1Gpulling manifest [K
pulling a3de86cd1c13:   0% ▕                  ▏ 1.4 MB/5.2 GB                  [K[?25h[?2026l[?2026h[?25l[A[1Gpulling manifest [K
pulling a3de86cd1c13:   0% ▕                  ▏ 1.6 MB/5.2 GB                  [K[?25h[?2026l[?2026h[?25l[A[1Gpulling manifest [K
pulling a3de86cd1c13:   0% ▕                  ▏ 2.6 MB/5.2 GB                  [K[?25h[?2026l[?2026h[?25l[A[1Gpulling manifest [K
pulling a3de86cd1c13:   0% ▕                  ▏ 2.8 MB/5.2 GB                  [K[?25h[?2026l[?2026h[?25l[A[1Gpulling manifest [K
pulling a3de86cd1c13:   0% ▕                  ▏ 3.4 MB/5.2 GB                  [K[?25h[?2026l[?2026h[?25l[A[1Gpulling manifest [K
pulling a3de86cd1c13:   0% ▕                  ▏ 4.2 MB/5.2 GB  4.2 MB/s  20m36s[K[?25h[?2026l[?2026h[?25l[A[1Gpulling manifest [K
pulling a3de86cd1c13:   0% ▕                  ▏ 4.9 MB/5.2 GB  4.2 MB/s  20m36s[K[?25h[?2026l[?2026h[?25l[A[1Gpulling manifest [K
pulling a3de86cd1c13:   0% ▕                  ▏ 5.6 MB/5.2 GB  4.2 MB/s  20m36s[K[?25h[?2026l[?2026h[?25l[A[1Gpulling manifest [K
pulling a3de86cd1c13:   0% ▕                  ▏ 6.2 MB/5.2 GB  4.2 MB/s  20m35s[K[?25h[?2026l[?2026h[?25l[A[1Gpulling manifest [K
pulling a3de86cd1c13:   0% ▕                  ▏ 6.7 MB/5.2 GB  4.2 MB/s  20m35s[K[?25h[?2026l[?2026h[?25l[A[1Gpulling manifest [K
pulling a3de86cd1c13:   0% ▕                  ▏ 7.6 MB/5.2 GB  4.2 MB/s  20m35s[K[?25h[?2026l[?2026h[?25l[A[1Gpulling manifest [K
pulling a3de86cd1c13:   0% ▕                  ▏ 8.8 MB/5.2 GB  4.2 MB/s  20m35s[K[?25h[?2026l[?2026h[?25l[A[1Gpulling manifest [K
pulling a3de86cd1c13:   0% ▕                  ▏ 8.9 MB/5.2 GB  4.2 MB/s  20m35s[K[?25h[?2026l[?2026h[?25l[A[1Gpulling manifest [K
pulling a3de86cd1c13:   0% ▕                 ▏ 10.0 MB/5.2 GB  4.2 MB/s  20m35s[K[?25h[?2026l[?2026h[?25l[A[1Gpulling manifest [K
pulling a3de86cd1c13:   0% ▕                  ▏  11 MB/5.2 GB  4.2 MB/s  20m34s[K[?25h[?2026l[?2026h[?25l[A[1Gpulling manifest [K
pulling a3de86cd1c13:   0% ▕                  ▏  11 MB/5.2 GB  4.2 MB/s  20m34s[K[?25h[?2026l[?2026h[?25l[A[1Gpulling manifest [K
pulling a3de86cd1c13:   0% ▕                  ▏  13 MB/5.2 GB  5.9 MB/s  14m40s[K[?25h[?2026l[?2026h[?25l[A[1Gpulling manifest [K
pulling a3de86cd1c13:   0% ▕                  ▏  13 MB/5.2 GB  5.9 MB/s  14m40s[K[?25h[?2026l[?2026h[?25l[A[1Gpulling manifest [K
pulling a3de86cd1c13:   0% ▕                  ▏  14 MB/5.2 GB  5.9 MB/s  14m40s[K[?25h[?2026l[?2026h[?25l[A[1Gpulling manifest [K
pulling a3de86cd1c13:   0% ▕                  ▏  15 MB/5.2 GB  5.9 MB/s  14m40s[K[?25h[?2026l[?2026h[?25l[A[1Gpulling manifest [K
pulling a3de86cd1c13:   0% ▕                  ▏  16 MB/5.2 GB  5.9 MB/s  14m40s[K[?25h[?2026l[?2026h[?25l[A[1Gpulling manifest [K
pulling a3de86cd1c13:   0% ▕                  ▏  17 MB/5.2 GB  5.9 MB/s  14m39s[K[?25h[?2026l[?2026h[?25l[A[1Gpulling manifest [K
pulling a3de86cd1c13:   0% ▕                  ▏  18 MB/5.2 GB  5.9 MB/s  14m39s[K[?25h[?2026l[?2026h[?25l[A[1Gpulling manifest [K
pulling a3de86cd1c13:   0% ▕                  ▏  20 MB/5.2 GB  5.9 MB/s  14m39s[K[?25h[?2026l[?2026h[?25l[A[1Gpulling manifest [K
pulling a3de86cd1c13:   0% ▕                  ▏  21 MB/5.2 GB  5.9 MB/s  14m39s[K[?25h[?2026l[?2026h[?25l[A[1Gpulling manifest [K
pulling a3de86cd1c13:   0% ▕                  ▏  22 MB/5.2 GB  5.9 MB/s  14m38s[K[?25h[?2026l[?2026h[?25l[A[1Gpulling manifest [K
pulling a3de86cd1c13:   0% ▕                  ▏  23 MB/5.2 GB  7.9 MB/s   11m2s[K[?25h[?2026l[?2026h[?25l[A[1Gpulling manifest [K
pulling a3de86cd1c13:   0% ▕                  ▏  24 MB/5.2 GB  7.9 MB/s   11m2s[K[?25h[?2026l[?2026h[?25l[A[1Gpulling manifest [K
pulling a3de86cd1c13:   0% ▕                  ▏  25 MB/5.2 GB  7.9 MB/s   11m2s[K[?25h[?2026l[?2026h[?25l[A[1Gpulling manifest [K
pulling a3de86cd1c13:   1% ▕                  ▏  27 MB/5.2 GB  7.9 MB/s   11m2s[K[?25h[?2026l[?2026h[?25l[A[1Gpulling manifest [K
pulling a3de86cd1c13:   1% ▕                  ▏  28 MB/5.2 GB  7.9 MB/s   11m1s[K[?25h[?2026l[?2026h[?25l[A[1Gpulling manifest [K
pulling a3de86cd1c13:   1% ▕                  ▏  29 MB/5.2 GB  7.9 MB/s   11m1s[K[?25h[?2026l[?2026h[?25l[A[1Gpulling manifest [K
pulling a3de86cd1c13:   1% ▕                  ▏  30 MB/5.2 GB  7.9 MB/s   11m1s[K[?25h[?2026l[?2026h[?25l[A[1Gpulling manifest [K
pulling a3de86cd1c13:   1% ▕                  ▏  31 MB/5.2 GB  7.9 MB/s   11m1s[K[?25h[?2026l[?2026h[?25l[A[1Gpulling manifest [K
pulling a3de86cd1c13:   1% ▕                  ▏  32 MB/5.2 GB  7.9 MB/s   11m1s[K[?25h[?2026l[?2026h[?25l[A[1Gpulling manifest [K
pulling a3de86cd1c13:   1% ▕                  ▏  34 MB/5.2 GB  7.9 MB/s   11m1s[K[?25h[?2026l[?2026h[?25l[A[1Gpulling manifest [K
pulling a3de86cd1c13:   1% ▕                  ▏  35 MB/5.2 GB  8.9 MB/s   9m42s[K[?25h[?2026l[?2026h[?25l[A[1Gpulling manifest [K
pulling a3de86cd1c13:   1% ▕                  ▏  36 MB/5.2 GB  8.9 MB/s   9m42s[K[?25h[?2026l[?2026h[?25l[A[1Gpulling manifest [K
pulling a3de86cd1c13:   1% ▕                  ▏  38 MB/5.2 GB  8.9 MB/s   9m42s[K[?25h[?2026l[?2026h[?25l[A[1Gpulling manifest [K
pulling a3de86cd1c13:   1% ▕                  ▏  39 MB/5.2 GB  8.9 MB/s   9m42s[K[?25h[?2026l[?2026h[?25l[A[1Gpulling manifest [K
pulling a3de86cd1c13:   1% ▕                  ▏  40 MB/5.2 GB  8.9 MB/s   9m41s[K[?25h[?2026l[?2026h[?25l[A[1Gpulling manifest [K
pulling a3de86cd1c13:   1% ▕                  ▏  41 MB/5.2 GB  8.9 MB/s   9m41s[K[?25h[?2026l[?2026h[?25l[A[1Gpulling manifest [K
pulling a3de86cd1c13:   1% ▕                  ▏  42 MB/5.2 GB  8.9 MB/s   9m41s[K[?25h[?2026l[?2026h[?25l[A[1Gpulling manifest [K
pulling a3de86cd1c13:   1% ▕                  ▏  43 MB/5.2 GB  8.9 MB/s   9m41s[K[?25h[?2026l[?2026h[?25l[A[1Gpulling manifest [K
pulling a3de86cd1c13:   1% ▕                  ▏  44 MB/5.2 GB  8.9 MB/s   9m41s[K[?25h[?2026l[?2026h[?25l[A[1Gpulling manifest [K
pulling a3de86cd1c13:   1% ▕                  ▏  45 MB/5.2 GB  8.9 MB/s   9m41s[K[?25h[?2026l[?2026h[?25l[A[1Gpulling manifest [K
pulling a3de86cd1c13:   1% ▕                  ▏  46 MB/5.2 GB  9.3 MB/s   9m15s[K[?25h[?2026l[?2026h[?25l[A[1Gpulling manifest [K
pulling a3de86cd1c13:   1% ▕                  ▏  48 MB/5.2 GB  9.3 MB/s   9m14s[K[?25h[?2026l[?2026h[?25l[A[1Gpulling manifest [K
pulling a3de86cd1c13:   1% ▕                  ▏  48 MB/5.2 GB  9.3 MB/s   9m14s[K[?25h[?2026l[?2026h[?25l[A[1Gpulling manifest [K
pulling a3de86cd1c13:   1% ▕                  ▏  51 MB/5.2 GB  9.3 MB/s   9m14s[K[?25h[?2026l[?2026h[?25l[A[1Gpulling manifest [K
pulling a3de86cd1c13:   1% ▕                  ▏  52 MB/5.2 GB  9.3 MB/s   9m14s[K[?25h[?2026l[?2026h[?25l[A[1Gpulling manifest [K
pulling a3de86cd1c13:   1% ▕                  ▏  52 MB/5.2 GB  9.3 MB/s   9m14s[K[?25h[?2026l[?2026h[?25l[A[1Gpulling manifest [K
pulling a3de86cd1c13:   1% ▕                  ▏  53 MB/5.2 GB  9.3 MB/s   9m14s[K[?25h[?2026l[?2026h[?25l[A[1Gpulling manifest [K
pulling a3de86cd1c13:   1% ▕                  ▏  54 MB/5.2 GB  9.3 MB/s   9m14s[K[?25h[?2026l[?2026h[?25l[A[1Gpulling manifest [K
pulling a3de86cd1c13:   1% ▕                  ▏  55 MB/5.2 GB  9.3 MB/s   9m14s[K[?25h[?2026l[?2026h[?25l[A[1Gpulling manifest [K
pulling a3de86cd1c13:   1% ▕                  ▏  57 MB/5.2 GB  9.3 MB/s   9m13s[K[?25h[?2026l[?2026h[?25l[A[1Gpulling manifest [K
pulling a3de86cd1c13:   1% ▕                  ▏  59 MB/5.2 GB  9.9 MB/s   8m40s[K[?25h[?2026l[?2026h[?25l[A[1Gpulling manifest [K
pulling a3de86cd1c13:   1% ▕                  ▏  59 MB/5.2 GB  9.9 MB/s   8m40s[K[?25h[?2026l[?2026h[?25l[A[1Gpulling manifest [K
pulling a3de86cd1c13:   1% ▕                  ▏  60 MB/5.2 GB  9.9 MB/s   8m39s[K[?25h[?2026l[?2026h[?25l[A[1Gpulling manifest [K
pulling a3de86cd1c13:   1% ▕                  ▏  61 MB/5.2 GB  9.9 MB/s   8m39s[K[?25h[?2026l[?2026h[?25l[A[1Gpulling manifest [K
pulling a3de86cd1c13:   1% ▕                  ▏  62 MB/5.2 GB  9.9 MB/s   8m39s[K[?25h[?2026l[?2026h[?25l[A[1Gpulling manifest [K
pulling a3de86cd1c13:   1% ▕                  ▏  63 MB/5.2 GB  9.9 MB/s   8m39s[K[?25h[?2026l[?2026h[?25l[A[1Gpulling manifest [K
pulling a3de86cd1c13:   1% ▕                  ▏  65 MB/5.2 GB  9.9 MB/s   8m39s[K[?25h[?2026l[?2026h[?25l[A[1Gpulling manifest [K
pulling a3de86cd1c13:   1% ▕                  ▏  65 MB/5.2 GB  9.9 MB/s   8m39s[K[?25h[?2026l[?2026h[?25l[A[1Gpulling manifest [K
pulling a3de86cd1c13:   1% ▕                  ▏  67 MB/5.2 GB  9.9 MB/s   8m39s[K[?25h[?2026l[?2026h[?25l[A[1Gpulling manifest [K
pulling a3de86cd1c13:   1% ▕                  ▏  69 MB/5.2 GB  9.9 MB/s   8m39s[K[?25h[?2026l[?2026h[?25l[A[1Gpulling manifest [K
pulling a3de86cd1c13:   1% ▕                  ▏  69 MB/5.2 GB  9.9 MB/s   8m39s[K[?25h[?2026l[?2026h[?25l[A[1Gpulling manifest [K
pulling a3de86cd1c13:   1% ▕                  ▏  70 MB/5.2 GB   10 MB/s   8m34s[K[?25h[?2026l[?2026h[?25l[A[1Gpulling manifest [K
pulling a3de86cd1c13:   1% ▕                  ▏  72 MB/5.2 GB   10 MB/s   8m34s[K[?25h[?2026l[?2026h[?25l[A[1Gpulling manifest [K
pulling a3de86cd1c13:   1% ▕                  ▏  72 MB/5.2 GB   10 MB/s   8m34s[K[?25h[?2026l[?2026h[?25l[A[1Gpulling manifest [K
pulling a3de86cd1c13:   1% ▕                  ▏  74 MB/5.2 GB   10 MB/s   8m34s[K[?25h[?2026l[?2026h[?25l[A[1Gpulling manifest [K
pulling a3de86cd1c13:   1% ▕                  ▏  75 MB/5.2 GB   10 MB/s   8m34s[K[?25h[?2026l[?2026h[?25l[A[1Gpulling manifest [K
pulling a3de86cd1c13:   1% ▕                  ▏  75 MB/5.2 GB   10 MB/s   8m34s[K[?25h[?2026l[?2026h[?25l[A[1Gpulling manifest [K
pulling a3de86cd1c13:   1% ▕                  ▏  77 MB/5.2 GB   10 MB/s   8m34s[K[?25h[?2026l[?2026h[?25l[A[1Gpulling manifest [K
pulling a3de86cd1c13:   2% ▕                  ▏  80 MB/5.2 GB   10 MB/s   8m33s[K[?25h[?2026l[?2026h[?25l[A[1Gpulling manifest [K
pulling a3de86cd1c13:   2% ▕                  ▏  80 MB/5.2 GB   10 MB/s   8m33s[K[?25h[?2026l[?2026h[?25l[A[1Gpulling manifest [K
pulling a3de86cd1c13:   2% ▕                  ▏  81 MB/5.2 GB   10 MB/s   8m33s[K[?25h[?2026l[?2026h[?25l[A[1Gpulling manifest [K
pulling a3de86cd1c13:   2% ▕                  ▏  83 MB/5.2 GB   10 MB/s   8m21s[K[?25h[?2026l[?2026h[?25l[A[1Gpulling manifest [K
pulling a3de86cd1c13:   2% ▕                  ▏  84 MB/5.2 GB   10 MB/s   8m21s[K[?25h[?2026l[?2026h[?25l[A[1Gpulling manifest [K
pulling a3de86cd1c13:   2% ▕                  ▏  85 MB/5.2 GB   10 MB/s   8m21s[K[?25h[?2026l[?2026h[?25l[A[1Gpulling manifest [K
pulling a3de86cd1c13:   2% ▕                  ▏  86 MB/5.2 GB   10 MB/s   8m20s[K[?25h[?2026l[?2026h[?25l[A[1Gpulling manifest [K
pulling a3de86cd1c13:   2% ▕                  ▏  87 MB/5.2 GB   10 MB/s   8m20s[K[?25h[?2026l[?2026h[?25l[A[1Gpulling manifest [K
pulling a3de86cd1c13:   2% ▕                  ▏  89 MB/5.2 GB   10 MB/s   8m20s[K[?25h[?2026l[?2026h[?25l[A[1Gpulling manifest [K
pulling a3de86cd1c13:   2% ▕                  ▏  90 MB/5.2 GB   10 MB/s   8m20s[K[?25h[?2026l[?2026h[?25l[A[1Gpulling manifest [K
pulling a3de86cd1c13:   2% ▕                  ▏  91 MB/5.2 GB   10 MB/s   8m20s[K[?25h[?2026l[?2026h[?25l[A[1Gpulling manifest [K
pulling a3de86cd1c13:   2% ▕                  ▏  92 MB/5.2 GB   10 MB/s   8m20s[K[?25h[?2026l[?2026h[?25l[A[1Gpulling manifest [K
pulling a3de86cd1c13:   2% ▕                  ▏  94 MB/5.2 GB   10 MB/s   8m20s[K[?25h[?2026l[?2026h[?25l[A[1Gpulling manifest [K
pulling a3de86cd1c13:   2% ▕                  ▏  95 MB/5.2 GB   10 MB/s    8m4s[K[?25h[?2026l[?2026h[?25l[A[1Gpulling manifest [K
pulling a3de86cd1c13:   2% ▕                  ▏  95 MB/5.2 GB   10 MB/s    8m4s[K[?25h[?2026l[?2026h[?25l[A[1Gpulling manifest [K
pulling a3de86cd1c13:   2% ▕                  ▏  96 MB/5.2 GB   10 MB/s    8m4s[K[?25h[?2026l[?2026h[?25l[A[1Gpulling manifest [K
pulling a3de86cd1c13:   2% ▕                  ▏  96 MB/5.2 GB   10 MB/s    8m4s[K[?25h[?2026l[?2026h[?25l[A[1Gpulling manifest [K
pulling a3de86cd1c13:   2% ▕                  ▏  98 MB/5.2 GB   10 MB/s    8m4s[K[?25h[?2026l[?2026h[?25l[A[1Gpulling manifest [K
pulling a3de86cd1c13:   2% ▕                  ▏ 100 MB/5.2 GB   10 MB/s    8m3s[K[?25h[?2026l[?2026h[?25l[A[1Gpulling manifest [K
pulling a3de86cd1c13:   2% ▕                  ▏ 100 MB/5.2 GB   10 MB/s    8m3s[K[?25h[?2026l[?2026h[?25l[A[1Gpulling manifest [K
pulling a3de86cd1c13:   2% ▕                  ▏ 103 MB/5.2 GB   10 MB/s    8m3s[K[?25h[?2026l[?2026h[?25l[A[1Gpulling manifest [K
pulling a3de86cd1c13:   2% ▕                  ▏ 105 MB/5.2 GB   10 MB/s    8m3s[K[?25h[?2026l[?2026h[?25l[A[1Gpulling manifest [K
pulling a3de86cd1c13:   2% ▕                  ▏ 105 MB/5.2 GB   10 MB/s    8m3s[K[?25h[?2026l[?2026h[?25l[A[1Gpulling manifest [K
pulling a3de86cd1c13:   2% ▕                  ▏ 107 MB/5.2 GB   11 MB/s   7m25s[K[?25h[?2026l[?2026h[?25l[A[1Gpulling manifest [K
pulling a3de86cd1c13:   2% ▕                  ▏ 108 MB/5.2 GB   11 MB/s   7m25s[K[?25h[?2026l[?2026h[?25l[A[1Gpulling manifest [K
pulling a3de86cd1c13:   2% ▕                  ▏ 110 MB/5.2 GB   11 MB/s   7m25s[K[?25h[?2026l[?2026h[?25l[A[1Gpulling manifest [K
pulling a3de86cd1c13:   2% ▕                  ▏ 111 MB/5.2 GB   11 MB/s   7m25s[K[?25h[?2026l[?2026h[?25l[A[1Gpulling manifest [K
pulling a3de86cd1c13:   2% ▕                  ▏ 112 MB/5.2 GB   11 MB/s   7m25s[K[?25h[?2026l[?2026h[?25l[A[1Gpulling manifest [K
pulling a3de86cd1c13:   2% ▕                  ▏ 114 MB/5.2 GB   11 MB/s   7m25s[K[?25h[?2026l[?2026h[?25l[A[1Gpulling manifest [K
pulling a3de86cd1c13:   2% ▕                  ▏ 116 MB/5.2 GB   11 MB/s   7m25s[K[?25h[?2026l[?2026h[?25l[A[1Gpulling manifest [K
pulling a3de86cd1c13:   2% ▕                  ▏ 118 MB/5.2 GB   11 MB/s   7m25s[K[?25h[?2026l[?2026h[?25l[A[1Gpulling manifest [K
pulling a3de86cd1c13:   2% ▕                  ▏ 118 MB/5.2 GB   11 MB/s   7m24s[K[?25h[?2026l[?2026h[?25l[A[1Gpulling manifest [K
pulling a3de86cd1c13:   2% ▕                  ▏ 120 MB/5.2 GB   11 MB/s   7m24s[K[?25h[?2026l[?2026h[?25l[A[1Gpulling manifest [K
pulling a3de86cd1c13:   2% ▕                  ▏ 121 MB/5.2 GB   12 MB/s   6m58s[K[?25h[?2026l[?2026h[?25l[A[1Gpulling manifest [K
pulling a3de86cd1c13:   2% ▕                  ▏ 123 MB/5.2 GB   12 MB/s   6m58s[K[?25h[?2026l[?2026h[?25l[A[1Gpulling manifest [K
pulling a3de86cd1c13:   2% ▕                  ▏ 123 MB/5.2 GB   12 MB/s   6m58s[K[?25h[?2026l[?2026h[?25l[A[1Gpulling manifest [K
pulling a3de86cd1c13:   2% ▕                  ▏ 127 MB/5.2 GB   12 MB/s   6m57s[K[?25h[?2026l[?2026h[?25l[A[1Gpulling manifest [K
pulling a3de86cd1c13:   2% ▕                  ▏ 127 MB/5.2 GB   12 MB/s   6m57s[K[?25h[?2026l[?2026h[?25l[A[1Gpulling manifest [K
pulling a3de86cd1c13:   2% ▕                  ▏ 128 MB/5.2 GB   12 MB/s   6m57s[K[?25h[?2026l[?2026h[?25l[A[1Gpulling manifest [K
pulling a3de86cd1c13:   3% ▕                  ▏ 130 MB/5.2 GB   12 MB/s   6m57s[K[?25h[?2026l[?2026h[?25l[A[1Gpulling manifest [K
pulling a3de86cd1c13:   3% ▕                  ▏ 131 MB/5.2 GB   12 MB/s   6m57s[K[?25h[?2026l[?2026h[?25l[A[1Gpulling manifest [K
pulling a3de86cd1c13:   3% ▕                  ▏ 133 MB/5.2 GB   12 MB/s   6m57s[K[?25h[?2026l[?2026h[?25l[A[1Gpulling manifest [K
pulling a3de86cd1c13:   3% ▕                  ▏ 134 MB/5.2 GB   12 MB/s   6m57s[K[?25h[?2026l[?2026h[?25l[A[1Gpulling manifest [K
pulling a3de86cd1c13:   3% ▕                  ▏ 135 MB/5.2 GB   12 MB/s   6m57s[K[?25h[?2026l[?2026h[?25l[A[1Gpulling manifest [K
pulling a3de86cd1c13:   3% ▕                  ▏ 137 MB/5.2 GB   12 MB/s   6m44s[K[?25h[?2026l[?2026h[?25l[A[1Gpulling manifest [K
pulling a3de86cd1c13:   3% ▕                  ▏ 139 MB/5.2 GB   12 MB/s   6m43s[K[?25h[?2026l[?2026h[?25l[A[1Gpulling manifest [K
pulling a3de86cd1c13:   3% ▕                  ▏ 140 MB/5.2 GB   12 MB/s   6m43s[K[?25h[?2026l[?2026h[?25l[A[1Gpulling manifest [K
pulling a3de86cd1c13:   3% ▕                  ▏ 142 MB/5.2 GB   12 MB/s   6m43s[K[?25h[?2026l[?2026h[?25l[A[1Gpulling manifest [K
pulling a3de86cd1c13:   3% ▕                  ▏ 143 MB/5.2 GB   12 MB/s   6m43s[K[?25h[?2026l[?2026h[?25l[A[1Gpulling manifest [K
pulling a3de86cd1c13:   3% ▕                  ▏ 144 MB/5.2 GB   12 MB/s   6m43s[K[?25h[?2026l[?2026h[?25l[A[1Gpulling manifest [K
pulling a3de86cd1c13:   3% ▕                  ▏ 146 MB/5.2 GB   12 MB/s   6m43s[K[?25h[?2026l[?2026h[?25l[A[1Gpulling manifest [K
pulling a3de86cd1c13:   3% ▕                  ▏ 147 MB/5.2 GB   12 MB/s   6m43s[K[?25h[?2026l[?2026h[?25l[A[1Gpulling manifest [K
pulling a3de86cd1c13:   3% ▕                  ▏ 149 MB/5.2 GB   12 MB/s   6m43s[K[?25h[?2026l[?2026h[?25l[A[1Gpulling manifest [K
pulling a3de86cd1c13:   3% ▕                  ▏ 152 MB/5.2 GB   12 MB/s   6m42s[K[?25h[?2026l[?2026h[?25l[A[1Gpulling manifest [K
pulling a3de86cd1c13:   3% ▕                  ▏ 153 MB/5.2 GB   13 MB/s   6m29s[K[?25h[?2026l[?2026h[?25l[A[1Gpulling manifest [K
pulling a3de86cd1c13:   3% ▕                  ▏ 154 MB/5.2 GB   13 MB/s   6m29s[K[?25h[?2026l[?2026h[?25l[A[1Gpulling manifest [K
pulling a3de86cd1c13:   3% ▕                  ▏ 155 MB/5.2 GB   13 MB/s   6m29s[K[?25h[?2026l[?2026h[?25l[A[1Gpulling manifest [K
pulling a3de86cd1c13:   3% ▕                  ▏ 158 MB/5.2 GB   13 MB/s   6m29s[K[?25h[?2026l[?2026h[?25l[A[1Gpulling manifest [K
pulling a3de86cd1c13:   3% ▕                  ▏ 158 MB/5.2 GB   13 MB/s   6m29s[K[?25h[?2026l[?2026h[?25l[A[1Gpulling manifest [K
pulling a3de86cd1c13:   3% ▕                  ▏ 160 MB/5.2 GB   13 MB/s   6m29s[K[?25h[?2026l[?2026h[?25l[A[1Gpulling manifest [K
pulling a3de86cd1c13:   3% ▕                  ▏ 162 MB/5.2 GB   13 MB/s   6m29s[K[?25h[?2026l[?2026h[?25l[A[1Gpulling manifest [K
pulling a3de86cd1c13:   3% ▕                  ▏ 163 MB/5.2 GB   13 MB/s   6m29s[K[?25h[?2026l[?2026h[?25l[A[1Gpulling manifest [K
pulling a3de86cd1c13:   3% ▕                  ▏ 166 MB/5.2 GB   13 MB/s   6m28s[K[?25h[?2026l[?2026h[?25l[A[1Gpulling manifest [K
pulling a3de86cd1c13:   3% ▕                  ▏ 167 MB/5.2 GB   13 MB/s   6m28s[K[?25h[?2026l[?2026h[?25l[A[1Gpulling manifest [K
pulling a3de86cd1c13:   3% ▕                  ▏ 167 MB/5.2 GB   13 MB/s   6m15s[K[?25h[?2026l[?2026h[?25l[A[1Gpulling manifest [K
pulling a3de86cd1c13:   3% ▕                  ▏ 170 MB/5.2 GB   13 MB/s   6m15s[K[?25h[?2026l[?2026h[?25l[A[1Gpulling manifest [K
pulling a3de86cd1c13:   3% ▕                  ▏ 171 MB/5.2 GB   13 MB/s   6m15s[K[?25h[?2026l[?2026h[?25l[A[1Gpulling manifest [K
pulling a3de86cd1c13:   3% ▕                  ▏ 172 MB/5.2 GB   13 MB/s   6m15s[K[?25h[?2026l[?2026h[?25l[A[1Gpulling manifest [K
pulling a3de86cd1c13:   3% ▕                  ▏ 174 MB/5.2 GB   13 MB/s   6m15s[K[?25h[?2026l[?2026h[?25l[A[1Gpulling manifest [K
pulling a3de86cd1c13:   3% ▕                  ▏ 175 MB/5.2 GB   13 MB/s   6m14s[K[?25h[?2026l[?2026h[?25l[A[1Gpulling manifest [K
pulling a3de86cd1c13:   3% ▕                  ▏ 176 MB/5.2 GB   13 MB/s   6m14s[K[?25h[?2026l[?2026h[?25l[A[1Gpulling manifest [K
pulling a3de86cd1c13:   3% ▕                  ▏ 178 MB/5.2 GB   13 MB/s   6m14s[K[?25h[?2026l[?2026h[?25l[A[1Gpulling manifest [K
pulling a3de86cd1c13:   3% ▕                  ▏ 180 MB/5.2 GB   13 MB/s   6m14s[K[?25h[?2026l[?2026h[?25l[A[1Gpulling manifest [K
pulling a3de86cd1c13:   3% ▕                  ▏ 181 MB/5.2 GB   13 MB/s   6m14s[K[?25h[?2026l[?2026h[?25l[A[1Gpulling manifest [K
pulling a3de86cd1c13:   4% ▕                  ▏ 183 MB/5.2 GB   13 MB/s    6m4s[K[?25h[?2026l[?2026h[?25l[A[1Gpulling manifest [K
pulling a3de86cd1c13:   4% ▕                  ▏ 185 MB/5.2 GB   13 MB/s    6m4s[K[?25h[?2026l[?2026h[?25l[A[1Gpulling manifest [K
pulling a3de86cd1c13:   4% ▕                  ▏ 187 MB/5.2 GB   13 MB/s    6m4s[K[?25h[?2026l[?2026h[?25l[A[1Gpulling manifest [K
pulling a3de86cd1c13:   4% ▕                  ▏ 188 MB/5.2 GB   13 MB/s    6m4s[K[?25h[?2026l[?2026h[?25l[A[1Gpulling manifest [K
pulling a3de86cd1c13:   4% ▕                  ▏ 191 MB/5.2 GB   13 MB/s    6m4s[K[?25h[?2026l[?2026h[?25l[A[1Gpulling manifest [K
pulling a3de86cd1c13:   4% ▕                  ▏ 192 MB/5.2 GB   13 MB/s    6m4s[K[?25h[?2026l[?2026h[?25l[A[1Gpulling manifest [K
pulling a3de86cd1c13:   4% ▕                  ▏ 194 MB/5.2 GB   13 MB/s    6m4s[K[?25h[?2026l[?2026h[?25l[A[1Gpulling manifest [K
pulling a3de86cd1c13:   4% ▕                  ▏ 196 MB/5.2 GB   13 MB/s    6m3s[K[?25h[?2026l[?2026h[?25l[A[1Gpulling manifest [K
pulling a3de86cd1c13:   4% ▕                  ▏ 197 MB/5.2 GB   13 MB/s    6m3s[K[?25h[?2026l[?2026h[?25l[A[1Gpulling manifest [K
pulling a3de86cd1c13:   4% ▕                  ▏ 198 MB/5.2 GB   13 MB/s    6m3s[K[?25h[?2026l[?2026h[?25l[A[1Gpulling manifest [K
pulling a3de86cd1c13:   4% ▕                  ▏ 200 MB/5.2 GB   14 MB/s   5m45s[K[?25h[?2026l[?2026h[?25l[A[1Gpulling manifest [K
pulling a3de86cd1c13:   4% ▕                  ▏ 202 MB/5.2 GB   14 MB/s   5m45s[K[?25h[?2026l[?2026h[?25l[A[1Gpulling manifest [K
pulling a3de86cd1c13:   4% ▕                  ▏ 203 MB/5.2 GB   14 MB/s   5m45s[K[?25h[?2026l[?2026h[?25l[A[1Gpulling manifest [K
pulling a3de86cd1c13:   4% ▕                  ▏ 206 MB/5.2 GB   14 MB/s   5m45s[K[?25h[?2026l[?2026h[?25l[A[1Gpulling manifest [K
pulling a3de86cd1c13:   4% ▕                  ▏ 206 MB/5.2 GB   14 MB/s   5m45s[K[?25h[?2026l[?2026h[?25l[A[1Gpulling manifest [K
pulling a3de86cd1c13:   4% ▕                  ▏ 208 MB/5.2 GB   14 MB/s   5m45s[K[?25h[?2026l[?2026h[?25l[A[1Gpulling manifest [K
pulling a3de86cd1c13:   4% ▕                  ▏ 211 MB/5.2 GB   14 MB/s   5m45s[K[?25h[?2026l[?2026h[?25l[A[1Gpulling manifest [K
pulling a3de86cd1c13:   4% ▕                  ▏ 212 MB/5.2 GB   14 MB/s   5m45s[K[?25h[?2026l[?2026h[?25l[A[1Gpulling manifest [K
pulling a3de86cd1c13:   4% ▕                  ▏ 213 MB/5.2 GB   14 MB/s   5m44s[K[?25h[?2026l[?2026h[?25l[A[1Gpulling manifest [K
pulling a3de86cd1c13:   4% ▕                  ▏ 215 MB/5.2 GB   14 MB/s   5m44s[K[?25h[?2026l[?2026h[?25l[A[1Gpulling manifest [K
pulling a3de86cd1c13:   4% ▕                  ▏ 217 MB/5.2 GB   14 MB/s   5m44s[K[?25h[?2026l[?2026h[?25l[A[1Gpulling manifest [K
pulling a3de86cd1c13:   4% ▕                  ▏ 218 MB/5.2 GB   15 MB/s   5m32s[K[?25h[?2026l[?2026h[?25l[A[1Gpulling manifest [K
pulling a3de86cd1c13:   4% ▕                  ▏ 221 MB/5.2 GB   15 MB/s   5m32s[K[?25h[?2026l[?2026h[?25l[A[1Gpulling manifest [K
pulling a3de86cd1c13:   4% ▕                  ▏ 222 MB/5.2 GB   15 MB/s   5m32s[K[?25h[?2026l[?2026h[?25l[A[1Gpulling manifest [K
pulling a3de86cd1c13:   4% ▕                  ▏ 223 MB/5.2 GB   15 MB/s   5m32s[K[?25h[?2026l[?2026h[?25l[A[1Gpulling manifest [K
pulling a3de86cd1c13:   4% ▕                  ▏ 225 MB/5.2 GB   15 MB/s   5m32s[K[?25h[?2026l[?2026h[?25l[A[1Gpulling manifest [K
pulling a3de86cd1c13:   4% ▕                  ▏ 226 MB/5.2 GB   15 MB/s   5m31s[K[?25h[?2026l[?2026h[?25l[A[1Gpulling manifest [K
pulling a3de86cd1c13:   4% ▕                  ▏ 228 MB/5.2 GB   15 MB/s   5m31s[K[?25h[?2026l[?2026h[?25l[A[1Gpulling manifest [K
pulling a3de86cd1c13:   4% ▕                  ▏ 230 MB/5.2 GB   15 MB/s   5m31s[K[?25h[?2026l[?2026h[?25l[A[1Gpulling manifest [K
pulling a3de86cd1c13:   4% ▕                  ▏ 232 MB/5.2 GB   15 MB/s   5m31s[K[?25h[?2026l[?2026h[?25l[A[1Gpulling manifest [K
pulling a3de86cd1c13:   4% ▕                  ▏ 234 MB/5.2 GB   15 MB/s   5m31s[K[?25h[?2026l[?2026h[?25l[A[1Gpulling manifest [K
pulling a3de86cd1c13:   5% ▕                  ▏ 235 MB/5.2 GB   15 MB/s   5m20s[K[?25h[?2026l[?2026h[?25l[A[1Gpulling manifest [K
pulling a3de86cd1c13:   5% ▕                  ▏ 236 MB/5.2 GB   15 MB/s   5m20s[K[?25h[?2026l[?2026h[?25l[A[1Gpulling manifest [K
pulling a3de86cd1c13:   5% ▕                  ▏ 238 MB/5.2 GB   15 MB/s   5m20s[K[?25h[?2026l[?2026h[?25l[A[1Gpulling manifest [K
pulling a3de86cd1c13:   5% ▕                  ▏ 241 MB/5.2 GB   15 MB/s   5m20s[K[?25h[?2026l[?2026h[?25l[A[1Gpulling manifest [K
pulling a3de86cd1c13:   5% ▕                  ▏ 242 MB/5.2 GB   15 MB/s   5m20s[K[?25h[?2026l[?2026h[?25l[A[1Gpulling manifest [K
pulling a3de86cd1c13:   5% ▕                  ▏ 243 MB/5.2 GB   15 MB/s   5m20s[K[?25h[?2026l[?2026h[?25l[A[1Gpulling manifest [K
pulling a3de86cd1c13:   5% ▕                  ▏ 245 MB/5.2 GB   15 MB/s   5m19s[K[?25h[?2026l[?2026h[?25l[A[1Gpulling manifest [K
pulling a3de86cd1c13:   5% ▕                  ▏ 247 MB/5.2 GB   15 MB/s   5m19s[K[?25h[?2026l[?2026h[?25l[A[1Gpulling manifest [K
pulling a3de86cd1c13:   5% ▕                  ▏ 249 MB/5.2 GB   15 MB/s   5m19s[K[?25h[?2026l[?2026h[?25l[A[1Gpulling manifest [K
pulling a3de86cd1c13:   5% ▕                  ▏ 251 MB/5.2 GB   15 MB/s   5m19s[K[?25h[?2026l[?2026h[?25l[A[1Gpulling manifest [K
pulling a3de86cd1c13:   5% ▕                  ▏ 252 MB/5.2 GB   16 MB/s    5m8s[K[?25h[?2026l[?2026h[?25l[A[1Gpulling manifest [K
pulling a3de86cd1c13:   5% ▕                  ▏ 254 MB/5.2 GB   16 MB/s    5m8s[K[?25h[?2026l[?2026h[?25l[A[1Gpulling manifest [K
pulling a3de86cd1c13:   5% ▕                  ▏ 256 MB/5.2 GB   16 MB/s    5m8s[K[?25h[?2026l[?2026h[?25l[A[1Gpulling manifest [K
pulling a3de86cd1c13:   5% ▕                  ▏ 256 MB/5.2 GB   16 MB/s    5m8s[K[?25h[?2026l[?2026h[?25l[A[1Gpulling manifest [K
pulling a3de86cd1c13:   5% ▕                  ▏ 258 MB/5.2 GB   16 MB/s    5m8s[K[?25h[?2026l[?2026h[?25l[A[1Gpulling manifest [K
pulling a3de86cd1c13:   5% ▕                  ▏ 260 MB/5.2 GB   16 MB/s    5m8s[K[?25h[?2026l[?2026h[?25l[A[1Gpulling manifest [K
pulling a3de86cd1c13:   5% ▕                  ▏ 262 MB/5.2 GB   16 MB/s    5m7s[K[?25h[?2026l[?2026h[?25l[A[1Gpulling manifest [K
pulling a3de86cd1c13:   5% ▕                  ▏ 264 MB/5.2 GB   16 MB/s    5m7s[K[?25h[?2026l[?2026h[?25l[A[1Gpulling manifest [K
pulling a3de86cd1c13:   5% ▕                  ▏ 267 MB/5.2 GB   16 MB/s    5m7s[K[?25h[?2026l[?2026h[?25l[A[1Gpulling manifest [K
pulling a3de86cd1c13:   5% ▕                  ▏ 268 MB/5.2 GB   16 MB/s    5m7s[K[?25h[?2026l[?2026h[?25l[A[1Gpulling manifest [K
pulling a3de86cd1c13:   5% ▕                  ▏ 270 MB/5.2 GB   16 MB/s   4m59s[K[?25h[?2026l[?2026h[?25l[A[1Gpulling manifest [K
pulling a3de86cd1c13:   5% ▕                  ▏ 272 MB/5.2 GB   16 MB/s   4m59s[K[?25h[?2026l[?2026h[?25l[A[1Gpulling manifest [K
pulling a3de86cd1c13:   5% ▕                  ▏ 273 MB/5.2 GB   16 MB/s   4m59s[K[?25h[?2026l[?2026h[?25l[A[1Gpulling manifest [K
pulling a3de86cd1c13:   5% ▕                  ▏ 275 MB/5.2 GB   16 MB/s   4m59s[K[?25h[?2026l[?2026h[?25l[A[1Gpulling manifest [K
pulling a3de86cd1c13:   5% ▕                  ▏ 277 MB/5.2 GB   16 MB/s   4m59s[K[?25h[?2026l[?2026h[?25l[A[1Gpulling manifest [K
pulling a3de86cd1c13:   5% ▕                  ▏ 278 MB/5.2 GB   16 MB/s   4m59s[K[?25h[?2026l[?2026h[?25l[A[1Gpulling manifest [K
pulling a3de86cd1c13:   5% ▕                  ▏ 280 MB/5.2 GB   16 MB/s   4m59s[K[?25h[?2026l[?2026h[?25l[A[1Gpulling manifest [K
pulling a3de86cd1c13:   5% ▕                  ▏ 282 MB/5.2 GB   16 MB/s   4m59s[K[?25h[?2026l[?2026h[?25l[A[1Gpulling manifest [K
pulling a3de86cd1c13:   5% ▕                  ▏ 283 MB/5.2 GB   16 MB/s   4m58s[K[?25h[?2026l[?2026h[?25l[A[1Gpulling manifest [K
pulling a3de86cd1c13:   5% ▕                  ▏ 285 MB/5.2 GB   16 MB/s   4m58s[K[?25h[?2026l[?2026h[?25l[A[1Gpulling manifest [K
pulling a3de86cd1c13:   6% ▕                  ▏ 288 MB/5.2 GB   16 MB/s   4m53s[K[?25h[?2026l[?2026h[?25l[A[1Gpulling manifest [K
pulling a3de86cd1c13:   6% ▕                  ▏ 288 MB/5.2 GB   16 MB/s   4m53s[K[?25h[?2026l[?2026h[?25l[A[1Gpulling manifest [K
pulling a3de86cd1c13:   6% ▕█                 ▏ 290 MB/5.2 GB   16 MB/s   4m53s[K[?25h[?2026l[?2026h[?25l[A[1Gpulling manifest [K
pulling a3de86cd1c13:   6% ▕█                 ▏ 292 MB/5.2 GB   16 MB/s   4m53s[K[?25h[?2026l[?2026h[?25l[A[1Gpulling manifest [K
pulling a3de86cd1c13:   6% ▕█                 ▏ 293 MB/5.2 GB   16 MB/s   4m53s[K[?25h[?2026l[?2026h[?25l[A[1Gpulling manifest [K
pulling a3de86cd1c13:   6% ▕█                 ▏ 295 MB/5.2 GB   16 MB/s   4m53s[K[?25h[?2026l[?2026h[?25l[A[1Gpulling manifest [K
pulling a3de86cd1c13:   6% ▕█                 ▏ 297 MB/5.2 GB   16 MB/s   4m53s[K[?25h[?2026l[?2026h[?25l[A[1Gpulling manifest [K
pulling a3de86cd1c13:   6% ▕█                 ▏ 298 MB/5.2 GB   16 MB/s   4m53s[K[?25h[?2026l[?2026h[?25l[A[1Gpulling manifest [K
pulling a3de86cd1c13:   6% ▕█                 ▏ 300 MB/5.2 GB   16 MB/s   4m53s[K[?25h[?2026l[?2026h[?25l[A[1Gpulling manifest [K
pulling a3de86cd1c13:   6% ▕█                 ▏ 302 MB/5.2 GB   16 MB/s   4m52s[K[?25h[?2026l[?2026h[?25l[A[1Gpulling manifest [K
pulling a3de86cd1c13:   6% ▕█                 ▏ 303 MB/5.2 GB   16 MB/s   4m52s[K[?25h[?2026l[?2026h[?25l[A[1Gpulling manifest [K
pulling a3de86cd1c13:   6% ▕█                 ▏ 305 MB/5.2 GB   16 MB/s   4m51s[K[?25h[?2026l[?2026h[?25l[A[1Gpulling manifest [K
pulling a3de86cd1c13:   6% ▕█                 ▏ 307 MB/5.2 GB   16 MB/s   4m51s[K[?25h[?2026l[?2026h[?25l[A[1Gpulling manifest [K
pulling a3de86cd1c13:   6% ▕█                 ▏ 308 MB/5.2 GB   16 MB/s   4m51s[K[?25h[?2026l[?2026h[?25l[A[1Gpulling manifest [K
pulling a3de86cd1c13:   6% ▕█                 ▏ 309 MB/5.2 GB   16 MB/s   4m51s[K[?25h[?2026l[?2026h[?25l[A[1Gpulling manifest [K
pulling a3de86cd1c13:   6% ▕█                 ▏ 311 MB/5.2 GB   16 MB/s   4m51s[K[?25h[?2026l[?2026h[?25l[A[1Gpulling manifest [K
pulling a3de86cd1c13:   6% ▕█                 ▏ 312 MB/5.2 GB   16 MB/s   4m51s[K[?25h[?2026l[?2026h[?25l[A[1Gpulling manifest [K
pulling a3de86cd1c13:   6% ▕█                 ▏ 314 MB/5.2 GB   16 MB/s   4m50s[K[?25h[?2026l[?2026h[?25l[A[1Gpulling manifest [K
pulling a3de86cd1c13:   6% ▕█                 ▏ 316 MB/5.2 GB   16 MB/s   4m50s[K[?25h[?2026l[?2026h[?25l[A[1Gpulling manifest [K
pulling a3de86cd1c13:   6% ▕█                 ▏ 317 MB/5.2 GB   16 MB/s   4m50s[K[?25h[?2026l[?2026h[?25l[A[1Gpulling manifest [K
pulling a3de86cd1c13:   6% ▕█                 ▏ 319 MB/5.2 GB   16 MB/s   4m50s[K[?25h[?2026l[?2026h[?25l[A[1Gpulling manifest [K
pulling a3de86cd1c13:   6% ▕█                 ▏ 321 MB/5.2 GB   16 MB/s   4m49s[K[?25h[?2026l[?2026h[?25l[A[1Gpulling manifest [K
pulling a3de86cd1c13:   6% ▕█                 ▏ 322 MB/5.2 GB   16 MB/s   4m49s[K[?25h[?2026l[?2026h[?25l[A[1Gpulling manifest [K
pulling a3de86cd1c13:   6% ▕█                 ▏ 323 MB/5.2 GB   16 MB/s   4m49s[K[?25h[?2026l[?2026h[?25l[A[1Gpulling manifest [K
pulling a3de86cd1c13:   6% ▕█                 ▏ 326 MB/5.2 GB   16 MB/s   4m49s[K[?25h[?2026l[?2026h[?25l[A[1Gpulling manifest [K
pulling a3de86cd1c13:   6% ▕█                 ▏ 326 MB/5.2 GB   16 MB/s   4m49s[K[?25h[?2026l[?2026h[?25l[A[1Gpulling manifest [K
pulling a3de86cd1c13:   6% ▕█                 ▏ 328 MB/5.2 GB   16 MB/s   4m49s[K[?25h[?2026l[?2026h[?25l[A[1Gpulling manifest [K
pulling a3de86cd1c13:   6% ▕█                 ▏ 329 MB/5.2 GB   16 MB/s   4m49s[K[?25h[?2026l[?2026h[?25l[A[1Gpulling manifest [K
pulling a3de86cd1c13:   6% ▕█                 ▏ 330 MB/5.2 GB   16 MB/s   4m49s[K[?25h[?2026l[?2026h[?25l[A[1Gpulling manifest [K
pulling a3de86cd1c13:   6% ▕█                 ▏ 332 MB/5.2 GB   16 MB/s   4m48s[K[?25h[?2026l[?2026h[?25l[A[1Gpulling manifest [K
pulling a3de86cd1c13:   6% ▕█                 ▏ 334 MB/5.2 GB   16 MB/s   4m48s[K[?25h[?2026l[?2026h[?25l[A[1Gpulling manifest [K
pulling a3de86cd1c13:   6% ▕█                 ▏ 335 MB/5.2 GB   16 MB/s   4m50s[K[?25h[?2026l[?2026h[?25l[A[1Gpulling manifest [K
pulling a3de86cd1c13:   6% ▕█                 ▏ 337 MB/5.2 GB   16 MB/s   4m50s[K[?25h[?2026l[?2026h[?25l[A[1Gpulling manifest [K
pulling a3de86cd1c13:   6% ▕█                 ▏ 338 MB/5.2 GB   16 MB/s   4m50s[K[?25h[?2026l[?2026h[?25l[A[1Gpulling manifest [K
pulling a3de86cd1c13:   7% ▕█                 ▏ 339 MB/5.2 GB   16 MB/s   4m50s[K[?25h[?2026l[?2026h[?25l[A[1Gpulling manifest [K
pulling a3de86cd1c13:   7% ▕█                 ▏ 342 MB/5.2 GB   16 MB/s   4m50s[K[?25h[?2026l[?2026h[?25l[A[1Gpulling manifest [K
pulling a3de86cd1c13:   7% ▕█                 ▏ 343 MB/5.2 GB   16 MB/s   4m50s[K[?25h[?2026l[?2026h[?25l[A[1Gpulling manifest [K
pulling a3de86cd1c13:   7% ▕█                 ▏ 344 MB/5.2 GB   16 MB/s   4m50s[K[?25h[?2026l[?2026h[?25l[A[1Gpulling manifest [K
pulling a3de86cd1c13:   7% ▕█                 ▏ 344 MB/5.2 GB   16 MB/s   4m50s[K[?25h[?2026l[?2026h[?25l[A[1Gpulling manifest [K
pulling a3de86cd1c13:   7% ▕█                 ▏ 346 MB/5.2 GB   16 MB/s   4m50s[K[?25h[?2026l[?2026h[?25l[A[1Gpulling manifest [K
pulling a3de86cd1c13:   7% ▕█                 ▏ 348 MB/5.2 GB   16 MB/s   4m50s[K[?25h[?2026l[?2026h[?25l[A[1Gpulling manifest [K
pulling a3de86cd1c13:   7% ▕█                 ▏ 350 MB/5.2 GB   16 MB/s   4m53s[K[?25h[?2026l[?2026h[?25l[A[1Gpulling manifest [K
pulling a3de86cd1c13:   7% ▕█                 ▏ 352 MB/5.2 GB   16 MB/s   4m53s[K[?25h[?2026l[?2026h[?25l[A[1Gpulling manifest [K
pulling a3de86cd1c13:   7% ▕█                 ▏ 353 MB/5.2 GB   16 MB/s   4m53s[K[?25h[?2026l[?2026h[?25l[A[1Gpulling manifest [K
pulling a3de86cd1c13:   7% ▕█                 ▏ 354 MB/5.2 GB   16 MB/s   4m53s[K[?25h[?2026l[?2026h[?25l[A[1Gpulling manifest [K
pulling a3de86cd1c13:   7% ▕█                 ▏ 356 MB/5.2 GB   16 MB/s   4m53s[K[?25h[?2026l[?2026h[?25l[A[1Gpulling manifest [K
pulling a3de86cd1c13:   7% ▕█                 ▏ 357 MB/5.2 GB   16 MB/s   4m53s[K[?25h[?2026l[?2026h[?25l[A[1Gpulling manifest [K
pulling a3de86cd1c13:   7% ▕█                 ▏ 359 MB/5.2 GB   16 MB/s   4m53s[K[?25h[?2026l[?2026h[?25l[A[1Gpulling manifest [K
pulling a3de86cd1c13:   7% ▕█                 ▏ 361 MB/5.2 GB   16 MB/s   4m53s[K[?25h[?2026l[?2026h[?25l[A[1Gpulling manifest [K
pulling a3de86cd1c13:   7% ▕█                 ▏ 362 MB/5.2 GB   16 MB/s   4m53s[K[?25h[?2026l[?2026h[?25l[A[1Gpulling manifest [K
pulling a3de86cd1c13:   7% ▕█                 ▏ 363 MB/5.2 GB   16 MB/s   4m53s[K[?25h[?2026l[?2026h[?25l[A[1Gpulling manifest [K
pulling a3de86cd1c13:   7% ▕█                 ▏ 365 MB/5.2 GB   16 MB/s   4m54s[K[?25h[?2026l[?2026h[?25l[A[1Gpulling manifest [K
pulling a3de86cd1c13:   7% ▕█                 ▏ 366 MB/5.2 GB   16 MB/s   4m54s[K[?25h[?2026l[?2026h[?25l[A[1Gpulling manifest [K
pulling a3de86cd1c13:   7% ▕█                 ▏ 368 MB/5.2 GB   16 MB/s   4m54s[K[?25h[?2026l[?2026h[?25l[A[1Gpulling manifest [K
pulling a3de86cd1c13:   7% ▕█                 ▏ 370 MB/5.2 GB   16 MB/s   4m54s[K[?25h[?2026l[?2026h[?25l[A[1Gpulling manifest [K
pulling a3de86cd1c13:   7% ▕█                 ▏ 371 MB/5.2 GB   16 MB/s   4m54s[K[?25h[?2026l[?2026h[?25l[A[1Gpulling manifest [K
pulling a3de86cd1c13:   7% ▕█                 ▏ 372 MB/5.2 GB   16 MB/s   4m54s[K[?25h[?2026l[?2026h[?25l[A[1Gpulling manifest [K
pulling a3de86cd1c13:   7% ▕█                 ▏ 375 MB/5.2 GB   16 MB/s   4m54s[K[?25h[?2026l[?2026h[?25l[A[1Gpulling manifest [K
pulling a3de86cd1c13:   7% ▕█                 ▏ 375 MB/5.2 GB   16 MB/s   4m54s[K[?25h[?2026l[?2026h[?25l[A[1Gpulling manifest [K
pulling a3de86cd1c13:   7% ▕█                 ▏ 377 MB/5.2 GB   16 MB/s   4m54s[K[?25h[?2026l[?2026h[?25l[A[1Gpulling manifest [K
pulling a3de86cd1c13:   7% ▕█                 ▏ 379 MB/5.2 GB   16 MB/s   4m53s[K[?25h[?2026l[?2026h[?25l[A[1Gpulling manifest [K
pulling a3de86cd1c13:   7% ▕█                 ▏ 380 MB/5.2 GB   16 MB/s   4m53s[K[?25h[?2026l[?2026h[?25l[A[1Gpulling manifest [K
pulling a3de86cd1c13:   7% ▕█                 ▏ 382 MB/5.2 GB   16 MB/s   4m59s[K[?25h[?2026l[?2026h[?25l[A[1Gpulling manifest [K
pulling a3de86cd1c13:   7% ▕█                 ▏ 384 MB/5.2 GB   16 MB/s   4m59s[K[?25h[?2026l[?2026h[?25l[A[1Gpulling manifest [K
pulling a3de86cd1c13:   7% ▕█                 ▏ 385 MB/5.2 GB   16 MB/s   4m59s[K[?25h[?2026l[?2026h[?25l[A[1Gpulling manifest [K
pulling a3de86cd1c13:   7% ▕█                 ▏ 387 MB/5.2 GB   16 MB/s   4m59s[K[?25h[?2026l[?2026h[?25l[A[1Gpulling manifest [K
pulling a3de86cd1c13:   7% ▕█                 ▏ 388 MB/5.2 GB   16 MB/s   4m58s[K[?25h[?2026l[?2026h[?25l[A[1Gpulling manifest [K
pulling a3de86cd1c13:   7% ▕█                 ▏ 389 MB/5.2 GB   16 MB/s   4m58s[K[?25h[?2026l[?2026h[?25l[A[1Gpulling manifest [K
pulling a3de86cd1c13:   7% ▕█                 ▏ 391 MB/5.2 GB   16 MB/s   4m58s[K[?25h[?2026l[?2026h[?25l[A[1Gpulling manifest [K
pulling a3de86cd1c13:   8% ▕█                 ▏ 393 MB/5.2 GB   16 MB/s   4m58s[K[?25h[?2026l[?2026h[?25l[A[1Gpulling manifest [K
pulling a3de86cd1c13:   8% ▕█                 ▏ 394 MB/5.2 GB   16 MB/s   4m58s[K[?25h[?2026l[?2026h[?25l[A[1Gpulling manifest [K
pulling a3de86cd1c13:   8% ▕█                 ▏ 397 MB/5.2 GB   16 MB/s   4m58s[K[?25h[?2026l[?2026h[?25l[A[1Gpulling manifest [K
pulling a3de86cd1c13:   8% ▕█                 ▏ 398 MB/5.2 GB   16 MB/s   4m59s[K[?25h[?2026l[?2026h[?25l[A[1Gpulling manifest [K
pulling a3de86cd1c13:   8% ▕█                 ▏ 399 MB/5.2 GB   16 MB/s   4m59s[K[?25h[?2026l[?2026h[?25l[A[1Gpulling manifest [K
pulling a3de86cd1c13:   8% ▕█                 ▏ 401 MB/5.2 GB   16 MB/s   4m59s[K[?25h[?2026l[?2026h[?25l[A[1Gpulling manifest [K
pulling a3de86cd1c13:   8% ▕█                 ▏ 402 MB/5.2 GB   16 MB/s   4m59s[K[?25h[?2026l[?2026h[?25l[A[1Gpulling manifest [K
pulling a3de86cd1c13:   8% ▕█                 ▏ 402 MB/5.2 GB   16 MB/s   4m58s[K[?25h[?2026l[?2026h[?25l[A[1Gpulling manifest [K
pulling a3de86cd1c13:   8% ▕█                 ▏ 404 MB/5.2 GB   16 MB/s   4m58s[K[?25h[?2026l[?2026h[?25l[A[1Gpulling manifest [K
pulling a3de86cd1c13:   8% ▕█                 ▏ 407 MB/5.2 GB   16 MB/s   4m58s[K[?25h[?2026l[?2026h[?25l[A[1Gpulling manifest [K
pulling a3de86cd1c13:   8% ▕█                 ▏ 407 MB/5.2 GB   16 MB/s   4m58s[K[?25h[?2026l[?2026h[?25l[A[1Gpulling manifest [K
pulling a3de86cd1c13:   8% ▕█                 ▏ 408 MB/5.2 GB   16 MB/s   4m58s[K[?25h[?2026l[?2026h[?25l[A[1Gpulling manifest [K
pulling a3de86cd1c13:   8% ▕█                 ▏ 412 MB/5.2 GB   16 MB/s   4m58s[K[?25h[?2026l[?2026h[?25l[A[1Gpulling manifest [K
pulling a3de86cd1c13:   8% ▕█                 ▏ 412 MB/5.2 GB   15 MB/s    5m4s[K[?25h[?2026l[?2026h[?25l[A[1Gpulling manifest [K
pulling a3de86cd1c13:   8% ▕█                 ▏ 414 MB/5.2 GB   15 MB/s    5m4s[K[?25h[?2026l[?2026h[?25l[A[1Gpulling manifest [K
pulling a3de86cd1c13:   8% ▕█                 ▏ 416 MB/5.2 GB   15 MB/s    5m4s[K[?25h[?2026l[?2026h[?25l[A[1Gpulling manifest [K
pulling a3de86cd1c13:   8% ▕█                 ▏ 417 MB/5.2 GB   15 MB/s    5m4s[K[?25h[?2026l[?2026h[?25l[A[1Gpulling manifest [K
pulling a3de86cd1c13:   8% ▕█                 ▏ 419 MB/5.2 GB   15 MB/s    5m4s[K[?25h[?2026l[?2026h[?25l[A[1Gpulling manifest [K
pulling a3de86cd1c13:   8% ▕█                 ▏ 423 MB/5.2 GB   15 MB/s    5m3s[K[?25h[?2026l[?2026h[?25l[A[1Gpulling manifest [K
pulling a3de86cd1c13:   8% ▕█                 ▏ 423 MB/5.2 GB   15 MB/s    5m3s[K[?25h[?2026l[?2026h[?25l[A[1Gpulling manifest [K
pulling a3de86cd1c13:   8% ▕█                 ▏ 426 MB/5.2 GB   15 MB/s    5m3s[K[?25h[?2026l[?2026h[?25l[A[1Gpulling manifest [K
pulling a3de86cd1c13:   8% ▕█                 ▏ 427 MB/5.2 GB   15 MB/s    5m3s[K[?25h[?2026l[?2026h[?25l[A[1Gpulling manifest [K
pulling a3de86cd1c13:   8% ▕█                 ▏ 428 MB/5.2 GB   15 MB/s    5m3s[K[?25h[?2026l[?2026h[?25l[A[1Gpulling manifest [K
pulling a3de86cd1c13:   8% ▕█                 ▏ 429 MB/5.2 GB   15 MB/s    5m4s[K[?25h[?2026l[?2026h[?25l[A[1Gpulling manifest [K
pulling a3de86cd1c13:   8% ▕█                 ▏ 431 MB/5.2 GB   15 MB/s    5m4s[K[?25h[?2026l[?2026h[?25l[A[1Gpulling manifest [K
pulling a3de86cd1c13:   8% ▕█                 ▏ 432 MB/5.2 GB   15 MB/s    5m4s[K[?25h[?2026l[?2026h[?25l[A[1Gpulling manifest [K
pulling a3de86cd1c13:   8% ▕█                 ▏ 435 MB/5.2 GB   15 MB/s    5m4s[K[?25h[?2026l[?2026h[?25l[A[1Gpulling manifest [K
pulling a3de86cd1c13:   8% ▕█                 ▏ 436 MB/5.2 GB   15 MB/s    5m4s[K[?25h[?2026l[?2026h[?25l[A[1Gpulling manifest [K
pulling a3de86cd1c13:   8% ▕█                 ▏ 437 MB/5.2 GB   15 MB/s    5m4s[K[?25h[?2026l[?2026h[?25l[A[1Gpulling manifest [K
pulling a3de86cd1c13:   8% ▕█                 ▏ 440 MB/5.2 GB   15 MB/s    5m3s[K[?25h[?2026l[?2026h[?25l[A[1Gpulling manifest [K
pulling a3de86cd1c13:   8% ▕█                 ▏ 442 MB/5.2 GB   15 MB/s    5m3s[K[?25h[?2026l[?2026h[?25l[A[1Gpulling manifest [K
pulling a3de86cd1c13:   8% ▕█                 ▏ 443 MB/5.2 GB   15 MB/s    5m3s[K[?25h[?2026l[?2026h[?25l[A[1Gpulling manifest [K
pulling a3de86cd1c13:   9% ▕█                 ▏ 445 MB/5.2 GB   15 MB/s    5m3s[K[?25h[?2026l[?2026h[?25l[A[1Gpulling manifest [K
pulling a3de86cd1c13:   9% ▕█                 ▏ 447 MB/5.2 GB   15 MB/s    5m0s[K[?25h[?2026l[?2026h[?25l[A[1Gpulling manifest [K
pulling a3de86cd1c13:   9% ▕█                 ▏ 449 MB/5.2 GB   15 MB/s    5m0s[K[?25h[?2026l[?2026h[?25l[A[1Gpulling manifest [K
pulling a3de86cd1c13:   9% ▕█                 ▏ 451 MB/5.2 GB   15 MB/s    5m0s[K[?25h[?2026l[?2026h[?25l[A[1Gpulling manifest [K
pulling a3de86cd1c13:   9% ▕█                 ▏ 453 MB/5.2 GB   15 MB/s    5m0s[K[?25h[?2026l[?2026h[?25l[A[1Gpulling manifest [K
pulling a3de86cd1c13:   9% ▕█                 ▏ 454 MB/5.2 GB   15 MB/s    5m0s[K[?25h[?2026l[?2026h[?25l[A[1Gpulling manifest [K
pulling a3de86cd1c13:   9% ▕█                 ▏ 455 MB/5.2 GB   15 MB/s    5m0s[K[?25h[?2026l[?2026h[?25l[A[1Gpulling manifest [K
pulling a3de86cd1c13:   9% ▕█                 ▏ 457 MB/5.2 GB   15 MB/s   4m59s[K[?25h[?2026l[?2026h[?25l[A[1Gpulling manifest [K
pulling a3de86cd1c13:   9% ▕█                 ▏ 459 MB/5.2 GB   15 MB/s   4m59s[K[?25h[?2026l[?2026h[?25l[A[1Gpulling manifest [K
pulling a3de86cd1c13:   9% ▕█                 ▏ 460 MB/5.2 GB   15 MB/s   4m59s[K[?25h[?2026l[?2026h[?25l[A[1Gpulling manifest [K
pulling a3de86cd1c13:   9% ▕█                 ▏ 462 MB/5.2 GB   15 MB/s   4m59s[K[?25h[?2026l[?2026h[?25l[A[1Gpulling manifest [K
pulling a3de86cd1c13:   9% ▕█                 ▏ 464 MB/5.2 GB   15 MB/s   4m59s[K[?25h[?2026l[?2026h[?25l[A[1Gpulling manifest [K
pulling a3de86cd1c13:   9% ▕█                 ▏ 466 MB/5.2 GB   16 MB/s   4m54s[K[?25h[?2026l[?2026h[?25l[A[1Gpulling manifest [K
pulling a3de86cd1c13:   9% ▕█                 ▏ 467 MB/5.2 GB   16 MB/s   4m54s[K[?25h[?2026l[?2026h[?25l[A[1Gpulling manifest [K
pulling a3de86cd1c13:   9% ▕█                 ▏ 469 MB/5.2 GB   16 MB/s   4m54s[K[?25h[?2026l[?2026h[?25l[A[1Gpulling manifest [K
pulling a3de86cd1c13:   9% ▕█                 ▏ 472 MB/5.2 GB   16 MB/s   4m54s[K[?25h[?2026l[?2026h[?25l[A[1Gpulling manifest [K
pulling a3de86cd1c13:   9% ▕█                 ▏ 473 MB/5.2 GB   16 MB/s   4m53s[K[?25h[?2026l[?2026h[?25l[A[1Gpulling manifest [K
pulling a3de86cd1c13:   9% ▕█                 ▏ 474 MB/5.2 GB   16 MB/s   4m53s[K[?25h[?2026l[?2026h[?25l[A[1Gpulling manifest [K
pulling a3de86cd1c13:   9% ▕█                 ▏ 476 MB/5.2 GB   16 MB/s   4m53s[K[?25h[?2026l[?2026h[?25l[A[1Gpulling manifest [K
pulling a3de86cd1c13:   9% ▕█                 ▏ 478 MB/5.2 GB   16 MB/s   4m53s[K[?25h[?2026l[?2026h[?25l[A[1Gpulling manifest [K
pulling a3de86cd1c13:   9% ▕█                 ▏ 479 MB/5.2 GB   16 MB/s   4m53s[K[?25h[?2026l[?2026h[?25l[A[1Gpulling manifest [K
pulling a3de86cd1c13:   9% ▕█                 ▏ 481 MB/5.2 GB   16 MB/s   4m53s[K[?25h[?2026l[?2026h[?25l[A[1Gpulling manifest [K
pulling a3de86cd1c13:   9% ▕█                 ▏ 483 MB/5.2 GB   16 MB/s   4m49s[K[?25h[?2026l[?2026h[?25l[A[1Gpulling manifest [K
pulling a3de86cd1c13:   9% ▕█                 ▏ 484 MB/5.2 GB   16 MB/s   4m49s[K[?25h[?2026l[?2026h[?25l[A[1Gpulling manifest [K
pulling a3de86cd1c13:   9% ▕█                 ▏ 486 MB/5.2 GB   16 MB/s   4m49s[K[?25h[?2026l[?2026h[?25l[A[1Gpulling manifest [K
pulling a3de86cd1c13:   9% ▕█                 ▏ 488 MB/5.2 GB   16 MB/s   4m49s[K[?25h[?2026l[?2026h[?25l[A[1Gpulling manifest [K
pulling a3de86cd1c13:   9% ▕█                 ▏ 490 MB/5.2 GB   16 MB/s   4m49s[K[?25h[?2026l[?2026h[?25l[A[1Gpulling manifest [K
pulling a3de86cd1c13:   9% ▕█                 ▏ 492 MB/5.2 GB   16 MB/s   4m49s[K[?25h[?2026l[?2026h[?25l[A[1Gpulling manifest [K
pulling a3de86cd1c13:   9% ▕█                 ▏ 494 MB/5.2 GB   16 MB/s   4m48s[K[?25h[?2026l[?2026h[?25l[A[1Gpulling manifest [K
pulling a3de86cd1c13:   9% ▕█                 ▏ 495 MB/5.2 GB   16 MB/s   4m48s[K[?25h[?2026l[?2026h[?25l[A[1Gpulling manifest [K
pulling a3de86cd1c13:  10% ▕█                 ▏ 497 MB/5.2 GB   16 MB/s   4m48s[K[?25h[?2026l[?2026h[?25l[A[1Gpulling manifest [K
pulling a3de86cd1c13:  10% ▕█                 ▏ 499 MB/5.2 GB   16 MB/s   4m48s[K[?25h[?2026l[?2026h[?25l[A[1Gpulling manifest [K
pulling a3de86cd1c13:  10% ▕█                 ▏ 500 MB/5.2 GB   16 MB/s   4m42s[K[?25h[?2026l[?2026h[?25l[A[1Gpulling manifest [K
pulling a3de86cd1c13:  10% ▕█                 ▏ 502 MB/5.2 GB   16 MB/s   4m42s[K[?25h[?2026l[?2026h[?25l[A[1Gpulling manifest [K
pulling a3de86cd1c13:  10% ▕█                 ▏ 504 MB/5.2 GB   16 MB/s   4m42s[K[?25h[?2026l[?2026h[?25l[A[1Gpulling manifest [K
pulling a3de86cd1c13:  10% ▕█                 ▏ 505 MB/5.2 GB   16 MB/s   4m42s[K[?25h[?2026l[?2026h[?25l[A[1Gpulling manifest [K
pulling a3de86cd1c13:  10% ▕█                 ▏ 507 MB/5.2 GB   16 MB/s   4m42s[K[?25h[?2026l[?2026h[?25l[A[1Gpulling manifest [K
pulling a3de86cd1c13:  10% ▕█                 ▏ 508 MB/5.2 GB   16 MB/s   4m42s[K[?25h[?2026l[?2026h[?25l[A[1Gpulling manifest [K
pulling a3de86cd1c13:  10% ▕█                 ▏ 509 MB/5.2 GB   16 MB/s   4m42s[K[?25h[?2026l[?2026h[?25l[A[1Gpulling manifest [K
pulling a3de86cd1c13:  10% ▕█                 ▏ 510 MB/5.2 GB   16 MB/s   4m42s[K[?25h[?2026l[?2026h[?25l[A[1Gpulling manifest [K
pulling a3de86cd1c13:  10% ▕█                 ▏ 514 MB/5.2 GB   16 MB/s   4m41s[K[?25h[?2026l[?2026h[?25l[A[1Gpulling manifest [K
pulling a3de86cd1c13:  10% ▕█                 ▏ 515 MB/5.2 GB   16 MB/s   4m41s[K[?25h[?2026l[?2026h[?25l[A[1Gpulling manifest [K
pulling a3de86cd1c13:  10% ▕█                 ▏ 517 MB/5.2 GB   16 MB/s   4m40s[K[?25h[?2026l[?2026h[?25l[A[1Gpulling manifest [K
pulling a3de86cd1c13:  10% ▕█                 ▏ 519 MB/5.2 GB   16 MB/s   4m40s[K[?25h[?2026l[?2026h[?25l[A[1Gpulling manifest [K
pulling a3de86cd1c13:  10% ▕█                 ▏ 519 MB/5.2 GB   16 MB/s   4m40s[K[?25h[?2026l[?2026h[?25l[A[1Gpulling manifest [K
pulling a3de86cd1c13:  10% ▕█                 ▏ 521 MB/5.2 GB   16 MB/s   4m40s[K[?25h[?2026l[?2026h[?25l[A[1Gpulling manifest [K
pulling a3de86cd1c13:  10% ▕█                 ▏ 522 MB/5.2 GB   16 MB/s   4m40s[K[?25h[?2026l[?2026h[?25l[A[1Gpulling manifest [K
pulling a3de86cd1c13:  10% ▕█                 ▏ 524 MB/5.2 GB   16 MB/s   4m40s[K[?25h[?2026l[?2026h[?25l[A[1Gpulling manifest [K
pulling a3de86cd1c13:  10% ▕█                 ▏ 526 MB/5.2 GB   16 MB/s   4m39s[K[?25h[?2026l[?2026h[?25l[A[1Gpulling manifest [K
pulling a3de86cd1c13:  10% ▕█                 ▏ 527 MB/5.2 GB   16 MB/s   4m39s[K[?25h[?2026l[?2026h[?25l[A[1Gpulling manifest [K
pulling a3de86cd1c13:  10% ▕█                 ▏ 528 MB/5.2 GB   16 MB/s   4m39s[K[?25h[?2026l[?2026h[?25l[A[1Gpulling manifest [K
pulling a3de86cd1c13:  10% ▕█                 ▏ 530 MB/5.2 GB   16 MB/s   4m39s[K[?25h[?2026l[?2026h[?25l[A[1Gpulling manifest [K
pulling a3de86cd1c13:  10% ▕█                 ▏ 533 MB/5.2 GB   16 MB/s   4m37s[K[?25h[?2026l[?2026h[?25l[A[1Gpulling manifest [K
pulling a3de86cd1c13:  10% ▕█                 ▏ 534 MB/5.2 GB   16 MB/s   4m37s[K[?25h[?2026l[?2026h[?25l[A[1Gpulling manifest [K
pulling a3de86cd1c13:  10% ▕█                 ▏ 536 MB/5.2 GB   16 MB/s   4m37s[K[?25h[?2026l[?2026h[?25l[A[1Gpulling manifest [K
pulling a3de86cd1c13:  10% ▕█                 ▏ 537 MB/5.2 GB   16 MB/s   4m37s[K[?25h[?2026l[?2026h[?25l[A[1Gpulling manifest [K
pulling a3de86cd1c13:  10% ▕█                 ▏ 538 MB/5.2 GB   16 MB/s   4m37s[K[?25h[?2026l[?2026h[?25l[A[1Gpulling manifest [K
pulling a3de86cd1c13:  10% ▕█                 ▏ 540 MB/5.2 GB   16 MB/s   4m37s[K[?25h[?2026l[?2026h[?25l[A[1Gpulling manifest [K
pulling a3de86cd1c13:  10% ▕█                 ▏ 542 MB/5.2 GB   16 MB/s   4m37s[K[?25h[?2026l[?2026h[?25l[A[1Gpulling manifest [K
pulling a3de86cd1c13:  10% ▕█                 ▏ 543 MB/5.2 GB   16 MB/s   4m37s[K[?25h[?2026l[?2026h[?25l[A[1Gpulling manifest [K
pulling a3de86cd1c13:  10% ▕█                 ▏ 545 MB/5.2 GB   16 MB/s   4m36s[K[?25h[?2026l[?2026h[?25l[A[1Gpulling manifest [K
pulling a3de86cd1c13:  10% ▕█                 ▏ 547 MB/5.2 GB   16 MB/s   4m36s[K[?25h[?2026l[?2026h[?25l[A[1Gpulling manifest [K
pulling a3de86cd1c13:  11% ▕█                 ▏ 549 MB/5.2 GB   16 MB/s   4m36s[K[?25h[?2026l[?2026h[?25l[A[1Gpulling manifest [K
pulling a3de86cd1c13:  11% ▕█                 ▏ 550 MB/5.2 GB   16 MB/s   4m36s[K[?25h[?2026l[?2026h[?25l[A[1Gpulling manifest [K
pulling a3de86cd1c13:  11% ▕█                 ▏ 552 MB/5.2 GB   16 MB/s   4m36s[K[?25h[?2026l[?2026h[?25l[A[1Gpulling manifest [K
pulling a3de86cd1c13:  11% ▕█                 ▏ 553 MB/5.2 GB   16 MB/s   4m36s[K[?25h[?2026l[?2026h[?25l[A[1Gpulling manifest [K
pulling a3de86cd1c13:  11% ▕█                 ▏ 556 MB/5.2 GB   16 MB/s   4m36s[K[?25h[?2026l[?2026h[?25l[A[1Gpulling manifest [K
pulling a3de86cd1c13:  11% ▕█                 ▏ 557 MB/5.2 GB   16 MB/s   4m36s[K[?25h[?2026l[?2026h[?25l[A[1Gpulling manifest [K
pulling a3de86cd1c13:  11% ▕█                 ▏ 558 MB/5.2 GB   16 MB/s   4m36s[K[?25h[?2026l[?2026h[?25l[A[1Gpulling manifest [K
pulling a3de86cd1c13:  11% ▕█                 ▏ 560 MB/5.2 GB   16 MB/s   4m35s[K[?25h[?2026l[?2026h[?25l[A[1Gpulling manifest [K
pulling a3de86cd1c13:  11% ▕█                 ▏ 562 MB/5.2 GB   16 MB/s   4m35s[K[?25h[?2026l[?2026h[?25l[A[1Gpulling manifest [K
pulling a3de86cd1c13:  11% ▕█                 ▏ 563 MB/5.2 GB   16 MB/s   4m35s[K[?25h[?2026l[?2026h[?25l[A[1Gpulling manifest [K
pulling a3de86cd1c13:  11% ▕█                 ▏ 565 MB/5.2 GB   16 MB/s   4m35s[K[?25h[?2026l[?2026h[?25l[A[1Gpulling manifest [K
pulling a3de86cd1c13:  11% ▕█                 ▏ 567 MB/5.2 GB   17 MB/s   4m32s[K[?25h[?2026l[?2026h[?25l[A[1Gpulling manifest [K
pulling a3de86cd1c13:  11% ▕█                 ▏ 568 MB/5.2 GB   17 MB/s   4m32s[K[?25h[?2026l[?2026h[?25l[A[1Gpulling manifest [K
pulling a3de86cd1c13:  11% ▕█                 ▏ 571 MB/5.2 GB   17 MB/s   4m32s[K[?25h[?2026l[?2026h[?25l[A[1Gpulling manifest [K
pulling a3de86cd1c13:  11% ▕█                 ▏ 572 MB/5.2 GB   17 MB/s   4m32s[K[?25h[?2026l[?2026h[?25l[A[1Gpulling manifest [K
pulling a3de86cd1c13:  11% ▕█                 ▏ 572 MB/5.2 GB   17 MB/s   4m32s[K[?25h[?2026l[?2026h[?25l[A[1Gpulling manifest [K
pulling a3de86cd1c13:  11% ▕█                 ▏ 574 MB/5.2 GB   17 MB/s   4m32s[K[?25h[?2026l[?2026h[?25l[A[1Gpulling manifest [K
pulling a3de86cd1c13:  11% ▕█                 ▏ 576 MB/5.2 GB   17 MB/s   4m32s[K[?25h[?2026l[?2026h[?25l[A[1Gpulling manifest [K
pulling a3de86cd1c13:  11% ▕█                 ▏ 577 MB/5.2 GB   17 MB/s   4m31s[K[?25h[?2026l[?2026h[?25l[A[1Gpulling manifest [K
pulling a3de86cd1c13:  11% ▕█                 ▏ 578 MB/5.2 GB   17 MB/s   4m31s[K[?25h[?2026l[?2026h[?25l[A[1Gpulling manifest [K
pulling a3de86cd1c13:  11% ▕██                ▏ 581 MB/5.2 GB   17 MB/s   4m31s[K[?25h[?2026l[?2026h[?25l[A[1Gpulling manifest [K
pulling a3de86cd1c13:  11% ▕██                ▏ 582 MB/5.2 GB   16 MB/s   4m33s[K[?25h[?2026l[?2026h[?25l[A[1Gpulling manifest [K
pulling a3de86cd1c13:  11% ▕██                ▏ 584 MB/5.2 GB   16 MB/s   4m33s[K[?25h[?2026l[?2026h[?25l[A[1Gpulling manifest [K
pulling a3de86cd1c13:  11% ▕██                ▏ 586 MB/5.2 GB   16 MB/s   4m33s[K[?25h[?2026l[?2026h[?25l[A[1Gpulling manifest [K
pulling a3de86cd1c13:  11% ▕██                ▏ 587 MB/5.2 GB   16 MB/s   4m33s[K[?25h[?2026l[?2026h[?25l[A[1Gpulling manifest [K
pulling a3de86cd1c13:  11% ▕██                ▏ 589 MB/5.2 GB   16 MB/s   4m33s[K[?25h[?2026l[?2026h[?25l[A[1Gpulling manifest [K
pulling a3de86cd1c13:  11% ▕██                ▏ 591 MB/5.2 GB   16 MB/s   4m33s[K[?25h[?2026l[?2026h[?25l[A[1Gpulling manifest [K
pulling a3de86cd1c13:  11% ▕██                ▏ 593 MB/5.2 GB   16 MB/s   4m33s[K[?25h[?2026l[?2026h[?25l[A[1Gpulling manifest [K
pulling a3de86cd1c13:  11% ▕██                ▏ 595 MB/5.2 GB   16 MB/s   4m33s[K[?25h[?2026l[?2026h[?25l[A[1Gpulling manifest [K
pulling a3de86cd1c13:  11% ▕██                ▏ 595 MB/5.2 GB   16 MB/s   4m33s[K[?25h[?2026l[?2026h[?25l[A[1Gpulling manifest [K
pulling a3de86cd1c13:  11% ▕██                ▏ 596 MB/5.2 GB   16 MB/s   4m33s[K[?25h[?2026l[?2026h[?25l[A[1Gpulling manifest [K
pulling a3de86cd1c13:  11% ▕██                ▏ 598 MB/5.2 GB   16 MB/s   4m36s[K[?25h[?2026l[?2026h[?25l[A[1Gpulling manifest [K
pulling a3de86cd1c13:  11% ▕██                ▏ 600 MB/5.2 GB   16 MB/s   4m36s[K[?25h[?2026l[?2026h[?25l[A[1Gpulling manifest [K
pulling a3de86cd1c13:  12% ▕██                ▏ 601 MB/5.2 GB   16 MB/s   4m36s[K[?25h[?2026l[?2026h[?25l[A[1Gpulling manifest [K
pulling a3de86cd1c13:  12% ▕██                ▏ 603 MB/5.2 GB   16 MB/s   4m36s[K[?25h[?2026l[?2026h[?25l[A[1Gpulling manifest [K
pulling a3de86cd1c13:  12% ▕██                ▏ 605 MB/5.2 GB   16 MB/s   4m35s[K[?25h[?2026l[?2026h[?25l[A[1Gpulling manifest [K
pulling a3de86cd1c13:  12% ▕██                ▏ 606 MB/5.2 GB   16 MB/s   4m35s[K[?25h[?2026l[?2026h[?25l[A[1Gpulling manifest [K
pulling a3de86cd1c13:  12% ▕██                ▏ 607 MB/5.2 GB   16 MB/s   4m35s[K[?25h[?2026l[?2026h[?25l[A[1Gpulling manifest [K
pulling a3de86cd1c13:  12% ▕██                ▏ 610 MB/5.2 GB   16 MB/s   4m35s[K[?25h[?2026l[?2026h[?25l[A[1Gpulling manifest [K
pulling a3de86cd1c13:  12% ▕██                ▏ 611 MB/5.2 GB   16 MB/s   4m35s[K[?25h[?2026l[?2026h[?25l[A[1Gpulling manifest [K
pulling a3de86cd1c13:  12% ▕██                ▏ 613 MB/5.2 GB   16 MB/s   4m35s[K[?25h[?2026l[?2026h[?25l[A[1Gpulling manifest [K
pulling a3de86cd1c13:  12% ▕██                ▏ 615 MB/5.2 GB   16 MB/s   4m36s[K[?25h[?2026l[?2026h[?25l[A[1Gpulling manifest [K
pulling a3de86cd1c13:  12% ▕██                ▏ 616 MB/5.2 GB   16 MB/s   4m36s[K[?25h[?2026l[?2026h[?25l[A[1Gpulling manifest [K
pulling a3de86cd1c13:  12% ▕██                ▏ 618 MB/5.2 GB   16 MB/s   4m36s[K[?25h[?2026l[?2026h[?25l[A[1Gpulling manifest [K
pulling a3de86cd1c13:  12% ▕██                ▏ 619 MB/5.2 GB   16 MB/s   4m36s[K[?25h[?2026l[?2026h[?25l[A[1Gpulling manifest [K
pulling a3de86cd1c13:  12% ▕██                ▏ 620 MB/5.2 GB   16 MB/s   4m36s[K[?25h[?2026l[?2026h[?25l[A[1Gpulling manifest [K
pulling a3de86cd1c13:  12% ▕██                ▏ 622 MB/5.2 GB   16 MB/s   4m36s[K[?25h[?2026l[?2026h[?25l[A[1Gpulling manifest [K
pulling a3de86cd1c13:  12% ▕██                ▏ 623 MB/5.2 GB   16 MB/s   4m36s[K[?25h[?2026l[?2026h[?25l[A[1Gpulling manifest [K
pulling a3de86cd1c13:  12% ▕██                ▏ 624 MB/5.2 GB   16 MB/s   4m36s[K[?25h[?2026l[?2026h[?25l[A[1Gpulling manifest [K
pulling a3de86cd1c13:  12% ▕██                ▏ 626 MB/5.2 GB   16 MB/s   4m36s[K[?25h[?2026l[?2026h[?25l[A[1Gpulling manifest [K
pulling a3de86cd1c13:  12% ▕██                ▏ 628 MB/5.2 GB   16 MB/s   4m35s[K[?25h[?2026l[?2026h[?25l[A[1Gpulling manifest [K
pulling a3de86cd1c13:  12% ▕██                ▏ 629 MB/5.2 GB   16 MB/s   4m35s[K[?25h[?2026l[?2026h[?25l[A[1Gpulling manifest [K
pulling a3de86cd1c13:  12% ▕██                ▏ 630 MB/5.2 GB   16 MB/s   4m40s[K[?25h[?2026l[?2026h[?25l[A[1Gpulling manifest [K
pulling a3de86cd1c13:  12% ▕██                ▏ 631 MB/5.2 GB   16 MB/s   4m40s[K[?25h[?2026l[?2026h[?25l[A[1Gpulling manifest [K
pulling a3de86cd1c13:  12% ▕██                ▏ 632 MB/5.2 GB   16 MB/s   4m40s[K[?25h[?2026l[?2026h[?25l[A[1Gpulling manifest [K
pulling a3de86cd1c13:  12% ▕██                ▏ 634 MB/5.2 GB   16 MB/s   4m40s[K[?25h[?2026l[?2026h[?25l[A[1Gpulling manifest [K
pulling a3de86cd1c13:  12% ▕██                ▏ 636 MB/5.2 GB   16 MB/s   4m40s[K[?25h[?2026l[?2026h[?25l[A[1Gpulling manifest [K
pulling a3de86cd1c13:  12% ▕██                ▏ 637 MB/5.2 GB   16 MB/s   4m40s[K[?25h[?2026l[?2026h[?25l[A[1Gpulling manifest [K
pulling a3de86cd1c13:  12% ▕██                ▏ 639 MB/5.2 GB   16 MB/s   4m40s[K[?25h[?2026l[?2026h[?25l[A[1Gpulling manifest [K
pulling a3de86cd1c13:  12% ▕██                ▏ 641 MB/5.2 GB   16 MB/s   4m40s[K[?25h[?2026l[?2026h[?25l[A[1Gpulling manifest [K
pulling a3de86cd1c13:  12% ▕██                ▏ 642 MB/5.2 GB   16 MB/s   4m40s[K[?25h[?2026l[?2026h[?25l[A[1Gpulling manifest [K
pulling a3de86cd1c13:  12% ▕██                ▏ 644 MB/5.2 GB   16 MB/s   4m39s[K[?25h[?2026l[?2026h[?25l[A[1Gpulling manifest [K
pulling a3de86cd1c13:  12% ▕██                ▏ 645 MB/5.2 GB   16 MB/s   4m45s[K[?25h[?2026l[?2026h[?25l[A[1Gpulling manifest [K
pulling a3de86cd1c13:  12% ▕██                ▏ 646 MB/5.2 GB   16 MB/s   4m45s[K[?25h[?2026l[?2026h[?25l[A[1Gpulling manifest [K
pulling a3de86cd1c13:  12% ▕██                ▏ 647 MB/5.2 GB   16 MB/s   4m45s[K[?25h[?2026l[?2026h[?25l[A[1Gpulling manifest [K
pulling a3de86cd1c13:  12% ▕██                ▏ 649 MB/5.2 GB   16 MB/s   4m45s[K[?25h[?2026l[?2026h[?25l[A[1Gpulling manifest [K
pulling a3de86cd1c13:  12% ▕██                ▏ 650 MB/5.2 GB   16 MB/s   4m44s[K[?25h[?2026l[?2026h[?25l[A[1Gpulling manifest [K
pulling a3de86cd1c13:  12% ▕██                ▏ 652 MB/5.2 GB   16 MB/s   4m44s[K[?25h[?2026l[?2026h[?25l[A[1Gpulling manifest [K
pulling a3de86cd1c13:  12% ▕██                ▏ 653 MB/5.2 GB   16 MB/s   4m44s[K[?25h[?2026l[?2026h[?25l[A[1Gpulling manifest [K
pulling a3de86cd1c13:  13% ▕██                ▏ 654 MB/5.2 GB   16 MB/s   4m44s[K[?25h[?2026l[?2026h[?25l[A[1Gpulling manifest [K
pulling a3de86cd1c13:  13% ▕██                ▏ 655 MB/5.2 GB   16 MB/s   4m44s[K[?25h[?2026l[?2026h[?25l[A[1Gpulling manifest [K
pulling a3de86cd1c13:  13% ▕██                ▏ 656 MB/5.2 GB   16 MB/s   4m44s[K[?25h[?2026l[?2026h[?25l[A[1Gpulling manifest [K
pulling a3de86cd1c13:  13% ▕██                ▏ 657 MB/5.2 GB   15 MB/s   4m53s[K[?25h[?2026l[?2026h[?25l[A[1Gpulling manifest [K
pulling a3de86cd1c13:  13% ▕██                ▏ 658 MB/5.2 GB   15 MB/s   4m52s[K[?25h[?2026l[?2026h[?25l[A[1Gpulling manifest [K
pulling a3de86cd1c13:  13% ▕██                ▏ 660 MB/5.2 GB   15 MB/s   4m52s[K[?25h[?2026l[?2026h[?25l[A[1Gpulling manifest [K
pulling a3de86cd1c13:  13% ▕██                ▏ 661 MB/5.2 GB   15 MB/s   4m52s[K[?25h[?2026l[?2026h[?25l[A[1Gpulling manifest [K
pulling a3de86cd1c13:  13% ▕██                ▏ 662 MB/5.2 GB   15 MB/s   4m52s[K[?25h[?2026l[?2026h[?25l[A[1Gpulling manifest [K
pulling a3de86cd1c13:  13% ▕██                ▏ 664 MB/5.2 GB   15 MB/s   4m52s[K[?25h[?2026l[?2026h[?25l[A[1Gpulling manifest [K
pulling a3de86cd1c13:  13% ▕██                ▏ 665 MB/5.2 GB   15 MB/s   4m52s[K[?25h[?2026l[?2026h[?25l[A[1Gpulling manifest [K
pulling a3de86cd1c13:  13% ▕██                ▏ 667 MB/5.2 GB   15 MB/s   4m52s[K[?25h[?2026l[?2026h[?25l[A[1Gpulling manifest [K
pulling a3de86cd1c13:  13% ▕██                ▏ 668 MB/5.2 GB   15 MB/s   4m52s[K[?25h[?2026l[?2026h[?25l[A[1Gpulling manifest [K
pulling a3de86cd1c13:  13% ▕██                ▏ 668 MB/5.2 GB   15 MB/s   4m52s[K[?25h[?2026l[?2026h[?25l[A[1Gpulling manifest [K
pulling a3de86cd1c13:  13% ▕██                ▏ 670 MB/5.2 GB   15 MB/s   4m57s[K[?25h[?2026l[?2026h[?25l[A[1Gpulling manifest [K
pulling a3de86cd1c13:  13% ▕██                ▏ 672 MB/5.2 GB   15 MB/s   4m57s[K[?25h[?2026l[?2026h[?25l[A[1Gpulling manifest [K
pulling a3de86cd1c13:  13% ▕██                ▏ 673 MB/5.2 GB   15 MB/s   4m57s[K[?25h[?2026l[?2026h[?25l[A[1Gpulling manifest [K
pulling a3de86cd1c13:  13% ▕██                ▏ 674 MB/5.2 GB   15 MB/s   4m57s[K[?25h[?2026l[?2026h[?25l[A[1Gpulling manifest [K
pulling a3de86cd1c13:  13% ▕██                ▏ 676 MB/5.2 GB   15 MB/s   4m57s[K[?25h[?2026l[?2026h[?25l[A[1Gpulling manifest [K
pulling a3de86cd1c13:  13% ▕██                ▏ 677 MB/5.2 GB   15 MB/s   4m57s[K[?25h[?2026l[?2026h[?25l[A[1Gpulling manifest [K
pulling a3de86cd1c13:  13% ▕██                ▏ 679 MB/5.2 GB   15 MB/s   4m57s[K[?25h[?2026l[?2026h[?25l[A[1Gpulling manifest [K
pulling a3de86cd1c13:  13% ▕██                ▏ 680 MB/5.2 GB   15 MB/s   4m57s[K[?25h[?2026l[?2026h[?25l[A[1Gpulling manifest [K
pulling a3de86cd1c13:  13% ▕██                ▏ 681 MB/5.2 GB   15 MB/s   4m57s[K[?25h[?2026l[?2026h[?25l[A[1Gpulling manifest [K
pulling a3de86cd1c13:  13% ▕██                ▏ 682 MB/5.2 GB   15 MB/s   4m56s[K[?25h[?2026l[?2026h[?25l[A[1Gpulling manifest [K
pulling a3de86cd1c13:  13% ▕██                ▏ 684 MB/5.2 GB   14 MB/s    5m4s[K[?25h[?2026l[?2026h[?25l[A[1Gpulling manifest [K
pulling a3de86cd1c13:  13% ▕██                ▏ 684 MB/5.2 GB   14 MB/s    5m4s[K[?25h[?2026l[?2026h[?25l[A[1Gpulling manifest [K
pulling a3de86cd1c13:  13% ▕██                ▏ 686 MB/5.2 GB   14 MB/s    5m4s[K[?25h[?2026l[?2026h[?25l[A[1Gpulling manifest [K
pulling a3de86cd1c13:  13% ▕██                ▏ 688 MB/5.2 GB   14 MB/s    5m4s[K[?25h[?2026l[?2026h[?25l[A[1Gpulling manifest [K
pulling a3de86cd1c13:  13% ▕██                ▏ 689 MB/5.2 GB   14 MB/s    5m4s[K[?25h[?2026l[?2026h[?25l[A[1Gpulling manifest [K
pulling a3de86cd1c13:  13% ▕██                ▏ 690 MB/5.2 GB   14 MB/s    5m4s[K[?25h[?2026l[?2026h[?25l[A[1Gpulling manifest [K
pulling a3de86cd1c13:  13% ▕██                ▏ 692 MB/5.2 GB   14 MB/s    5m4s[K[?25h[?2026l[?2026h[?25l[A[1Gpulling manifest [K
pulling a3de86cd1c13:  13% ▕██                ▏ 693 MB/5.2 GB   14 MB/s    5m4s[K[?25h[?2026l[?2026h[?25l[A[1Gpulling manifest [K
pulling a3de86cd1c13:  13% ▕██                ▏ 695 MB/5.2 GB   14 MB/s    5m3s[K[?25h[?2026l[?2026h[?25l[A[1Gpulling manifest [K
pulling a3de86cd1c13:  13% ▕██                ▏ 696 MB/5.2 GB   14 MB/s    5m3s[K[?25h[?2026l[?2026h[?25l[A[1Gpulling manifest [K
pulling a3de86cd1c13:  13% ▕██                ▏ 697 MB/5.2 GB   14 MB/s    5m3s[K[?25h[?2026l[?2026h[?25l[A[1Gpulling manifest [K
pulling a3de86cd1c13:  13% ▕██                ▏ 699 MB/5.2 GB   14 MB/s    5m8s[K[?25h[?2026l[?2026h[?25l[A[1Gpulling manifest [K
pulling a3de86cd1c13:  13% ▕██                ▏ 700 MB/5.2 GB   14 MB/s    5m8s[K[?25h[?2026l[?2026h[?25l[A[1Gpulling manifest [K
pulling a3de86cd1c13:  13% ▕██                ▏ 702 MB/5.2 GB   14 MB/s    5m8s[K[?25h[?2026l[?2026h[?25l[A[1Gpulling manifest [K
pulling a3de86cd1c13:  13% ▕██                ▏ 704 MB/5.2 GB   14 MB/s    5m8s[K[?25h[?2026l[?2026h[?25l[A[1Gpulling manifest [K
pulling a3de86cd1c13:  14% ▕██                ▏ 705 MB/5.2 GB   14 MB/s    5m8s[K[?25h[?2026l[?2026h[?25l[A[1Gpulling manifest [K
pulling a3de86cd1c13:  14% ▕██                ▏ 706 MB/5.2 GB   14 MB/s    5m8s[K[?25h[?2026l[?2026h[?25l[A[1Gpulling manifest [K
pulling a3de86cd1c13:  14% ▕██                ▏ 707 MB/5.2 GB   14 MB/s    5m8s[K[?25h[?2026l[?2026h[?25l[A[1Gpulling manifest [K
pulling a3de86cd1c13:  14% ▕██                ▏ 709 MB/5.2 GB   14 MB/s    5m7s[K[?25h[?2026l[?2026h[?25l[A[1Gpulling manifest [K
pulling a3de86cd1c13:  14% ▕██                ▏ 710 MB/5.2 GB   14 MB/s    5m7s[K[?25h[?2026l[?2026h[?25l[A[1Gpulling manifest [K
pulling a3de86cd1c13:  14% ▕██                ▏ 712 MB/5.2 GB   14 MB/s    5m7s[K[?25h[?2026l[?2026h[?25l[A[1Gpulling manifest [K
pulling a3de86cd1c13:  14% ▕██                ▏ 713 MB/5.2 GB   14 MB/s   5m10s[K[?25h[?2026l[?2026h[?25l[A[1Gpulling manifest [K
pulling a3de86cd1c13:  14% ▕██                ▏ 714 MB/5.2 GB   14 MB/s   5m10s[K[?25h[?2026l[?2026h[?25l[A[1Gpulling manifest [K
pulling a3de86cd1c13:  14% ▕██                ▏ 717 MB/5.2 GB   14 MB/s   5m10s[K[?25h[?2026l[?2026h[?25l[A[1Gpulling manifest [K
pulling a3de86cd1c13:  14% ▕██                ▏ 719 MB/5.2 GB   14 MB/s    5m9s[K[?25h[?2026l[?2026h[?25l[A[1Gpulling manifest [K
pulling a3de86cd1c13:  14% ▕██                ▏ 719 MB/5.2 GB   14 MB/s    5m9s[K[?25h[?2026l[?2026h[?25l[A[1Gpulling manifest [K
pulling a3de86cd1c13:  14% ▕██                ▏ 721 MB/5.2 GB   14 MB/s    5m9s[K[?25h[?2026l[?2026h[?25l[A[1Gpulling manifest [K
pulling a3de86cd1c13:  14% ▕██                ▏ 722 MB/5.2 GB   14 MB/s    5m9s[K[?25h[?2026l[?2026h[?25l[A[1Gpulling manifest [K
pulling a3de86cd1c13:  14% ▕██                ▏ 724 MB/5.2 GB   14 MB/s    5m9s[K[?25h[?2026l[?2026h[?25l[A[1Gpulling manifest [K
pulling a3de86cd1c13:  14% ▕██                ▏ 726 MB/5.2 GB   14 MB/s    5m9s[K[?25h[?2026l[?2026h[?25l[A[1Gpulling manifest [K
pulling a3de86cd1c13:  14% ▕██                ▏ 728 MB/5.2 GB   14 MB/s    5m9s[K[?25h[?2026l[?2026h[?25l[A[1Gpulling manifest [K
pulling a3de86cd1c13:  14% ▕██                ▏ 729 MB/5.2 GB   14 MB/s    5m7s[K[?25h[?2026l[?2026h[?25l[A[1Gpulling manifest [K
pulling a3de86cd1c13:  14% ▕██                ▏ 731 MB/5.2 GB   14 MB/s    5m7s[K[?25h[?2026l[?2026h[?25l[A[1Gpulling manifest [K
pulling a3de86cd1c13:  14% ▕██                ▏ 733 MB/5.2 GB   14 MB/s    5m7s[K[?25h[?2026l[?2026h[?25l[A[1Gpulling manifest [K
pulling a3de86cd1c13:  14% ▕██                ▏ 734 MB/5.2 GB   14 MB/s    5m7s[K[?25h[?2026l[?2026h[?25l[A[1Gpulling manifest [K
pulling a3de86cd1c13:  14% ▕██                ▏ 736 MB/5.2 GB   14 MB/s    5m7s[K[?25h[?2026l[?2026h[?25l[A[1Gpulling manifest [K
pulling a3de86cd1c13:  14% ▕██                ▏ 738 MB/5.2 GB   14 MB/s    5m6s[K[?25h[?2026l[?2026h[?25l[A[1Gpulling manifest [K
pulling a3de86cd1c13:  14% ▕██                ▏ 739 MB/5.2 GB   14 MB/s    5m6s[K[?25h[?2026l[?2026h[?25l[A[1Gpulling manifest [K
pulling a3de86cd1c13:  14% ▕██                ▏ 741 MB/5.2 GB   14 MB/s    5m6s[K[?25h[?2026l[?2026h[?25l[A[1Gpulling manifest [K
pulling a3de86cd1c13:  14% ▕██                ▏ 744 MB/5.2 GB   14 MB/s    5m6s[K[?25h[?2026l[?2026h[?25l[A[1Gpulling manifest [K
pulling a3de86cd1c13:  14% ▕██                ▏ 744 MB/5.2 GB   14 MB/s    5m6s[K[?25h[?2026l[?2026h[?25l[A[1Gpulling manifest [K
pulling a3de86cd1c13:  14% ▕██                ▏ 747 MB/5.2 GB   14 MB/s    5m6s[K[?25h[?2026l[?2026h[?25l[A[1Gpulling manifest [K
pulling a3de86cd1c13:  14% ▕██                ▏ 748 MB/5.2 GB   14 MB/s    5m6s[K[?25h[?2026l[?2026h[?25l[A[1Gpulling manifest [K
pulling a3de86cd1c13:  14% ▕██                ▏ 749 MB/5.2 GB   14 MB/s    5m6s[K[?25h[?2026l[?2026h[?25l[A[1Gpulling manifest [K
pulling a3de86cd1c13:  14% ▕██                ▏ 750 MB/5.2 GB   14 MB/s    5m6s[K[?25h[?2026l[?2026h[?25l[A[1Gpulling manifest [K
pulling a3de86cd1c13:  14% ▕██                ▏ 753 MB/5.2 GB   14 MB/s    5m6s[K[?25h[?2026l[?2026h[?25l[A[1Gpulling manifest [K
pulling a3de86cd1c13:  14% ▕██                ▏ 754 MB/5.2 GB   14 MB/s    5m6s[K[?25h[?2026l[?2026h[?25l[A[1Gpulling manifest [K
pulling a3de86cd1c13:  14% ▕██                ▏ 754 MB/5.2 GB   14 MB/s    5m6s[K[?25h[?2026l[?2026h[?25l[A[1Gpulling manifest [K
pulling a3de86cd1c13:  15% ▕██                ▏ 757 MB/5.2 GB   14 MB/s    5m5s[K[?25h[?2026l[?2026h[?25l[A[1Gpulling manifest [K
pulling a3de86cd1c13:  15% ▕██                ▏ 759 MB/5.2 GB   14 MB/s    5m5s[K[?25h[?2026l[?2026h[?25l[A[1Gpulling manifest [K
pulling a3de86cd1c13:  15% ▕██                ▏ 760 MB/5.2 GB   14 MB/s    5m5s[K[?25h[?2026l[?2026h[?25l[A[1Gpulling manifest [K
pulling a3de86cd1c13:  15% ▕██                ▏ 762 MB/5.2 GB   14 MB/s    5m2s[K[?25h[?2026l[?2026h[?25l[A[1Gpulling manifest [K
pulling a3de86cd1c13:  15% ▕██                ▏ 763 MB/5.2 GB   14 MB/s    5m2s[K[?25h[?2026l[?2026h[?25l[A[1Gpulling manifest [K
pulling a3de86cd1c13:  15% ▕██                ▏ 766 MB/5.2 GB   14 MB/s    5m2s[K[?25h[?2026l[?2026h[?25l[A[1Gpulling manifest [K
pulling a3de86cd1c13:  15% ▕██                ▏ 767 MB/5.2 GB   14 MB/s    5m2s[K[?25h[?2026l[?2026h[?25l[A[1Gpulling manifest [K
pulling a3de86cd1c13:  15% ▕██                ▏ 768 MB/5.2 GB   14 MB/s    5m2s[K[?25h[?2026l[?2026h[?25l[A[1Gpulling manifest [K
pulling a3de86cd1c13:  15% ▕██                ▏ 769 MB/5.2 GB   14 MB/s    5m2s[K[?25h[?2026l[?2026h[?25l[A[1Gpulling manifest [K
pulling a3de86cd1c13:  15% ▕██                ▏ 771 MB/5.2 GB   14 MB/s    5m2s[K[?25h[?2026l[?2026h[?25l[A[1Gpulling manifest [K
pulling a3de86cd1c13:  15% ▕██                ▏ 772 MB/5.2 GB   14 MB/s    5m2s[K[?25h[?2026l[?2026h[?25l[A[1Gpulling manifest [K
pulling a3de86cd1c13:  15% ▕██                ▏ 774 MB/5.2 GB   14 MB/s    5m2s[K[?25h[?2026l[?2026h[?25l[A[1Gpulling manifest [K
pulling a3de86cd1c13:  15% ▕██                ▏ 776 MB/5.2 GB   14 MB/s    5m1s[K[?25h[?2026l[?2026h[?25l[A[1Gpulling manifest [K
pulling a3de86cd1c13:  15% ▕██                ▏ 778 MB/5.2 GB   14 MB/s    5m1s[K[?25h[?2026l[?2026h[?25l[A[1Gpulling manifest [K
pulling a3de86cd1c13:  15% ▕██                ▏ 779 MB/5.2 GB   14 MB/s   4m59s[K[?25h[?2026l[?2026h[?25l[A[1Gpulling manifest [K
pulling a3de86cd1c13:  15% ▕██                ▏ 782 MB/5.2 GB   14 MB/s   4m59s[K[?25h[?2026l[?2026h[?25l[A[1Gpulling manifest [K
pulling a3de86cd1c13:  15% ▕██                ▏ 784 MB/5.2 GB   14 MB/s   4m58s[K[?25h[?2026l[?2026h[?25l[A[1Gpulling manifest [K
pulling a3de86cd1c13:  15% ▕██                ▏ 786 MB/5.2 GB   14 MB/s   4m58s[K[?25h[?2026l[?2026h[?25l[A[1Gpulling manifest [K
pulling a3de86cd1c13:  15% ▕██                ▏ 788 MB/5.2 GB   14 MB/s   4m58s[K[?25h[?2026l[?2026h[?25l[A[1Gpulling manifest [K
pulling a3de86cd1c13:  15% ▕██                ▏ 789 MB/5.2 GB   14 MB/s   4m58s[K[?25h[?2026l[?2026h[?25l[A[1Gpulling manifest [K
pulling a3de86cd1c13:  15% ▕██                ▏ 789 MB/5.2 GB   14 MB/s   4m58s[K[?25h[?2026l[?2026h[?25l[A[1Gpulling manifest [K
pulling a3de86cd1c13:  15% ▕██                ▏ 791 MB/5.2 GB   14 MB/s   4m58s[K[?25h[?2026l[?2026h[?25l[A[1Gpulling manifest [K
pulling a3de86cd1c13:  15% ▕██                ▏ 792 MB/5.2 GB   14 MB/s   4m58s[K[?25h[?2026l[?2026h[?25l[A[1Gpulling manifest [K
pulling a3de86cd1c13:  15% ▕██                ▏ 794 MB/5.2 GB   14 MB/s   4m58s[K[?25h[?2026l[?2026h[?25l[A[1Gpulling manifest [K
pulling a3de86cd1c13:  15% ▕██                ▏ 796 MB/5.2 GB   15 MB/s   4m49s[K[?25h[?2026l[?2026h[?25l[A[1Gpulling manifest [K
pulling a3de86cd1c13:  15% ▕██                ▏ 797 MB/5.2 GB   15 MB/s   4m49s[K[?25h[?2026l[?2026h[?25l[A[1Gpulling manifest [K
pulling a3de86cd1c13:  15% ▕██                ▏ 799 MB/5.2 GB   15 MB/s   4m49s[K[?25h[?2026l[?2026h[?25l[A[1Gpulling manifest [K
pulling a3de86cd1c13:  15% ▕██                ▏ 801 MB/5.2 GB   15 MB/s   4m48s[K[?25h[?2026l[?2026h[?25l[A[1Gpulling manifest [K
pulling a3de86cd1c13:  15% ▕██                ▏ 802 MB/5.2 GB   15 MB/s   4m48s[K[?25h[?2026l[?2026h[?25l[A[1Gpulling manifest [K
pulling a3de86cd1c13:  15% ▕██                ▏ 803 MB/5.2 GB   15 MB/s   4m48s[K[?25h[?2026l[?2026h[?25l[A[1Gpulling manifest [K
pulling a3de86cd1c13:  15% ▕██                ▏ 805 MB/5.2 GB   15 MB/s   4m48s[K[?25h[?2026l[?2026h[?25l[A[1Gpulling manifest [K
pulling a3de86cd1c13:  15% ▕██                ▏ 806 MB/5.2 GB   15 MB/s   4m48s[K[?25h[?2026l[?2026h[?25l[A[1Gpulling manifest [K
pulling a3de86cd1c13:  15% ▕██                ▏ 808 MB/5.2 GB   15 MB/s   4m48s[K[?25h[?2026l[?2026h[?25l[A[1Gpulling manifest [K
pulling a3de86cd1c13:  16% ▕██                ▏ 810 MB/5.2 GB   15 MB/s   4m48s[K[?25h[?2026l[?2026h[?25l[A[1Gpulling manifest [K
pulling a3de86cd1c13:  16% ▕██                ▏ 811 MB/5.2 GB   15 MB/s   4m43s[K[?25h[?2026l[?2026h[?25l[A[1Gpulling manifest [K
pulling a3de86cd1c13:  16% ▕██                ▏ 812 MB/5.2 GB   15 MB/s   4m42s[K[?25h[?2026l[?2026h[?25l[A[1Gpulling manifest [K
pulling a3de86cd1c13:  16% ▕██                ▏ 814 MB/5.2 GB   15 MB/s   4m42s[K[?25h[?2026l[?2026h[?25l[A[1Gpulling manifest [K
pulling a3de86cd1c13:  16% ▕██                ▏ 815 MB/5.2 GB   15 MB/s   4m42s[K[?25h[?2026l[?2026h[?25l[A[1Gpulling manifest [K
pulling a3de86cd1c13:  16% ▕██                ▏ 816 MB/5.2 GB   15 MB/s   4m42s[K[?25h[?2026l[?2026h[?25l[A[1Gpulling manifest [K
pulling a3de86cd1c13:  16% ▕██                ▏ 820 MB/5.2 GB   15 MB/s   4m42s[K[?25h[?2026l[?2026h[?25l[A[1Gpulling manifest [K
pulling a3de86cd1c13:  16% ▕██                ▏ 820 MB/5.2 GB   15 MB/s   4m42s[K[?25h[?2026l[?2026h[?25l[A[1Gpulling manifest [K
pulling a3de86cd1c13:  16% ▕██                ▏ 822 MB/5.2 GB   15 MB/s   4m42s[K[?25h[?2026l[?2026h[?25l[A[1Gpulling manifest [K
pulling a3de86cd1c13:  16% ▕██                ▏ 824 MB/5.2 GB   15 MB/s   4m42s[K[?25h[?2026l[?2026h[?25l[A[1Gpulling manifest [K
pulling a3de86cd1c13:  16% ▕██                ▏ 825 MB/5.2 GB   15 MB/s   4m42s[K[?25h[?2026l[?2026h[?25l[A[1Gpulling manifest [K
pulling a3de86cd1c13:  16% ▕██                ▏ 826 MB/5.2 GB   15 MB/s   4m37s[K[?25h[?2026l[?2026h[?25l[A[1Gpulling manifest [K
pulling a3de86cd1c13:  16% ▕██                ▏ 828 MB/5.2 GB   15 MB/s   4m37s[K[?25h[?2026l[?2026h[?25l[A[1Gpulling manifest [K
pulling a3de86cd1c13:  16% ▕██                ▏ 829 MB/5.2 GB   15 MB/s   4m37s[K[?25h[?2026l[?2026h[?25l[A[1Gpulling manifest [K
pulling a3de86cd1c13:  16% ▕██                ▏ 831 MB/5.2 GB   15 MB/s   4m37s[K[?25h[?2026l[?2026h[?25l[A[1Gpulling manifest [K
pulling a3de86cd1c13:  16% ▕██                ▏ 833 MB/5.2 GB   15 MB/s   4m37s[K[?25h[?2026l[?2026h[?25l[A[1Gpulling manifest [K
pulling a3de86cd1c13:  16% ▕██                ▏ 834 MB/5.2 GB   15 MB/s   4m37s[K[?25h[?2026l[?2026h[?25l[A[1Gpulling manifest [K
pulling a3de86cd1c13:  16% ▕██                ▏ 835 MB/5.2 GB   15 MB/s   4m37s[K[?25h[?2026l[?2026h[?25l[A[1Gpulling manifest [K
pulling a3de86cd1c13:  16% ▕██                ▏ 837 MB/5.2 GB   15 MB/s   4m37s[K[?25h[?2026l[?2026h[?25l[A[1Gpulling manifest [K
pulling a3de86cd1c13:  16% ▕██                ▏ 837 MB/5.2 GB   15 MB/s   4m37s[K[?25h[?2026l[?2026h[?25l[A[1Gpulling manifest [K
pulling a3de86cd1c13:  16% ▕██                ▏ 838 MB/5.2 GB   15 MB/s   4m37s[K[?25h[?2026l[?2026h[?25l[A[1Gpulling manifest [K
pulling a3de86cd1c13:  16% ▕██                ▏ 842 MB/5.2 GB   15 MB/s   4m34s[K[?25h[?2026l[?2026h[?25l[A[1Gpulling manifest [K
pulling a3de86cd1c13:  16% ▕██                ▏ 843 MB/5.2 GB   15 MB/s   4m34s[K[?25h[?2026l[?2026h[?25l[A[1Gpulling manifest [K
pulling a3de86cd1c13:  16% ▕██                ▏ 845 MB/5.2 GB   15 MB/s   4m33s[K[?25h[?2026l[?2026h[?25l[A[1Gpulling manifest [K
pulling a3de86cd1c13:  16% ▕██                ▏ 847 MB/5.2 GB   15 MB/s   4m33s[K[?25h[?2026l[?2026h[?25l[A[1Gpulling manifest [K
pulling a3de86cd1c13:  16% ▕██                ▏ 849 MB/5.2 GB   15 MB/s   4m33s[K[?25h[?2026l[?2026h[?25l[A[1Gpulling manifest [K
pulling a3de86cd1c13:  16% ▕██                ▏ 850 MB/5.2 GB   15 MB/s   4m33s[K[?25h[?2026l[?2026h[?25l[A[1Gpulling manifest [K
pulling a3de86cd1c13:  16% ▕██                ▏ 851 MB/5.2 GB   15 MB/s   4m33s[K[?25h[?2026l[?2026h[?25l[A[1Gpulling manifest [K
pulling a3de86cd1c13:  16% ▕██                ▏ 852 MB/5.2 GB   15 MB/s   4m33s[K[?25h[?2026l[?2026h[?25l[A[1Gpulling manifest [K
pulling a3de86cd1c13:  16% ▕██                ▏ 854 MB/5.2 GB   15 MB/s   4m33s[K[?25h[?2026l[?2026h[?25l[A[1Gpulling manifest [K
pulling a3de86cd1c13:  16% ▕██                ▏ 856 MB/5.2 GB   15 MB/s   4m33s[K[?25h[?2026l[?2026h[?25l[A[1Gpulling manifest [K
pulling a3de86cd1c13:  16% ▕██                ▏ 857 MB/5.2 GB   15 MB/s   4m33s[K[?25h[?2026l[?2026h[?25l[A[1Gpulling manifest [K
pulling a3de86cd1c13:  16% ▕██                ▏ 858 MB/5.2 GB   16 MB/s   4m31s[K[?25h[?2026l[?2026h[?25l[A[1Gpulling manifest [K
pulling a3de86cd1c13:  16% ▕██                ▏ 861 MB/5.2 GB   16 MB/s   4m30s[K[?25h[?2026l[?2026h[?25l[A[1Gpulling manifest [K
pulling a3de86cd1c13:  16% ▕██                ▏ 862 MB/5.2 GB   16 MB/s   4m30s[K[?25h[?2026l[?2026h[?25l[A[1Gpulling manifest [K
pulling a3de86cd1c13:  17% ▕██                ▏ 863 MB/5.2 GB   16 MB/s   4m30s[K[?25h[?2026l[?2026h[?25l[A[1Gpulling manifest [K
pulling a3de86cd1c13:  17% ▕██                ▏ 866 MB/5.2 GB   16 MB/s   4m30s[K[?25h[?2026l[?2026h[?25l[A[1Gpulling manifest [K
pulling a3de86cd1c13:  17% ▕██                ▏ 866 MB/5.2 GB   16 MB/s   4m30s[K[?25h[?2026l[?2026h[?25l[A[1Gpulling manifest [K
pulling a3de86cd1c13:  17% ▕██                ▏ 868 MB/5.2 GB   16 MB/s   4m30s[K[?25h[?2026l[?2026h[?25l[A[1Gpulling manifest [K
pulling a3de86cd1c13:  17% ▕██                ▏ 870 MB/5.2 GB   16 MB/s   4m30s[K[?25h[?2026l[?2026h[?25l[A[1Gpulling manifest [K
pulling a3de86cd1c13:  17% ▕███               ▏ 871 MB/5.2 GB   16 MB/s   4m30s[K[?25h[?2026l[?2026h[?25l[A[1Gpulling manifest [K
pulling a3de86cd1c13:  17% ▕███               ▏ 872 MB/5.2 GB   16 MB/s   4m30s[K[?25h[?2026l[?2026h[?25l[A[1Gpulling manifest [K
pulling a3de86cd1c13:  17% ▕███               ▏ 874 MB/5.2 GB   15 MB/s   4m32s[K[?25h[?2026l[?2026h[?25l[A[1Gpulling manifest [K
pulling a3de86cd1c13:  17% ▕███               ▏ 875 MB/5.2 GB   15 MB/s   4m32s[K[?25h[?2026l[?2026h[?25l[A[1Gpulling manifest [K
pulling a3de86cd1c13:  17% ▕███               ▏ 876 MB/5.2 GB   15 MB/s   4m32s[K[?25h[?2026l[?2026h[?25l[A[1Gpulling manifest [K
pulling a3de86cd1c13:  17% ▕███               ▏ 879 MB/5.2 GB   15 MB/s   4m31s[K[?25h[?2026l[?2026h[?25l[A[1Gpulling manifest [K
pulling a3de86cd1c13:  17% ▕███               ▏ 879 MB/5.2 GB   15 MB/s   4m31s[K[?25h[?2026l[?2026h[?25l[A[1Gpulling manifest [K
pulling a3de86cd1c13:  17% ▕███               ▏ 880 MB/5.2 GB   15 MB/s   4m31s[K[?25h[?2026l[?2026h[?25l[A[1Gpulling manifest [K
pulling a3de86cd1c13:  17% ▕███               ▏ 883 MB/5.2 GB   15 MB/s   4m31s[K[?25h[?2026l[?2026h[?25l[A[1Gpulling manifest [K
pulling a3de86cd1c13:  17% ▕███               ▏ 884 MB/5.2 GB   15 MB/s   4m31s[K[?25h[?2026l[?2026h[?25l[A[1Gpulling manifest [K
pulling a3de86cd1c13:  17% ▕███               ▏ 886 MB/5.2 GB   15 MB/s   4m31s[K[?25h[?2026l[?2026h[?25l[A[1Gpulling manifest [K
pulling a3de86cd1c13:  17% ▕███               ▏ 888 MB/5.2 GB   15 MB/s   4m31s[K[?25h[?2026l[?2026h[?25l[A[1Gpulling manifest [K
pulling a3de86cd1c13:  17% ▕███               ▏ 889 MB/5.2 GB   15 MB/s   4m33s[K[?25h[?2026l[?2026h[?25l[A[1Gpulling manifest [K
pulling a3de86cd1c13:  17% ▕███               ▏ 890 MB/5.2 GB   15 MB/s   4m33s[K[?25h[?2026l[?2026h[?25l[A[1Gpulling manifest [K
pulling a3de86cd1c13:  17% ▕███               ▏ 892 MB/5.2 GB   15 MB/s   4m33s[K[?25h[?2026l[?2026h[?25l[A[1Gpulling manifest [K
pulling a3de86cd1c13:  17% ▕███               ▏ 893 MB/5.2 GB   15 MB/s   4m33s[K[?25h[?2026l[?2026h[?25l[A[1Gpulling manifest [K
pulling a3de86cd1c13:  17% ▕███               ▏ 895 MB/5.2 GB   15 MB/s   4m33s[K[?25h[?2026l[?2026h[?25l[A[1Gpulling manifest [K
pulling a3de86cd1c13:  17% ▕███               ▏ 897 MB/5.2 GB   15 MB/s   4m33s[K[?25h[?2026l[?2026h[?25l[A[1Gpulling manifest [K
pulling a3de86cd1c13:  17% ▕███               ▏ 898 MB/5.2 GB   15 MB/s   4m33s[K[?25h[?2026l[?2026h[?25l[A[1Gpulling manifest [K
pulling a3de86cd1c13:  17% ▕███               ▏ 900 MB/5.2 GB   15 MB/s   4m33s[K[?25h[?2026l[?2026h[?25l[A[1Gpulling manifest [K
pulling a3de86cd1c13:  17% ▕███               ▏ 902 MB/5.2 GB   15 MB/s   4m33s[K[?25h[?2026l[?2026h[?25l[A[1Gpulling manifest [K
pulling a3de86cd1c13:  17% ▕███               ▏ 903 MB/5.2 GB   15 MB/s   4m33s[K[?25h[?2026l[?2026h[?25l[A[1Gpulling manifest [K
pulling a3de86cd1c13:  17% ▕███               ▏ 904 MB/5.2 GB   15 MB/s   4m33s[K[?25h[?2026l[?2026h[?25l[A[1Gpulling manifest [K
pulling a3de86cd1c13:  17% ▕███               ▏ 906 MB/5.2 GB   15 MB/s   4m32s[K[?25h[?2026l[?2026h[?25l[A[1Gpulling manifest [K
pulling a3de86cd1c13:  17% ▕███               ▏ 908 MB/5.2 GB   15 MB/s   4m32s[K[?25h[?2026l[?2026h[?25l[A[1Gpulling manifest [K
pulling a3de86cd1c13:  17% ▕███               ▏ 909 MB/5.2 GB   15 MB/s   4m32s[K[?25h[?2026l[?2026h[?25l[A[1Gpulling manifest [K
pulling a3de86cd1c13:  17% ▕███               ▏ 911 MB/5.2 GB   15 MB/s   4m32s[K[?25h[?2026l[?2026h[?25l[A[1Gpulling manifest [K
pulling a3de86cd1c13:  17% ▕███               ▏ 912 MB/5.2 GB   15 MB/s   4m32s[K[?25h[?2026l[?2026h[?25l[A[1Gpulling manifest [K
pulling a3de86cd1c13:  18% ▕███               ▏ 914 MB/5.2 GB   15 MB/s   4m32s[K[?25h[?2026l[?2026h[?25l[A[1Gpulling manifest [K
pulling a3de86cd1c13:  18% ▕███               ▏ 916 MB/5.2 GB   15 MB/s   4m32s[K[?25h[?2026l[?2026h[?25l[A[1Gpulling manifest [K
pulling a3de86cd1c13:  18% ▕███               ▏ 917 MB/5.2 GB   15 MB/s   4m32s[K[?25h[?2026l[?2026h[?25l[A[1Gpulling manifest [K
pulling a3de86cd1c13:  18% ▕███               ▏ 918 MB/5.2 GB   15 MB/s   4m32s[K[?25h[?2026l[?2026h[?25l[A[1Gpulling manifest [K
pulling a3de86cd1c13:  18% ▕███               ▏ 919 MB/5.2 GB   15 MB/s   4m34s[K[?25h[?2026l[?2026h[?25l[A[1Gpulling manifest [K
pulling a3de86cd1c13:  18% ▕███               ▏ 920 MB/5.2 GB   15 MB/s   4m34s[K[?25h[?2026l[?2026h[?25l[A[1Gpulling manifest [K
pulling a3de86cd1c13:  18% ▕███               ▏ 922 MB/5.2 GB   15 MB/s   4m34s[K[?25h[?2026l[?2026h[?25l[A[1Gpulling manifest [K
pulling a3de86cd1c13:  18% ▕███               ▏ 924 MB/5.2 GB   15 MB/s   4m34s[K[?25h[?2026l[?2026h[?25l[A[1Gpulling manifest [K
pulling a3de86cd1c13:  18% ▕███               ▏ 924 MB/5.2 GB   15 MB/s   4m34s[K[?25h[?2026l[?2026h[?25l[A[1Gpulling manifest [K
pulling a3de86cd1c13:  18% ▕███               ▏ 927 MB/5.2 GB   15 MB/s   4m33s[K[?25h[?2026l[?2026h[?25l[A[1Gpulling manifest [K
pulling a3de86cd1c13:  18% ▕███               ▏ 929 MB/5.2 GB   15 MB/s   4m33s[K[?25h[?2026l[?2026h[?25l[A[1Gpulling manifest [K
pulling a3de86cd1c13:  18% ▕███               ▏ 930 MB/5.2 GB   15 MB/s   4m33s[K[?25h[?2026l[?2026h[?25l[A[1Gpulling manifest [K
pulling a3de86cd1c13:  18% ▕███               ▏ 931 MB/5.2 GB   15 MB/s   4m33s[K[?25h[?2026l[?2026h[?25l[A[1Gpulling manifest [K
pulling a3de86cd1c13:  18% ▕███               ▏ 933 MB/5.2 GB   15 MB/s   4m33s[K[?25h[?2026l[?2026h[?25l[A[1Gpulling manifest [K
pulling a3de86cd1c13:  18% ▕███               ▏ 934 MB/5.2 GB   15 MB/s   4m33s[K[?25h[?2026l[?2026h[?25l[A[1Gpulling manifest [K
pulling a3de86cd1c13:  18% ▕███               ▏ 937 MB/5.2 GB   15 MB/s   4m34s[K[?25h[?2026l[?2026h[?25l[A[1Gpulling manifest [K
pulling a3de86cd1c13:  18% ▕███               ▏ 938 MB/5.2 GB   15 MB/s   4m34s[K[?25h[?2026l[?2026h[?25l[A[1Gpulling manifest [K
pulling a3de86cd1c13:  18% ▕███               ▏ 938 MB/5.2 GB   15 MB/s   4m34s[K[?25h[?2026l[?2026h[?25l[A[1Gpulling manifest [K
pulling a3de86cd1c13:  18% ▕███               ▏ 940 MB/5.2 GB   15 MB/s   4m33s[K[?25h[?2026l[?2026h[?25l[A[1Gpulling manifest [K
pulling a3de86cd1c13:  18% ▕███               ▏ 942 MB/5.2 GB   15 MB/s   4m33s[K[?25h[?2026l[?2026h[?25l[A[1Gpulling manifest [K
pulling a3de86cd1c13:  18% ▕███               ▏ 942 MB/5.2 GB   15 MB/s   4m33s[K[?25h[?2026l[?2026h[?25l[A[1Gpulling manifest [K
pulling a3de86cd1c13:  18% ▕███               ▏ 944 MB/5.2 GB   15 MB/s   4m33s[K[?25h[?2026l[?2026h[?25l[A[1Gpulling manifest [K
pulling a3de86cd1c13:  18% ▕███               ▏ 946 MB/5.2 GB   15 MB/s   4m33s[K[?25h[?2026l[?2026h[?25l[A[1Gpulling manifest [K
pulling a3de86cd1c13:  18% ▕███               ▏ 947 MB/5.2 GB   15 MB/s   4m33s[K[?25h[?2026l[?2026h[?25l[A[1Gpulling manifest [K
pulling a3de86cd1c13:  18% ▕███               ▏ 950 MB/5.2 GB   15 MB/s   4m33s[K[?25h[?2026l[?2026h[?25l[A[1Gpulling manifest [K
pulling a3de86cd1c13:  18% ▕███               ▏ 951 MB/5.2 GB   15 MB/s   4m34s[K[?25h[?2026l[?2026h[?25l[A[1Gpulling manifest [K
pulling a3de86cd1c13:  18% ▕███               ▏ 952 MB/5.2 GB   15 MB/s   4m34s[K[?25h[?2026l[?2026h[?25l[A[1Gpulling manifest [K
pulling a3de86cd1c13:  18% ▕███               ▏ 954 MB/5.2 GB   15 MB/s   4m34s[K[?25h[?2026l[?2026h[?25l[A[1Gpulling manifest [K
pulling a3de86cd1c13:  18% ▕███               ▏ 955 MB/5.2 GB   15 MB/s   4m34s[K[?25h[?2026l[?2026h[?25l[A[1Gpulling manifest [K
pulling a3de86cd1c13:  18% ▕███               ▏ 956 MB/5.2 GB   15 MB/s   4m34s[K[?25h[?2026l[?2026h[?25l[A[1Gpulling manifest [K
pulling a3de86cd1c13:  18% ▕███               ▏ 958 MB/5.2 GB   15 MB/s   4m34s[K[?25h[?2026l[?2026h[?25l[A[1Gpulling manifest [K
pulling a3de86cd1c13:  18% ▕███               ▏ 960 MB/5.2 GB   15 MB/s   4m33s[K[?25h[?2026l[?2026h[?25l[A[1Gpulling manifest [K
pulling a3de86cd1c13:  18% ▕███               ▏ 961 MB/5.2 GB   15 MB/s   4m33s[K[?25h[?2026l[?2026h[?25l[A[1Gpulling manifest [K
pulling a3de86cd1c13:  18% ▕███               ▏ 963 MB/5.2 GB   15 MB/s   4m33s[K[?25h[?2026l[?2026h[?25l[A[1Gpulling manifest [K
pulling a3de86cd1c13:  18% ▕███               ▏ 965 MB/5.2 GB   15 MB/s   4m33s[K[?25h[?2026l[?2026h[?25l[A[1Gpulling manifest [K
pulling a3de86cd1c13:  18% ▕███               ▏ 965 MB/5.2 GB   15 MB/s   4m35s[K[?25h[?2026l[?2026h[?25l[A[1Gpulling manifest [K
pulling a3de86cd1c13:  19% ▕███               ▏ 967 MB/5.2 GB   15 MB/s   4m35s[K[?25h[?2026l[?2026h[?25l[A[1Gpulling manifest [K
pulling a3de86cd1c13:  19% ▕███               ▏ 969 MB/5.2 GB   15 MB/s   4m35s[K[?25h[?2026l[?2026h[?25l[A[1Gpulling manifest [K
pulling a3de86cd1c13:  19% ▕███               ▏ 970 MB/5.2 GB   15 MB/s   4m34s[K[?25h[?2026l[?2026h[?25l[A[1Gpulling manifest [K
pulling a3de86cd1c13:  19% ▕███               ▏ 972 MB/5.2 GB   15 MB/s   4m34s[K[?25h[?2026l[?2026h[?25l[A[1Gpulling manifest [K
pulling a3de86cd1c13:  19% ▕███               ▏ 974 MB/5.2 GB   15 MB/s   4m34s[K[?25h[?2026l[?2026h[?25l[A[1Gpulling manifest [K
pulling a3de86cd1c13:  19% ▕███               ▏ 975 MB/5.2 GB   15 MB/s   4m34s[K[?25h[?2026l[?2026h[?25l[A[1Gpulling manifest [K
pulling a3de86cd1c13:  19% ▕███               ▏ 977 MB/5.2 GB   15 MB/s   4m34s[K[?25h[?2026l[?2026h[?25l[A[1Gpulling manifest [K
pulling a3de86cd1c13:  19% ▕███               ▏ 979 MB/5.2 GB   15 MB/s   4m34s[K[?25h[?2026l[?2026h[?25l[A[1Gpulling manifest [K
pulling a3de86cd1c13:  19% ▕███               ▏ 981 MB/5.2 GB   15 MB/s   4m34s[K[?25h[?2026l[?2026h[?25l[A[1Gpulling manifest [K
pulling a3de86cd1c13:  19% ▕███               ▏ 982 MB/5.2 GB   15 MB/s   4m32s[K[?25h[?2026l[?2026h[?25l[A[1Gpulling manifest [K
pulling a3de86cd1c13:  19% ▕███               ▏ 983 MB/5.2 GB   15 MB/s   4m32s[K[?25h[?2026l[?2026h[?25l[A[1Gpulling manifest [K
pulling a3de86cd1c13:  19% ▕███               ▏ 984 MB/5.2 GB   15 MB/s   4m32s[K[?25h[?2026l[?2026h[?25l[A[1Gpulling manifest [K
pulling a3de86cd1c13:  19% ▕███               ▏ 986 MB/5.2 GB   15 MB/s   4m31s[K[?25h[?2026l[?2026h[?25l[A[1Gpulling manifest [K
pulling a3de86cd1c13:  19% ▕███               ▏ 988 MB/5.2 GB   15 MB/s   4m31s[K[?25h[?2026l[?2026h[?25l[A[1Gpulling manifest [K
pulling a3de86cd1c13:  19% ▕███               ▏ 989 MB/5.2 GB   15 MB/s   4m31s[K[?25h[?2026l[?2026h[?25l[A[1Gpulling manifest [K
pulling a3de86cd1c13:  19% ▕███               ▏ 990 MB/5.2 GB   15 MB/s   4m31s[K[?25h[?2026l[?2026h[?25l[A[1Gpulling manifest [K
pulling a3de86cd1c13:  19% ▕███               ▏ 992 MB/5.2 GB   15 MB/s   4m31s[K[?25h[?2026l[?2026h[?25l[A[1Gpulling manifest [K
pulling a3de86cd1c13:  19% ▕███               ▏ 993 MB/5.2 GB   15 MB/s   4m31s[K[?25h[?2026l[?2026h[?25l[A[1Gpulling manifest [K
pulling a3de86cd1c13:  19% ▕███               ▏ 995 MB/5.2 GB   15 MB/s   4m31s[K[?25h[?2026l[?2026h[?25l[A[1Gpulling manifest [K
pulling a3de86cd1c13:  19% ▕███               ▏ 998 MB/5.2 GB   15 MB/s   4m32s[K[?25h[?2026l[?2026h[?25l[A[1Gpulling manifest [K
pulling a3de86cd1c13:  19% ▕███               ▏ 999 MB/5.2 GB   15 MB/s   4m31s[K[?25h[?2026l[?2026h[?25l[A[1Gpulling manifest [K
pulling a3de86cd1c13:  19% ▕███               ▏ 1.0 GB/5.2 GB   15 MB/s   4m31s[K[?25h[?2026l[?2026h[?25l[A[1Gpulling manifest [K
pulling a3de86cd1c13:  19% ▕███               ▏ 1.0 GB/5.2 GB   15 MB/s   4m31s[K[?25h[?2026l[?2026h[?25l[A[1Gpulling manifest [K
pulling a3de86cd1c13:  19% ▕███               ▏ 1.0 GB/5.2 GB   15 MB/s   4m31s[K[?25h[?2026l[?2026h[?25l[A[1Gpulling manifest [K
pulling a3de86cd1c13:  19% ▕███               ▏ 1.0 GB/5.2 GB   15 MB/s   4m31s[K[?25h[?2026l[?2026h[?25l[A[1Gpulling manifest [K
pulling a3de86cd1c13:  19% ▕███               ▏ 1.0 GB/5.2 GB   15 MB/s   4m31s[K[?25h[?2026l[?2026h[?25l[A[1Gpulling manifest [K
pulling a3de86cd1c13:  19% ▕███               ▏ 1.0 GB/5.2 GB   15 MB/s   4m31s[K[?25h[?2026l[?2026h[?25l[A[1Gpulling manifest [K
pulling a3de86cd1c13:  19% ▕███               ▏ 1.0 GB/5.2 GB   15 MB/s   4m31s[K[?25h[?2026l[?2026h[?25l[A[1Gpulling manifest [K
pulling a3de86cd1c13:  19% ▕███               ▏ 1.0 GB/5.2 GB   15 MB/s   4m31s[K[?25h[?2026l[?2026h[?25l[A[1Gpulling manifest [K
pulling a3de86cd1c13:  19% ▕███               ▏ 1.0 GB/5.2 GB   15 MB/s   4m31s[K[?25h[?2026l[?2026h[?25l[A[1Gpulling manifest [K
pulling a3de86cd1c13:  19% ▕███               ▏ 1.0 GB/5.2 GB   15 MB/s   4m35s[K[?25h[?2026l[?2026h[?25l[A[1Gpulling manifest [K
pulling a3de86cd1c13:  19% ▕███               ▏ 1.0 GB/5.2 GB   15 MB/s   4m35s[K[?25h[?2026l[?2026h[?25l[A[1Gpulling manifest [K
pulling a3de86cd1c13:  19% ▕███               ▏ 1.0 GB/5.2 GB   15 MB/s   4m35s[K[?25h[?2026l[?2026h[?25l[A[1Gpulling manifest [K
pulling a3de86cd1c13:  19% ▕███               ▏ 1.0 GB/5.2 GB   15 MB/s   4m35s[K[?25h[?2026l[?2026h[?25l[A[1Gpulling manifest [K
pulling a3de86cd1c13:  19% ▕███               ▏ 1.0 GB/5.2 GB   15 MB/s   4m34s[K[?25h[?2026l[?2026h[?25l[A[1Gpulling manifest [K
pulling a3de86cd1c13:  20% ▕███               ▏ 1.0 GB/5.2 GB   15 MB/s   4m34s[K[?25h[?2026l[?2026h[?25l[A[1Gpulling manifest [K
pulling a3de86cd1c13:  20% ▕███               ▏ 1.0 GB/5.2 GB   15 MB/s   4m34s[K[?25h[?2026l[?2026h[?25l[A[1Gpulling manifest [K
pulling a3de86cd1c13:  20% ▕███               ▏ 1.0 GB/5.2 GB   15 MB/s   4m34s[K[?25h[?2026l[?2026h[?25l[A[1Gpulling manifest [K
pulling a3de86cd1c13:  20% ▕███               ▏ 1.0 GB/5.2 GB   15 MB/s   4m34s[K[?25h[?2026l[?2026h[?25l[A[1Gpulling manifest [K
pulling a3de86cd1c13:  20% ▕███               ▏ 1.0 GB/5.2 GB   15 MB/s   4m34s[K[?25h[?2026l[?2026h[?25l[A[1Gpulling manifest [K
pulling a3de86cd1c13:  20% ▕███               ▏ 1.0 GB/5.2 GB   15 MB/s   4m37s[K[?25h[?2026l[?2026h[?25l[A[1Gpulling manifest [K
pulling a3de86cd1c13:  20% ▕███               ▏ 1.0 GB/5.2 GB   15 MB/s   4m37s[K[?25h[?2026l[?2026h[?25l[A[1Gpulling manifest [K
pulling a3de86cd1c13:  20% ▕███               ▏ 1.0 GB/5.2 GB   15 MB/s   4m37s[K[?25h[?2026l[?2026h[?25l[A[1Gpulling manifest [K
pulling a3de86cd1c13:  20% ▕███               ▏ 1.0 GB/5.2 GB   15 MB/s   4m37s[K[?25h[?2026l[?2026h[?25l[A[1Gpulling manifest [K
pulling a3de86cd1c13:  20% ▕███               ▏ 1.0 GB/5.2 GB   15 MB/s   4m37s[K[?25h[?2026l[?2026h[?25l[A[1Gpulling manifest [K
pulling a3de86cd1c13:  20% ▕███               ▏ 1.0 GB/5.2 GB   15 MB/s   4m37s[K[?25h[?2026l[?2026h[?25l[A[1Gpulling manifest [K
pulling a3de86cd1c13:  20% ▕███               ▏ 1.0 GB/5.2 GB   15 MB/s   4m37s[K[?25h[?2026l[?2026h[?25l[A[1Gpulling manifest [K
pulling a3de86cd1c13:  20% ▕███               ▏ 1.0 GB/5.2 GB   15 MB/s   4m37s[K[?25h[?2026l[?2026h[?25l[A[1Gpulling manifest [K
pulling a3de86cd1c13:  20% ▕███               ▏ 1.0 GB/5.2 GB   15 MB/s   4m37s[K[?25h[?2026l[?2026h[?25l[A[1Gpulling manifest [K
pulling a3de86cd1c13:  20% ▕███               ▏ 1.0 GB/5.2 GB   15 MB/s   4m37s[K[?25h[?2026l[?2026h[?25l[A[1Gpulling manifest [K
pulling a3de86cd1c13:  20% ▕███               ▏ 1.0 GB/5.2 GB   14 MB/s   4m40s[K[?25h[?2026l[?2026h[?25l[A[1Gpulling manifest [K
pulling a3de86cd1c13:  20% ▕███               ▏ 1.0 GB/5.2 GB   14 MB/s   4m40s[K[?25h[?2026l[?2026h[?25l[A[1Gpulling manifest [K
pulling a3de86cd1c13:  20% ▕███               ▏ 1.0 GB/5.2 GB   14 MB/s   4m40s[K[?25h[?2026l[?2026h[?25l[A[1Gpulling manifest [K
pulling a3de86cd1c13:  20% ▕███               ▏ 1.0 GB/5.2 GB   14 MB/s   4m40s[K[?25h[?2026l[?2026h[?25l[A[1Gpulling manifest [K
pulling a3de86cd1c13:  20% ▕███               ▏ 1.0 GB/5.2 GB   14 MB/s   4m40s[K[?25h[?2026l[?2026h[?25l[A[1Gpulling manifest [K
pulling a3de86cd1c13:  20% ▕███               ▏ 1.0 GB/5.2 GB   14 MB/s   4m40s[K[?25h[?2026l[?2026h[?25l[A[1Gpulling manifest [K
pulling a3de86cd1c13:  20% ▕███               ▏ 1.0 GB/5.2 GB   14 MB/s   4m40s[K[?25h[?2026l[?2026h[?25l[A[1Gpulling manifest [K
pulling a3de86cd1c13:  20% ▕███               ▏ 1.0 GB/5.2 GB   14 MB/s   4m40s[K[?25h[?2026l[?2026h[?25l[A[1Gpulling manifest [K
pulling a3de86cd1c13:  20% ▕███               ▏ 1.0 GB/5.2 GB   14 MB/s   4m40s[K[?25h[?2026l[?2026h[?25l[A[1Gpulling manifest [K
pulling a3de86cd1c13:  20% ▕███               ▏ 1.1 GB/5.2 GB   14 MB/s   4m39s[K[?25h[?2026l[?2026h[?25l[A[1Gpulling manifest [K
pulling a3de86cd1c13:  20% ▕███               ▏ 1.1 GB/5.2 GB   14 MB/s   4m44s[K[?25h[?2026l[?2026h[?25l[A[1Gpulling manifest [K
pulling a3de86cd1c13:  20% ▕███               ▏ 1.1 GB/5.2 GB   14 MB/s   4m44s[K[?25h[?2026l[?2026h[?25l[A[1Gpulling manifest [K
pulling a3de86cd1c13:  20% ▕███               ▏ 1.1 GB/5.2 GB   14 MB/s   4m44s[K[?25h[?2026l[?2026h[?25l[A[1Gpulling manifest [K
pulling a3de86cd1c13:  20% ▕███               ▏ 1.1 GB/5.2 GB   14 MB/s   4m44s[K[?25h[?2026l[?2026h[?25l[A[1Gpulling manifest [K
pulling a3de86cd1c13:  20% ▕███               ▏ 1.1 GB/5.2 GB   14 MB/s   4m44s[K[?25h[?2026l[?2026h[?25l[A[1Gpulling manifest [K
pulling a3de86cd1c13:  20% ▕███               ▏ 1.1 GB/5.2 GB   14 MB/s   4m43s[K[?25h[?2026l[?2026h[?25l[A[1Gpulling manifest [K
pulling a3de86cd1c13:  20% ▕███               ▏ 1.1 GB/5.2 GB   14 MB/s   4m43s[K[?25h[?2026l[?2026h[?25l[A[1Gpulling manifest [K
pulling a3de86cd1c13:  20% ▕███               ▏ 1.1 GB/5.2 GB   14 MB/s   4m43s[K[?25h[?2026l[?2026h[?25l[A[1Gpulling manifest [K
pulling a3de86cd1c13:  20% ▕███               ▏ 1.1 GB/5.2 GB   14 MB/s   4m43s[K[?25h[?2026l[?2026h[?25l[A[1Gpulling manifest [K
pulling a3de86cd1c13:  20% ▕███               ▏ 1.1 GB/5.2 GB   14 MB/s   4m43s[K[?25h[?2026l[?2026h[?25l[A[1Gpulling manifest [K
pulling a3de86cd1c13:  20% ▕███               ▏ 1.1 GB/5.2 GB   14 MB/s   4m52s[K[?25h[?2026l[?2026h[?25l[A[1Gpulling manifest [K
pulling a3de86cd1c13:  20% ▕███               ▏ 1.1 GB/5.2 GB   14 MB/s   4m52s[K[?25h[?2026l[?2026h[?25l[A[1Gpulling manifest [K
pulling a3de86cd1c13:  20% ▕███               ▏ 1.1 GB/5.2 GB   14 MB/s   4m52s[K[?25h[?2026l[?2026h[?25l[A[1Gpulling manifest [K
pulling a3de86cd1c13:  20% ▕███               ▏ 1.1 GB/5.2 GB   14 MB/s   4m52s[K[?25h[?2026l[?2026h[?25l[A[1Gpulling manifest [K
pulling a3de86cd1c13:  20% ▕███               ▏ 1.1 GB/5.2 GB   14 MB/s   4m52s[K[?25h[?2026l[?2026h[?25l[A[1Gpulling manifest [K
pulling a3de86cd1c13:  20% ▕███               ▏ 1.1 GB/5.2 GB   14 MB/s   4m52s[K[?25h[?2026l[?2026h[?25l[A[1Gpulling manifest [K
pulling a3de86cd1c13:  21% ▕███               ▏ 1.1 GB/5.2 GB   14 MB/s   4m52s[K[?25h[?2026l[?2026h[?25l[A[1Gpulling manifest [K
pulling a3de86cd1c13:  21% ▕███               ▏ 1.1 GB/5.2 GB   14 MB/s   4m52s[K[?25h[?2026l[?2026h[?25l[A[1Gpulling manifest [K
pulling a3de86cd1c13:  21% ▕███               ▏ 1.1 GB/5.2 GB   14 MB/s   4m51s[K[?25h[?2026l[?2026h[?25l[A[1Gpulling manifest [K
pulling a3de86cd1c13:  21% ▕███               ▏ 1.1 GB/5.2 GB   14 MB/s   4m51s[K[?25h[?2026l[?2026h[?25l[A[1Gpulling manifest [K
pulling a3de86cd1c13:  21% ▕███               ▏ 1.1 GB/5.2 GB   14 MB/s   4m51s[K[?25h[?2026l[?2026h[?25l[A[1Gpulling manifest [K
pulling a3de86cd1c13:  21% ▕███               ▏ 1.1 GB/5.2 GB   14 MB/s   4m55s[K[?25h[?2026l[?2026h[?25l[A[1Gpulling manifest [K
pulling a3de86cd1c13:  21% ▕███               ▏ 1.1 GB/5.2 GB   14 MB/s   4m55s[K[?25h[?2026l[?2026h[?25l[A[1Gpulling manifest [K
pulling a3de86cd1c13:  21% ▕███               ▏ 1.1 GB/5.2 GB   14 MB/s   4m55s[K[?25h[?2026l[?2026h[?25l[A[1Gpulling manifest [K
pulling a3de86cd1c13:  21% ▕███               ▏ 1.1 GB/5.2 GB   14 MB/s   4m54s[K[?25h[?2026l[?2026h[?25l[A[1Gpulling manifest [K
pulling a3de86cd1c13:  21% ▕███               ▏ 1.1 GB/5.2 GB   14 MB/s   4m54s[K[?25h[?2026l[?2026h[?25l[A[1Gpulling manifest [K
pulling a3de86cd1c13:  21% ▕███               ▏ 1.1 GB/5.2 GB   14 MB/s   4m54s[K[?25h[?2026l[?2026h[?25l[A[1Gpulling manifest [K
pulling a3de86cd1c13:  21% ▕███               ▏ 1.1 GB/5.2 GB   14 MB/s   4m54s[K[?25h[?2026l[?2026h[?25l[A[1Gpulling manifest [K
pulling a3de86cd1c13:  21% ▕███               ▏ 1.1 GB/5.2 GB   14 MB/s   4m54s[K[?25h[?2026l[?2026h[?25l[A[1Gpulling manifest [K
pulling a3de86cd1c13:  21% ▕███               ▏ 1.1 GB/5.2 GB   14 MB/s   4m54s[K[?25h[?2026l[?2026h[?25l[A[1Gpulling manifest [K
pulling a3de86cd1c13:  21% ▕███               ▏ 1.1 GB/5.2 GB   14 MB/s   4m54s[K[?25h[?2026l[?2026h[?25l[A[1Gpulling manifest [K
pulling a3de86cd1c13:  21% ▕███               ▏ 1.1 GB/5.2 GB   13 MB/s   4m57s[K[?25h[?2026l[?2026h[?25l[A[1Gpulling manifest [K
pulling a3de86cd1c13:  21% ▕███               ▏ 1.1 GB/5.2 GB   13 MB/s   4m57s[K[?25h[?2026l[?2026h[?25l[A[1Gpulling manifest [K
pulling a3de86cd1c13:  21% ▕███               ▏ 1.1 GB/5.2 GB   13 MB/s   4m57s[K[?25h[?2026l[?2026h[?25l[A[1Gpulling manifest [K
pulling a3de86cd1c13:  21% ▕███               ▏ 1.1 GB/5.2 GB   13 MB/s   4m57s[K[?25h[?2026l[?2026h[?25l[A[1Gpulling manifest [K
pulling a3de86cd1c13:  21% ▕███               ▏ 1.1 GB/5.2 GB   13 MB/s   4m57s[K[?25h[?2026l[?2026h[?25l[A[1Gpulling manifest [K
pulling a3de86cd1c13:  21% ▕███               ▏ 1.1 GB/5.2 GB   13 MB/s   4m57s[K[?25h[?2026l[?2026h[?25l[A[1Gpulling manifest [K
pulling a3de86cd1c13:  21% ▕███               ▏ 1.1 GB/5.2 GB   13 MB/s   4m57s[K[?25h[?2026l[?2026h[?25l[A[1Gpulling manifest [K
pulling a3de86cd1c13:  21% ▕███               ▏ 1.1 GB/5.2 GB   13 MB/s   4m57s[K[?25h[?2026l[?2026h[?25l[A[1Gpulling manifest [K
pulling a3de86cd1c13:  21% ▕███               ▏ 1.1 GB/5.2 GB   13 MB/s   4m57s[K[?25h[?2026l[?2026h[?25l[A[1Gpulling manifest [K
pulling a3de86cd1c13:  21% ▕███               ▏ 1.1 GB/5.2 GB   13 MB/s   4m57s[K[?25h[?2026l[?2026h[?25l[A[1Gpulling manifest [K
pulling a3de86cd1c13:  21% ▕███               ▏ 1.1 GB/5.2 GB   13 MB/s    5m8s[K[?25h[?2026l[?2026h[?25l[A[1Gpulling manifest [K
pulling a3de86cd1c13:  21% ▕███               ▏ 1.1 GB/5.2 GB   13 MB/s    5m8s[K[?25h[?2026l[?2026h[?25l[A[1Gpulling manifest [K
pulling a3de86cd1c13:  21% ▕███               ▏ 1.1 GB/5.2 GB   13 MB/s    5m8s[K[?25h[?2026l[?2026h[?25l[A[1Gpulling manifest [K
pulling a3de86cd1c13:  21% ▕███               ▏ 1.1 GB/5.2 GB   13 MB/s    5m8s[K[?25h[?2026l[?2026h[?25l[A[1Gpulling manifest [K
pulling a3de86cd1c13:  21% ▕███               ▏ 1.1 GB/5.2 GB   13 MB/s    5m8s[K[?25h[?2026l[?2026h[?25l[A[1Gpulling manifest [K
pulling a3de86cd1c13:  21% ▕███               ▏ 1.1 GB/5.2 GB   13 MB/s    5m8s[K[?25h[?2026l[?2026h[?25l[A[1Gpulling manifest [K
pulling a3de86cd1c13:  21% ▕███               ▏ 1.1 GB/5.2 GB   13 MB/s    5m8s[K[?25h[?2026l[?2026h[?25l[A[1Gpulling manifest [K
pulling a3de86cd1c13:  21% ▕███               ▏ 1.1 GB/5.2 GB   13 MB/s    5m8s[K[?25h[?2026l[?2026h[?25l[A[1Gpulling manifest [K
pulling a3de86cd1c13:  21% ▕███               ▏ 1.1 GB/5.2 GB   13 MB/s    5m8s[K[?25h[?2026l[?2026h[?25l[A[1Gpulling manifest [K
pulling a3de86cd1c13:  21% ▕███               ▏ 1.1 GB/5.2 GB   13 MB/s    5m8s[K[?25h[?2026l[?2026h[?25l[A[1Gpulling manifest [K
pulling a3de86cd1c13:  21% ▕███               ▏ 1.1 GB/5.2 GB   13 MB/s   5m15s[K[?25h[?2026l[?2026h[?25l[A[1Gpulling manifest [K
pulling a3de86cd1c13:  21% ▕███               ▏ 1.1 GB/5.2 GB   13 MB/s   5m15s[K[?25h[?2026l[?2026h[?25l[A[1Gpulling manifest [K
pulling a3de86cd1c13:  21% ▕███               ▏ 1.1 GB/5.2 GB   13 MB/s   5m15s[K[?25h[?2026l[?2026h[?25l[A[1Gpulling manifest [K
pulling a3de86cd1c13:  21% ▕███               ▏ 1.1 GB/5.2 GB   13 MB/s   5m15s[K[?25h[?2026l[?2026h[?25l[A[1Gpulling manifest [K
pulling a3de86cd1c13:  21% ▕███               ▏ 1.1 GB/5.2 GB   13 MB/s   5m15s[K[?25h[?2026l[?2026h[?25l[A[1Gpulling manifest [K
pulling a3de86cd1c13:  21% ▕███               ▏ 1.1 GB/5.2 GB   13 MB/s   5m15s[K[?25h[?2026l[?2026h[?25l[A[1Gpulling manifest [K
pulling a3de86cd1c13:  21% ▕███               ▏ 1.1 GB/5.2 GB   13 MB/s   5m15s[K[?25h[?2026l[?2026h[?25l[A[1Gpulling manifest [K
pulling a3de86cd1c13:  22% ▕███               ▏ 1.1 GB/5.2 GB   13 MB/s   5m15s[K[?25h[?2026l[?2026h[?25l[A[1Gpulling manifest [K
pulling a3de86cd1c13:  22% ▕███               ▏ 1.1 GB/5.2 GB   13 MB/s   5m15s[K[?25h[?2026l[?2026h[?25l[A[1Gpulling manifest [K
pulling a3de86cd1c13:  22% ▕███               ▏ 1.1 GB/5.2 GB   13 MB/s   5m15s[K[?25h[?2026l[?2026h[?25l[A[1Gpulling manifest [K
pulling a3de86cd1c13:  22% ▕███               ▏ 1.1 GB/5.2 GB   12 MB/s   5m17s[K[?25h[?2026l[?2026h[?25l[A[1Gpulling manifest [K
pulling a3de86cd1c13:  22% ▕███               ▏ 1.1 GB/5.2 GB   12 MB/s   5m17s[K[?25h[?2026l[?2026h[?25l[A[1Gpulling manifest [K
pulling a3de86cd1c13:  22% ▕███               ▏ 1.1 GB/5.2 GB   12 MB/s   5m16s[K[?25h[?2026l[?2026h[?25l[A[1Gpulling manifest [K
pulling a3de86cd1c13:  22% ▕███               ▏ 1.1 GB/5.2 GB   12 MB/s   5m16s[K[?25h[?2026l[?2026h[?25l[A[1Gpulling manifest [K
pulling a3de86cd1c13:  22% ▕███               ▏ 1.1 GB/5.2 GB   12 MB/s   5m16s[K[?25h[?2026l[?2026h[?25l[A[1Gpulling manifest [K
pulling a3de86cd1c13:  22% ▕███               ▏ 1.1 GB/5.2 GB   12 MB/s   5m16s[K[?25h[?2026l[?2026h[?25l[A[1Gpulling manifest [K
pulling a3de86cd1c13:  22% ▕███               ▏ 1.1 GB/5.2 GB   12 MB/s   5m16s[K[?25h[?2026l[?2026h[?25l[A[1Gpulling manifest [K
pulling a3de86cd1c13:  22% ▕███               ▏ 1.1 GB/5.2 GB   12 MB/s   5m16s[K[?25h[?2026l[?2026h[?25l[A[1Gpulling manifest [K
pulling a3de86cd1c13:  22% ▕███               ▏ 1.1 GB/5.2 GB   12 MB/s   5m16s[K[?25h[?2026l[?2026h[?25l[A[1Gpulling manifest [K
pulling a3de86cd1c13:  22% ▕███               ▏ 1.1 GB/5.2 GB   12 MB/s   5m16s[K[?25h[?2026l[?2026h[?25l[A[1Gpulling manifest [K
pulling a3de86cd1c13:  22% ▕███               ▏ 1.1 GB/5.2 GB   12 MB/s   5m16s[K[?25h[?2026l[?2026h[?25l[A[1Gpulling manifest [K
pulling a3de86cd1c13:  22% ▕███               ▏ 1.1 GB/5.2 GB   12 MB/s   5m16s[K[?25h[?2026l[?2026h[?25l[A[1Gpulling manifest [K
pulling a3de86cd1c13:  22% ▕███               ▏ 1.1 GB/5.2 GB   12 MB/s   5m16s[K[?25h[?2026l[?2026h[?25l[A[1Gpulling manifest [K
pulling a3de86cd1c13:  22% ▕███               ▏ 1.1 GB/5.2 GB   12 MB/s   5m16s[K[?25h[?2026l[?2026h[?25l[A[1Gpulling manifest [K
pulling a3de86cd1c13:  22% ▕███               ▏ 1.1 GB/5.2 GB   12 MB/s   5m15s[K[?25h[?2026l[?2026h[?25l[A[1Gpulling manifest [K
pulling a3de86cd1c13:  22% ▕███               ▏ 1.1 GB/5.2 GB   12 MB/s   5m15s[K[?25h[?2026l[?2026h[?25l[A[1Gpulling manifest [K
pulling a3de86cd1c13:  22% ▕███               ▏ 1.2 GB/5.2 GB   12 MB/s   5m15s[K[?25h[?2026l[?2026h[?25l[A[1Gpulling manifest [K
pulling a3de86cd1c13:  22% ▕███               ▏ 1.2 GB/5.2 GB   12 MB/s   5m15s[K[?25h[?2026l[?2026h[?25l[A[1Gpulling manifest [K
pulling a3de86cd1c13:  22% ▕███               ▏ 1.2 GB/5.2 GB   12 MB/s   5m15s[K[?25h[?2026l[?2026h[?25l[A[1Gpulling manifest [K
pulling a3de86cd1c13:  22% ▕███               ▏ 1.2 GB/5.2 GB   12 MB/s   5m15s[K[?25h[?2026l[?2026h[?25l[A[1Gpulling manifest [K
pulling a3de86cd1c13:  22% ▕███               ▏ 1.2 GB/5.2 GB   12 MB/s   5m15s[K[?25h[?2026l[?2026h[?25l[A[1Gpulling manifest [K
pulling a3de86cd1c13:  22% ▕███               ▏ 1.2 GB/5.2 GB   13 MB/s    5m8s[K[?25h[?2026l[?2026h[?25l[A[1Gpulling manifest [K
pulling a3de86cd1c13:  22% ▕███               ▏ 1.2 GB/5.2 GB   13 MB/s    5m8s[K[?25h[?2026l[?2026h[?25l[A[1Gpulling manifest [K
pulling a3de86cd1c13:  22% ▕███               ▏ 1.2 GB/5.2 GB   13 MB/s    5m8s[K[?25h[?2026l[?2026h[?25l[A[1Gpulling manifest [K
pulling a3de86cd1c13:  22% ▕████              ▏ 1.2 GB/5.2 GB   13 MB/s    5m8s[K[?25h[?2026l[?2026h[?25l[A[1Gpulling manifest [K
pulling a3de86cd1c13:  22% ▕████              ▏ 1.2 GB/5.2 GB   13 MB/s    5m8s[K[?25h[?2026l[?2026h[?25l[A[1Gpulling manifest [K
pulling a3de86cd1c13:  22% ▕████              ▏ 1.2 GB/5.2 GB   13 MB/s    5m8s[K[?25h[?2026l[?2026h[?25l[A[1Gpulling manifest [K
pulling a3de86cd1c13:  22% ▕████              ▏ 1.2 GB/5.2 GB   13 MB/s    5m7s[K[?25h[?2026l[?2026h[?25l[A[1Gpulling manifest [K
pulling a3de86cd1c13:  22% ▕████              ▏ 1.2 GB/5.2 GB   13 MB/s    5m7s[K[?25h[?2026l[?2026h[?25l[A[1Gpulling manifest [K
pulling a3de86cd1c13:  22% ▕████              ▏ 1.2 GB/5.2 GB   13 MB/s    5m7s[K[?25h[?2026l[?2026h[?25l[A[1Gpulling manifest [K
pulling a3de86cd1c13:  22% ▕████              ▏ 1.2 GB/5.2 GB   13 MB/s    5m7s[K[?25h[?2026l[?2026h[?25l[A[1Gpulling manifest [K
pulling a3de86cd1c13:  22% ▕████              ▏ 1.2 GB/5.2 GB   13 MB/s    5m1s[K[?25h[?2026l[?2026h[?25l[A[1Gpulling manifest [K
pulling a3de86cd1c13:  22% ▕████              ▏ 1.2 GB/5.2 GB   13 MB/s    5m1s[K[?25h[?2026l[?2026h[?25l[A[1Gpulling manifest [K
pulling a3de86cd1c13:  23% ▕████              ▏ 1.2 GB/5.2 GB   13 MB/s    5m1s[K[?25h[?2026l[?2026h[?25l[A[1Gpulling manifest [K
pulling a3de86cd1c13:  23% ▕████              ▏ 1.2 GB/5.2 GB   13 MB/s    5m1s[K[?25h[?2026l[?2026h[?25l[A[1Gpulling manifest [K
pulling a3de86cd1c13:  23% ▕████              ▏ 1.2 GB/5.2 GB   13 MB/s    5m1s[K[?25h[?2026l[?2026h[?25l[A[1Gpulling manifest [K
pulling a3de86cd1c13:  23% ▕████              ▏ 1.2 GB/5.2 GB   13 MB/s    5m1s[K[?25h[?2026l[?2026h[?25l[A[1Gpulling manifest [K
pulling a3de86cd1c13:  23% ▕████              ▏ 1.2 GB/5.2 GB   13 MB/s    5m1s[K[?25h[?2026l[?2026h[?25l[A[1Gpulling manifest [K
pulling a3de86cd1c13:  23% ▕████              ▏ 1.2 GB/5.2 GB   13 MB/s    5m0s[K[?25h[?2026l[?2026h[?25l[A[1Gpulling manifest [K
pulling a3de86cd1c13:  23% ▕████              ▏ 1.2 GB/5.2 GB   13 MB/s    5m0s[K[?25h[?2026l[?2026h[?25l[A[1Gpulling manifest [K
pulling a3de86cd1c13:  23% ▕████              ▏ 1.2 GB/5.2 GB   13 MB/s    5m0s[K[?25h[?2026l[?2026h[?25l[A[1Gpulling manifest [K
pulling a3de86cd1c13:  23% ▕████              ▏ 1.2 GB/5.2 GB   13 MB/s   4m56s[K[?25h[?2026l[?2026h[?25l[A[1Gpulling manifest [K
pulling a3de86cd1c13:  23% ▕████              ▏ 1.2 GB/5.2 GB   13 MB/s   4m56s[K[?25h[?2026l[?2026h[?25l[A[1Gpulling manifest [K
pulling a3de86cd1c13:  23% ▕████              ▏ 1.2 GB/5.2 GB   13 MB/s   4m56s[K[?25h[?2026l[?2026h[?25l[A[1Gpulling manifest [K
pulling a3de86cd1c13:  23% ▕████              ▏ 1.2 GB/5.2 GB   13 MB/s   4m56s[K[?25h[?2026l[?2026h[?25l[A[1Gpulling manifest [K
pulling a3de86cd1c13:  23% ▕████              ▏ 1.2 GB/5.2 GB   13 MB/s   4m55s[K[?25h[?2026l[?2026h[?25l[A[1Gpulling manifest [K
pulling a3de86cd1c13:  23% ▕████              ▏ 1.2 GB/5.2 GB   13 MB/s   4m55s[K[?25h[?2026l[?2026h[?25l[A[1Gpulling manifest [K
pulling a3de86cd1c13:  23% ▕████              ▏ 1.2 GB/5.2 GB   13 MB/s   4m55s[K[?25h[?2026l[?2026h[?25l[A[1Gpulling manifest [K
pulling a3de86cd1c13:  23% ▕████              ▏ 1.2 GB/5.2 GB   13 MB/s   4m55s[K[?25h[?2026l[?2026h[?25l[A[1Gpulling manifest [K
pulling a3de86cd1c13:  23% ▕████              ▏ 1.2 GB/5.2 GB   13 MB/s   4m55s[K[?25h[?2026l[?2026h[?25l[A[1Gpulling manifest [K
pulling a3de86cd1c13:  23% ▕████              ▏ 1.2 GB/5.2 GB   13 MB/s   4m55s[K[?25h[?2026l[?2026h[?25l[A[1Gpulling manifest [K
pulling a3de86cd1c13:  23% ▕████              ▏ 1.2 GB/5.2 GB   13 MB/s   4m51s[K[?25h[?2026l[?2026h[?25l[A[1Gpulling manifest [K
pulling a3de86cd1c13:  23% ▕████              ▏ 1.2 GB/5.2 GB   13 MB/s   4m51s[K[?25h[?2026l[?2026h[?25l[A[1Gpulling manifest [K
pulling a3de86cd1c13:  23% ▕████              ▏ 1.2 GB/5.2 GB   13 MB/s   4m51s[K[?25h[?2026l[?2026h[?25l[A[1Gpulling manifest [K
pulling a3de86cd1c13:  23% ▕████              ▏ 1.2 GB/5.2 GB   13 MB/s   4m51s[K[?25h[?2026l[?2026h[?25l[A[1Gpulling manifest [K
pulling a3de86cd1c13:  23% ▕████              ▏ 1.2 GB/5.2 GB   13 MB/s   4m51s[K[?25h[?2026l[?2026h[?25l[A[1Gpulling manifest [K
pulling a3de86cd1c13:  23% ▕████              ▏ 1.2 GB/5.2 GB   13 MB/s   4m51s[K[?25h[?2026l[?2026h[?25l[A[1Gpulling manifest [K
pulling a3de86cd1c13:  23% ▕████              ▏ 1.2 GB/5.2 GB   13 MB/s   4m51s[K[?25h[?2026l[?2026h[?25l[A[1Gpulling manifest [K
pulling a3de86cd1c13:  23% ▕████              ▏ 1.2 GB/5.2 GB   13 MB/s   4m51s[K[?25h[?2026l[?2026h[?25l[A[1Gpulling manifest [K
pulling a3de86cd1c13:  23% ▕████              ▏ 1.2 GB/5.2 GB   13 MB/s   4m50s[K[?25h[?2026l[?2026h[?25l[A[1Gpulling manifest [K
pulling a3de86cd1c13:  23% ▕████              ▏ 1.2 GB/5.2 GB   13 MB/s   4m50s[K[?25h[?2026l[?2026h[?25l[A[1Gpulling manifest [K
pulling a3de86cd1c13:  23% ▕████              ▏ 1.2 GB/5.2 GB   13 MB/s   4m50s[K[?25h[?2026l[?2026h[?25l[A[1Gpulling manifest [K
pulling a3de86cd1c13:  23% ▕████              ▏ 1.2 GB/5.2 GB   13 MB/s   4m48s[K[?25h[?2026l[?2026h[?25l[A[1Gpulling manifest [K
pulling a3de86cd1c13:  23% ▕████              ▏ 1.2 GB/5.2 GB   13 MB/s   4m48s[K[?25h[?2026l[?2026h[?25l[A[1Gpulling manifest [K
pulling a3de86cd1c13:  23% ▕████              ▏ 1.2 GB/5.2 GB   13 MB/s   4m48s[K[?25h[?2026l[?2026h[?25l[A[1Gpulling manifest [K
pulling a3de86cd1c13:  23% ▕████              ▏ 1.2 GB/5.2 GB   13 MB/s   4m48s[K[?25h[?2026l[?2026h[?25l[A[1Gpulling manifest [K
pulling a3de86cd1c13:  23% ▕████              ▏ 1.2 GB/5.2 GB   13 MB/s   4m47s[K[?25h[?2026l[?2026h[?25l[A[1Gpulling manifest [K
pulling a3de86cd1c13:  23% ▕████              ▏ 1.2 GB/5.2 GB   13 MB/s   4m47s[K[?25h[?2026l[?2026h[?25l[A[1Gpulling manifest [K
pulling a3de86cd1c13:  23% ▕████              ▏ 1.2 GB/5.2 GB   13 MB/s   4m47s[K[?25h[?2026l[?2026h[?25l[A[1Gpulling manifest [K
pulling a3de86cd1c13:  23% ▕████              ▏ 1.2 GB/5.2 GB   13 MB/s   4m47s[K[?25h[?2026l[?2026h[?25l[A[1Gpulling manifest [K
pulling a3de86cd1c13:  23% ▕████              ▏ 1.2 GB/5.2 GB   13 MB/s   4m47s[K[?25h[?2026l[?2026h[?25l[A[1Gpulling manifest [K
pulling a3de86cd1c13:  23% ▕████              ▏ 1.2 GB/5.2 GB   13 MB/s   4m47s[K[?25h[?2026l[?2026h[?25l[A[1Gpulling manifest [K
pulling a3de86cd1c13:  24% ▕████              ▏ 1.2 GB/5.2 GB   13 MB/s   4m46s[K[?25h[?2026l[?2026h[?25l[A[1Gpulling manifest [K
pulling a3de86cd1c13:  24% ▕████              ▏ 1.2 GB/5.2 GB   13 MB/s   4m46s[K[?25h[?2026l[?2026h[?25l[A[1Gpulling manifest [K
pulling a3de86cd1c13:  24% ▕████              ▏ 1.2 GB/5.2 GB   13 MB/s   4m46s[K[?25h[?2026l[?2026h[?25l[A[1Gpulling manifest [K
pulling a3de86cd1c13:  24% ▕████              ▏ 1.2 GB/5.2 GB   13 MB/s   4m46s[K[?25h[?2026l[?2026h[?25l[A[1Gpulling manifest [K
pulling a3de86cd1c13:  24% ▕████              ▏ 1.2 GB/5.2 GB   13 MB/s   4m46s[K[?25h[?2026l[?2026h[?25l[A[1Gpulling manifest [K
pulling a3de86cd1c13:  24% ▕████              ▏ 1.2 GB/5.2 GB   13 MB/s   4m45s[K[?25h[?2026l[?2026h[?25l[A[1Gpulling manifest [K
pulling a3de86cd1c13:  24% ▕████              ▏ 1.2 GB/5.2 GB   13 MB/s   4m45s[K[?25h[?2026l[?2026h[?25l[A[1Gpulling manifest [K
pulling a3de86cd1c13:  24% ▕████              ▏ 1.2 GB/5.2 GB   13 MB/s   4m45s[K[?25h[?2026l[?2026h[?25l[A[1Gpulling manifest [K
pulling a3de86cd1c13:  24% ▕████              ▏ 1.2 GB/5.2 GB   13 MB/s   4m45s[K[?25h[?2026l[?2026h[?25l[A[1Gpulling manifest [K
pulling a3de86cd1c13:  24% ▕████              ▏ 1.2 GB/5.2 GB   13 MB/s   4m45s[K[?25h[?2026l[?2026h[?25l[A[1Gpulling manifest [K
pulling a3de86cd1c13:  24% ▕████              ▏ 1.2 GB/5.2 GB   13 MB/s   4m45s[K[?25h[?2026l[?2026h[?25l[A[1Gpulling manifest [K
pulling a3de86cd1c13:  24% ▕████              ▏ 1.2 GB/5.2 GB   13 MB/s   4m45s[K[?25h[?2026l[?2026h[?25l[A[1Gpulling manifest [K
pulling a3de86cd1c13:  24% ▕████              ▏ 1.2 GB/5.2 GB   13 MB/s   4m44s[K[?25h[?2026l[?2026h[?25l[A[1Gpulling manifest [K
pulling a3de86cd1c13:  24% ▕████              ▏ 1.2 GB/5.2 GB   13 MB/s   4m44s[K[?25h[?2026l[?2026h[?25l[A[1Gpulling manifest [K
pulling a3de86cd1c13:  24% ▕████              ▏ 1.2 GB/5.2 GB   13 MB/s   4m44s[K[?25h[?2026l[?2026h[?25l[A[1Gpulling manifest [K
pulling a3de86cd1c13:  24% ▕████              ▏ 1.2 GB/5.2 GB   13 MB/s   4m44s[K[?25h[?2026l[?2026h[?25l[A[1Gpulling manifest [K
pulling a3de86cd1c13:  24% ▕████              ▏ 1.2 GB/5.2 GB   13 MB/s   4m44s[K[?25h[?2026l[?2026h[?25l[A[1Gpulling manifest [K
pulling a3de86cd1c13:  24% ▕████              ▏ 1.3 GB/5.2 GB   13 MB/s   4m44s[K[?25h[?2026l[?2026h[?25l[A[1Gpulling manifest [K
pulling a3de86cd1c13:  24% ▕████              ▏ 1.3 GB/5.2 GB   13 MB/s   4m44s[K[?25h[?2026l[?2026h[?25l[A[1Gpulling manifest [K
pulling a3de86cd1c13:  24% ▕████              ▏ 1.3 GB/5.2 GB   13 MB/s   4m44s[K[?25h[?2026l[?2026h[?25l[A[1Gpulling manifest [K
pulling a3de86cd1c13:  24% ▕████              ▏ 1.3 GB/5.2 GB   13 MB/s   4m44s[K[?25h[?2026l[?2026h[?25l[A[1Gpulling manifest [K
pulling a3de86cd1c13:  24% ▕████              ▏ 1.3 GB/5.2 GB   13 MB/s   4m44s[K[?25h[?2026l[?2026h[?25l[A[1Gpulling manifest [K
pulling a3de86cd1c13:  24% ▕████              ▏ 1.3 GB/5.2 GB   13 MB/s   4m44s[K[?25h[?2026l[?2026h[?25l[A[1Gpulling manifest [K
pulling a3de86cd1c13:  24% ▕████              ▏ 1.3 GB/5.2 GB   13 MB/s   4m44s[K[?25h[?2026l[?2026h[?25l[A[1Gpulling manifest [K
pulling a3de86cd1c13:  24% ▕████              ▏ 1.3 GB/5.2 GB   13 MB/s   4m44s[K[?25h[?2026l[?2026h[?25l[A[1Gpulling manifest [K
pulling a3de86cd1c13:  24% ▕████              ▏ 1.3 GB/5.2 GB   13 MB/s   4m44s[K[?25h[?2026l[?2026h[?25l[A[1Gpulling manifest [K
pulling a3de86cd1c13:  24% ▕████              ▏ 1.3 GB/5.2 GB   13 MB/s   4m44s[K[?25h[?2026l[?2026h[?25l[A[1Gpulling manifest [K
pulling a3de86cd1c13:  24% ▕████              ▏ 1.3 GB/5.2 GB   13 MB/s   4m44s[K[?25h[?2026l[?2026h[?25l[A[1Gpulling manifest [K
pulling a3de86cd1c13:  24% ▕████              ▏ 1.3 GB/5.2 GB   13 MB/s   4m44s[K[?25h[?2026l[?2026h[?25l[A[1Gpulling manifest [K
pulling a3de86cd1c13:  24% ▕████              ▏ 1.3 GB/5.2 GB   13 MB/s   4m43s[K[?25h[?2026l[?2026h[?25l[A[1Gpulling manifest [K
pulling a3de86cd1c13:  24% ▕████              ▏ 1.3 GB/5.2 GB   13 MB/s   4m46s[K[?25h[?2026l[?2026h[?25l[A[1Gpulling manifest [K
pulling a3de86cd1c13:  24% ▕████              ▏ 1.3 GB/5.2 GB   13 MB/s   4m46s[K[?25h[?2026l[?2026h[?25l[A[1Gpulling manifest [K
pulling a3de86cd1c13:  24% ▕████              ▏ 1.3 GB/5.2 GB   13 MB/s   4m46s[K[?25h[?2026l[?2026h[?25l[A[1Gpulling manifest [K
pulling a3de86cd1c13:  24% ▕████              ▏ 1.3 GB/5.2 GB   13 MB/s   4m46s[K[?25h[?2026l[?2026h[?25l[A[1Gpulling manifest [K
pulling a3de86cd1c13:  24% ▕████              ▏ 1.3 GB/5.2 GB   13 MB/s   4m46s[K[?25h[?2026l[?2026h[?25l[A[1Gpulling manifest [K
pulling a3de86cd1c13:  24% ▕████              ▏ 1.3 GB/5.2 GB   13 MB/s   4m46s[K[?25h[?2026l[?2026h[?25l[A[1Gpulling manifest [K
pulling a3de86cd1c13:  24% ▕████              ▏ 1.3 GB/5.2 GB   13 MB/s   4m46s[K[?25h[?2026l[?2026h[?25l[A[1Gpulling manifest [K
pulling a3de86cd1c13:  24% ▕████              ▏ 1.3 GB/5.2 GB   13 MB/s   4m46s[K[?25h[?2026l[?2026h[?25l[A[1Gpulling manifest [K
pulling a3de86cd1c13:  24% ▕████              ▏ 1.3 GB/5.2 GB   13 MB/s   4m46s[K[?25h[?2026l[?2026h[?25l[A[1Gpulling manifest [K
pulling a3de86cd1c13:  24% ▕████              ▏ 1.3 GB/5.2 GB   13 MB/s   4m46s[K[?25h[?2026l[?2026h[?25l[A[1Gpulling manifest [K
pulling a3de86cd1c13:  24% ▕████              ▏ 1.3 GB/5.2 GB   13 MB/s   4m46s[K[?25h[?2026l[?2026h[?25l[A[1Gpulling manifest [K
pulling a3de86cd1c13:  24% ▕████              ▏ 1.3 GB/5.2 GB   13 MB/s    5m1s[K[?25h[?2026l[?2026h[?25l[A[1Gpulling manifest [K
pulling a3de86cd1c13:  24% ▕████              ▏ 1.3 GB/5.2 GB   13 MB/s    5m1s[K[?25h[?2026l[?2026h[?25l[A[1Gpulling manifest [K
pulling a3de86cd1c13:  24% ▕████              ▏ 1.3 GB/5.2 GB   13 MB/s    5m1s[K[?25h[?2026l[?2026h[?25l[A[1Gpulling manifest [K
pulling a3de86cd1c13:  25% ▕████              ▏ 1.3 GB/5.2 GB   13 MB/s    5m0s[K[?25h[?2026l[?2026h[?25l[A[1Gpulling manifest [K
pulling a3de86cd1c13:  25% ▕████              ▏ 1.3 GB/5.2 GB   13 MB/s    5m0s[K[?25h[?2026l[?2026h[?25l[A[1Gpulling manifest [K
pulling a3de86cd1c13:  25% ▕████              ▏ 1.3 GB/5.2 GB   13 MB/s    5m0s[K[?25h[?2026l[?2026h[?25l[A[1Gpulling manifest [K
pulling a3de86cd1c13:  25% ▕████              ▏ 1.3 GB/5.2 GB   13 MB/s    5m0s[K[?25h[?2026l[?2026h[?25l[A[1Gpulling manifest [K
pulling a3de86cd1c13:  25% ▕████              ▏ 1.3 GB/5.2 GB   13 MB/s    5m0s[K[?25h[?2026l[?2026h[?25l[A[1Gpulling manifest [K
pulling a3de86cd1c13:  25% ▕████              ▏ 1.3 GB/5.2 GB   13 MB/s    5m0s[K[?25h[?2026l[?2026h[?25l[A[1Gpulling manifest [K
pulling a3de86cd1c13:  25% ▕████              ▏ 1.3 GB/5.2 GB   13 MB/s    5m0s[K[?25h[?2026l[?2026h[?25l[A[1Gpulling manifest [K
pulling a3de86cd1c13:  25% ▕████              ▏ 1.3 GB/5.2 GB   12 MB/s    5m5s[K[?25h[?2026l[?2026h[?25l[A[1Gpulling manifest [K
pulling a3de86cd1c13:  25% ▕████              ▏ 1.3 GB/5.2 GB   12 MB/s    5m5s[K[?25h[?2026l[?2026h[?25l[A[1Gpulling manifest [K
pulling a3de86cd1c13:  25% ▕████              ▏ 1.3 GB/5.2 GB   12 MB/s    5m5s[K[?25h[?2026l[?2026h[?25l[A[1Gpulling manifest [K
pulling a3de86cd1c13:  25% ▕████              ▏ 1.3 GB/5.2 GB   12 MB/s    5m5s[K[?25h[?2026l[?2026h[?25l[A[1Gpulling manifest [K
pulling a3de86cd1c13:  25% ▕████              ▏ 1.3 GB/5.2 GB   12 MB/s    5m5s[K[?25h[?2026l[?2026h[?25l[A[1Gpulling manifest [K
pulling a3de86cd1c13:  25% ▕████              ▏ 1.3 GB/5.2 GB   12 MB/s    5m5s[K[?25h[?2026l[?2026h[?25l[A[1Gpulling manifest [K
pulling a3de86cd1c13:  25% ▕████              ▏ 1.3 GB/5.2 GB   12 MB/s    5m4s[K[?25h[?2026l[?2026h[?25l[A[1Gpulling manifest [K
pulling a3de86cd1c13:  25% ▕████              ▏ 1.3 GB/5.2 GB   12 MB/s    5m4s[K[?25h[?2026l[?2026h[?25l[A[1Gpulling manifest [K
pulling a3de86cd1c13:  25% ▕████              ▏ 1.3 GB/5.2 GB   12 MB/s    5m4s[K[?25h[?2026l[?2026h[?25l[A[1Gpulling manifest [K
pulling a3de86cd1c13:  25% ▕████              ▏ 1.3 GB/5.2 GB   12 MB/s    5m4s[K[?25h[?2026l[?2026h[?25l[A[1Gpulling manifest [K
pulling a3de86cd1c13:  25% ▕████              ▏ 1.3 GB/5.2 GB   12 MB/s    5m7s[K[?25h[?2026l[?2026h[?25l[A[1Gpulling manifest [K
pulling a3de86cd1c13:  25% ▕████              ▏ 1.3 GB/5.2 GB   12 MB/s    5m7s[K[?25h[?2026l[?2026h[?25l[A[1Gpulling manifest [K
pulling a3de86cd1c13:  25% ▕████              ▏ 1.3 GB/5.2 GB   12 MB/s    5m7s[K[?25h[?2026l[?2026h[?25l[A[1Gpulling manifest [K
pulling a3de86cd1c13:  25% ▕████              ▏ 1.3 GB/5.2 GB   12 MB/s    5m7s[K[?25h[?2026l[?2026h[?25l[A[1Gpulling manifest [K
pulling a3de86cd1c13:  25% ▕████              ▏ 1.3 GB/5.2 GB   12 MB/s    5m7s[K[?25h[?2026l[?2026h[?25l[A[1Gpulling manifest [K
pulling a3de86cd1c13:  25% ▕████              ▏ 1.3 GB/5.2 GB   12 MB/s    5m7s[K[?25h[?2026l[?2026h[?25l[A[1Gpulling manifest [K
pulling a3de86cd1c13:  25% ▕████              ▏ 1.3 GB/5.2 GB   12 MB/s    5m7s[K[?25h[?2026l[?2026h[?25l[A[1Gpulling manifest [K
pulling a3de86cd1c13:  25% ▕████              ▏ 1.3 GB/5.2 GB   12 MB/s    5m6s[K[?25h[?2026l[?2026h[?25l[A[1Gpulling manifest [K
pulling a3de86cd1c13:  25% ▕████              ▏ 1.3 GB/5.2 GB   12 MB/s    5m6s[K[?25h[?2026l[?2026h[?25l[A[1Gpulling manifest [K
pulling a3de86cd1c13:  25% ▕████              ▏ 1.3 GB/5.2 GB   12 MB/s    5m6s[K[?25h[?2026l[?2026h[?25l[A[1Gpulling manifest [K
pulling a3de86cd1c13:  25% ▕████              ▏ 1.3 GB/5.2 GB   12 MB/s   5m13s[K[?25h[?2026l[?2026h[?25l[A[1Gpulling manifest [K
pulling a3de86cd1c13:  25% ▕████              ▏ 1.3 GB/5.2 GB   12 MB/s   5m13s[K[?25h[?2026l[?2026h[?25l[A[1Gpulling manifest [K
pulling a3de86cd1c13:  25% ▕████              ▏ 1.3 GB/5.2 GB   12 MB/s   5m13s[K[?25h[?2026l[?2026h[?25l[A[1Gpulling manifest [K
pulling a3de86cd1c13:  25% ▕████              ▏ 1.3 GB/5.2 GB   12 MB/s   5m13s[K[?25h[?2026l[?2026h[?25l[A[1Gpulling manifest [K
pulling a3de86cd1c13:  25% ▕████              ▏ 1.3 GB/5.2 GB   12 MB/s   5m13s[K[?25h[?2026l[?2026h[?25l[A[1Gpulling manifest [K
pulling a3de86cd1c13:  25% ▕████              ▏ 1.3 GB/5.2 GB   12 MB/s   5m13s[K[?25h[?2026l[?2026h[?25l[A[1Gpulling manifest [K
pulling a3de86cd1c13:  25% ▕████              ▏ 1.3 GB/5.2 GB   12 MB/s   5m13s[K[?25h[?2026l[?2026h[?25l[A[1Gpulling manifest [K
pulling a3de86cd1c13:  25% ▕████              ▏ 1.3 GB/5.2 GB   12 MB/s   5m12s[K[?25h[?2026l[?2026h[?25l[A[1Gpulling manifest [K
pulling a3de86cd1c13:  25% ▕████              ▏ 1.3 GB/5.2 GB   12 MB/s   5m12s[K[?25h[?2026l[?2026h[?25l[A[1Gpulling manifest [K
pulling a3de86cd1c13:  25% ▕████              ▏ 1.3 GB/5.2 GB   12 MB/s   5m12s[K[?25h[?2026l[?2026h[?25l[A[1Gpulling manifest [K
pulling a3de86cd1c13:  25% ▕████              ▏ 1.3 GB/5.2 GB   12 MB/s   5m17s[K[?25h[?2026l[?2026h[?25l[A[1Gpulling manifest [K
pulling a3de86cd1c13:  25% ▕████              ▏ 1.3 GB/5.2 GB   12 MB/s   5m17s[K[?25h[?2026l[?2026h[?25l[A[1Gpulling manifest [K
pulling a3de86cd1c13:  25% ▕████              ▏ 1.3 GB/5.2 GB   12 MB/s   5m17s[K[?25h[?2026l[?2026h[?25l[A[1Gpulling manifest [K
pulling a3de86cd1c13:  25% ▕████              ▏ 1.3 GB/5.2 GB   12 MB/s   5m16s[K[?25h[?2026l[?2026h[?25l[A[1Gpulling manifest [K
pulling a3de86cd1c13:  25% ▕████              ▏ 1.3 GB/5.2 GB   12 MB/s   5m16s[K[?25h[?2026l[?2026h[?25l[A[1Gpulling manifest [K
pulling a3de86cd1c13:  26% ▕████              ▏ 1.3 GB/5.2 GB   12 MB/s   5m16s[K[?25h[?2026l[?2026h[?25l[A[1Gpulling manifest [K
pulling a3de86cd1c13:  26% ▕████              ▏ 1.3 GB/5.2 GB   12 MB/s   5m16s[K[?25h[?2026l[?2026h[?25l[A[1Gpulling manifest [K
pulling a3de86cd1c13:  26% ▕████              ▏ 1.3 GB/5.2 GB   12 MB/s   5m16s[K[?25h[?2026l[?2026h[?25l[A[1Gpulling manifest [K
pulling a3de86cd1c13:  26% ▕████              ▏ 1.3 GB/5.2 GB   12 MB/s   5m16s[K[?25h[?2026l[?2026h[?25l[A[1Gpulling manifest [K
pulling a3de86cd1c13:  26% ▕████              ▏ 1.3 GB/5.2 GB   12 MB/s   5m16s[K[?25h[?2026l[?2026h[?25l[A[1Gpulling manifest [K
pulling a3de86cd1c13:  26% ▕████              ▏ 1.3 GB/5.2 GB   12 MB/s   5m16s[K[?25h[?2026l[?2026h[?25l[A[1Gpulling manifest [K
pulling a3de86cd1c13:  26% ▕████              ▏ 1.3 GB/5.2 GB   12 MB/s   5m17s[K[?25h[?2026l[?2026h[?25l[A[1Gpulling manifest [K
pulling a3de86cd1c13:  26% ▕████              ▏ 1.3 GB/5.2 GB   12 MB/s   5m17s[K[?25h[?2026l[?2026h[?25l[A[1Gpulling manifest [K
pulling a3de86cd1c13:  26% ▕████              ▏ 1.3 GB/5.2 GB   12 MB/s   5m17s[K[?25h[?2026l[?2026h[?25l[A[1Gpulling manifest [K
pulling a3de86cd1c13:  26% ▕████              ▏ 1.3 GB/5.2 GB   12 MB/s   5m17s[K[?25h[?2026l[?2026h[?25l[A[1Gpulling manifest [K
pulling a3de86cd1c13:  26% ▕████              ▏ 1.3 GB/5.2 GB   12 MB/s   5m17s[K[?25h[?2026l[?2026h[?25l[A[1Gpulling manifest [K
pulling a3de86cd1c13:  26% ▕████              ▏ 1.3 GB/5.2 GB   12 MB/s   5m17s[K[?25h[?2026l[?2026h[?25l[A[1Gpulling manifest [K
pulling a3de86cd1c13:  26% ▕████              ▏ 1.3 GB/5.2 GB   12 MB/s   5m17s[K[?25h[?2026l[?2026h[?25l[A[1Gpulling manifest [K
pulling a3de86cd1c13:  26% ▕████              ▏ 1.3 GB/5.2 GB   12 MB/s   5m16s[K[?25h[?2026l[?2026h[?25l[A[1Gpulling manifest [K
pulling a3de86cd1c13:  26% ▕████              ▏ 1.3 GB/5.2 GB   12 MB/s   5m16s[K[?25h[?2026l[?2026h[?25l[A[1Gpulling manifest [K
pulling a3de86cd1c13:  26% ▕████              ▏ 1.4 GB/5.2 GB   12 MB/s   5m16s[K[?25h[?2026l[?2026h[?25l[A[1Gpulling manifest [K
pulling a3de86cd1c13:  26% ▕████              ▏ 1.4 GB/5.2 GB   12 MB/s   5m15s[K[?25h[?2026l[?2026h[?25l[A[1Gpulling manifest [K
pulling a3de86cd1c13:  26% ▕████              ▏ 1.4 GB/5.2 GB   12 MB/s   5m15s[K[?25h[?2026l[?2026h[?25l[A[1Gpulling manifest [K
pulling a3de86cd1c13:  26% ▕████              ▏ 1.4 GB/5.2 GB   12 MB/s   5m15s[K[?25h[?2026l[?2026h[?25l[A[1Gpulling manifest [K
pulling a3de86cd1c13:  26% ▕████              ▏ 1.4 GB/5.2 GB   12 MB/s   5m15s[K[?25h[?2026l[?2026h[?25l[A[1Gpulling manifest [K
pulling a3de86cd1c13:  26% ▕████              ▏ 1.4 GB/5.2 GB   12 MB/s   5m14s[K[?25h[?2026l[?2026h[?25l[A[1Gpulling manifest [K
pulling a3de86cd1c13:  26% ▕████              ▏ 1.4 GB/5.2 GB   12 MB/s   5m14s[K[?25h[?2026l[?2026h[?25l[A[1Gpulling manifest [K
pulling a3de86cd1c13:  26% ▕████              ▏ 1.4 GB/5.2 GB   12 MB/s   5m14s[K[?25h[?2026l[?2026h[?25l[A[1Gpulling manifest [K
pulling a3de86cd1c13:  26% ▕████              ▏ 1.4 GB/5.2 GB   12 MB/s   5m14s[K[?25h[?2026l[?2026h[?25l[A[1Gpulling manifest [K
pulling a3de86cd1c13:  26% ▕████              ▏ 1.4 GB/5.2 GB   12 MB/s   5m14s[K[?25h[?2026l[?2026h[?25l[A[1Gpulling manifest [K
pulling a3de86cd1c13:  26% ▕████              ▏ 1.4 GB/5.2 GB   12 MB/s   5m14s[K[?25h[?2026l[?2026h[?25l[A[1Gpulling manifest [K
pulling a3de86cd1c13:  26% ▕████              ▏ 1.4 GB/5.2 GB   12 MB/s   5m14s[K[?25h[?2026l[?2026h[?25l[A[1Gpulling manifest [K
pulling a3de86cd1c13:  26% ▕████              ▏ 1.4 GB/5.2 GB   12 MB/s   5m14s[K[?25h[?2026l[?2026h[?25l[A[1Gpulling manifest [K
pulling a3de86cd1c13:  26% ▕████              ▏ 1.4 GB/5.2 GB   12 MB/s   5m14s[K[?25h[?2026l[?2026h[?25l[A[1Gpulling manifest [K
pulling a3de86cd1c13:  26% ▕████              ▏ 1.4 GB/5.2 GB   12 MB/s   5m14s[K[?25h[?2026l[?2026h[?25l[A[1Gpulling manifest [K
pulling a3de86cd1c13:  26% ▕████              ▏ 1.4 GB/5.2 GB   12 MB/s   5m13s[K[?25h[?2026l[?2026h[?25l[A[1Gpulling manifest [K
pulling a3de86cd1c13:  26% ▕████              ▏ 1.4 GB/5.2 GB   12 MB/s   5m13s[K[?25h[?2026l[?2026h[?25l[A[1Gpulling manifest [K
pulling a3de86cd1c13:  26% ▕████              ▏ 1.4 GB/5.2 GB   12 MB/s   5m13s[K[?25h[?2026l[?2026h[?25l[A[1Gpulling manifest [K
pulling a3de86cd1c13:  26% ▕████              ▏ 1.4 GB/5.2 GB   12 MB/s   5m13s[K[?25h[?2026l[?2026h[?25l[A[1Gpulling manifest [K
pulling a3de86cd1c13:  26% ▕████              ▏ 1.4 GB/5.2 GB   12 MB/s   5m13s[K[?25h[?2026l[?2026h[?25l[A[1Gpulling manifest [K
pulling a3de86cd1c13:  26% ▕████              ▏ 1.4 GB/5.2 GB   12 MB/s   5m13s[K[?25h[?2026l[?2026h[?25l[A[1Gpulling manifest [K
pulling a3de86cd1c13:  26% ▕████              ▏ 1.4 GB/5.2 GB   12 MB/s   5m15s[K[?25h[?2026l[?2026h[?25l[A[1Gpulling manifest [K
pulling a3de86cd1c13:  26% ▕████              ▏ 1.4 GB/5.2 GB   12 MB/s   5m15s[K[?25h[?2026l[?2026h[?25l[A[1Gpulling manifest [K
pulling a3de86cd1c13:  26% ▕████              ▏ 1.4 GB/5.2 GB   12 MB/s   5m15s[K[?25h[?2026l[?2026h[?25l[A[1Gpulling manifest [K
pulling a3de86cd1c13:  26% ▕████              ▏ 1.4 GB/5.2 GB   12 MB/s   5m15s[K[?25h[?2026l[?2026h[?25l[A[1Gpulling manifest [K
pulling a3de86cd1c13:  26% ▕████              ▏ 1.4 GB/5.2 GB   12 MB/s   5m15s[K[?25h[?2026l[?2026h[?25l[A[1Gpulling manifest [K
pulling a3de86cd1c13:  26% ▕████              ▏ 1.4 GB/5.2 GB   12 MB/s   5m15s[K[?25h[?2026l[?2026h[?25l[A[1Gpulling manifest [K
pulling a3de86cd1c13:  26% ▕████              ▏ 1.4 GB/5.2 GB   12 MB/s   5m15s[K[?25h[?2026l[?2026h[?25l[A[1Gpulling manifest [K
pulling a3de86cd1c13:  27% ▕████              ▏ 1.4 GB/5.2 GB   12 MB/s   5m14s[K[?25h[?2026l[?2026h[?25l[A[1Gpulling manifest [K
pulling a3de86cd1c13:  27% ▕████              ▏ 1.4 GB/5.2 GB   12 MB/s   5m14s[K[?25h[?2026l[?2026h[?25l[A[1Gpulling manifest [K
pulling a3de86cd1c13:  27% ▕████              ▏ 1.4 GB/5.2 GB   12 MB/s   5m14s[K[?25h[?2026l[?2026h[?25l[A[1Gpulling manifest [K
pulling a3de86cd1c13:  27% ▕████              ▏ 1.4 GB/5.2 GB   12 MB/s    5m4s[K[?25h[?2026l[?2026h[?25l[A[1Gpulling manifest [K
pulling a3de86cd1c13:  27% ▕████              ▏ 1.4 GB/5.2 GB   12 MB/s    5m4s[K[?25h[?2026l[?2026h[?25l[A[1Gpulling manifest [K
pulling a3de86cd1c13:  27% ▕████              ▏ 1.4 GB/5.2 GB   12 MB/s    5m4s[K[?25h[?2026l[?2026h[?25l[A[1Gpulling manifest [K
pulling a3de86cd1c13:  27% ▕████              ▏ 1.4 GB/5.2 GB   12 MB/s    5m4s[K[?25h[?2026l[?2026h[?25l[A[1Gpulling manifest [K
pulling a3de86cd1c13:  27% ▕████              ▏ 1.4 GB/5.2 GB   12 MB/s    5m4s[K[?25h[?2026l[?2026h[?25l[A[1Gpulling manifest [K
pulling a3de86cd1c13:  27% ▕████              ▏ 1.4 GB/5.2 GB   12 MB/s    5m4s[K[?25h[?2026l[?2026h[?25l[A[1Gpulling manifest [K
pulling a3de86cd1c13:  27% ▕████              ▏ 1.4 GB/5.2 GB   12 MB/s    5m4s[K[?25h[?2026l[?2026h[?25l[A[1Gpulling manifest [K
pulling a3de86cd1c13:  27% ▕████              ▏ 1.4 GB/5.2 GB   12 MB/s    5m4s[K[?25h[?2026l[?2026h[?25l[A[1Gpulling manifest [K
pulling a3de86cd1c13:  27% ▕████              ▏ 1.4 GB/5.2 GB   12 MB/s    5m4s[K[?25h[?2026l[?2026h[?25l[A[1Gpulling manifest [K
pulling a3de86cd1c13:  27% ▕████              ▏ 1.4 GB/5.2 GB   12 MB/s    5m4s[K[?25h[?2026l[?2026h[?25l[A[1Gpulling manifest [K
pulling a3de86cd1c13:  27% ▕████              ▏ 1.4 GB/5.2 GB   12 MB/s    5m3s[K[?25h[?2026l[?2026h[?25l[A[1Gpulling manifest [K
pulling a3de86cd1c13:  27% ▕████              ▏ 1.4 GB/5.2 GB   12 MB/s    5m5s[K[?25h[?2026l[?2026h[?25l[A[1Gpulling manifest [K
pulling a3de86cd1c13:  27% ▕████              ▏ 1.4 GB/5.2 GB   12 MB/s    5m5s[K[?25h[?2026l[?2026h[?25l[A[1Gpulling manifest [K
pulling a3de86cd1c13:  27% ▕████              ▏ 1.4 GB/5.2 GB   12 MB/s    5m4s[K[?25h[?2026l[?2026h[?25l[A[1Gpulling manifest [K
pulling a3de86cd1c13:  27% ▕████              ▏ 1.4 GB/5.2 GB   12 MB/s    5m4s[K[?25h[?2026l[?2026h[?25l[A[1Gpulling manifest [K
pulling a3de86cd1c13:  27% ▕████              ▏ 1.4 GB/5.2 GB   12 MB/s    5m4s[K[?25h[?2026l[?2026h[?25l[A[1Gpulling manifest [K
pulling a3de86cd1c13:  27% ▕████              ▏ 1.4 GB/5.2 GB   12 MB/s    5m4s[K[?25h[?2026l[?2026h[?25l[A[1Gpulling manifest [K
pulling a3de86cd1c13:  27% ▕████              ▏ 1.4 GB/5.2 GB   12 MB/s    5m4s[K[?25h[?2026l[?2026h[?25l[A[1Gpulling manifest [K
pulling a3de86cd1c13:  27% ▕████              ▏ 1.4 GB/5.2 GB   12 MB/s    5m4s[K[?25h[?2026l[?2026h[?25l[A[1Gpulling manifest [K
pulling a3de86cd1c13:  27% ▕████              ▏ 1.4 GB/5.2 GB   12 MB/s    5m4s[K[?25h[?2026l[?2026h[?25l[A[1Gpulling manifest [K
pulling a3de86cd1c13:  27% ▕████              ▏ 1.4 GB/5.2 GB   12 MB/s    5m4s[K[?25h[?2026l[?2026h[?25l[A[1Gpulling manifest [K
pulling a3de86cd1c13:  27% ▕████              ▏ 1.4 GB/5.2 GB   12 MB/s    5m3s[K[?25h[?2026l[?2026h[?25l[A[1Gpulling manifest [K
pulling a3de86cd1c13:  27% ▕████              ▏ 1.4 GB/5.2 GB   12 MB/s    5m3s[K[?25h[?2026l[?2026h[?25l[A[1Gpulling manifest [K
pulling a3de86cd1c13:  27% ▕████              ▏ 1.4 GB/5.2 GB   12 MB/s    5m3s[K[?25h[?2026l[?2026h[?25l[A[1Gpulling manifest [K
pulling a3de86cd1c13:  27% ▕████              ▏ 1.4 GB/5.2 GB   12 MB/s    5m3s[K[?25h[?2026l[?2026h[?25l[A[1Gpulling manifest [K
pulling a3de86cd1c13:  27% ▕████              ▏ 1.4 GB/5.2 GB   12 MB/s    5m3s[K[?25h[?2026l[?2026h[?25l[A[1Gpulling manifest [K
pulling a3de86cd1c13:  27% ▕████              ▏ 1.4 GB/5.2 GB   12 MB/s    5m3s[K[?25h[?2026l[?2026h[?25l[A[1Gpulling manifest [K
pulling a3de86cd1c13:  27% ▕████              ▏ 1.4 GB/5.2 GB   12 MB/s    5m3s[K[?25h[?2026l[?2026h[?25l[A[1Gpulling manifest [K
pulling a3de86cd1c13:  27% ▕████              ▏ 1.4 GB/5.2 GB   12 MB/s    5m3s[K[?25h[?2026l[?2026h[?25l[A[1Gpulling manifest [K
pulling a3de86cd1c13:  27% ▕████              ▏ 1.4 GB/5.2 GB   12 MB/s    5m2s[K[?25h[?2026l[?2026h[?25l[A[1Gpulling manifest [K
pulling a3de86cd1c13:  27% ▕████              ▏ 1.4 GB/5.2 GB   12 MB/s    5m2s[K[?25h[?2026l[?2026h[?25l[A[1Gpulling manifest [K
pulling a3de86cd1c13:  27% ▕████              ▏ 1.4 GB/5.2 GB   12 MB/s    5m5s[K[?25h[?2026l[?2026h[?25l[A[1Gpulling manifest [K
pulling a3de86cd1c13:  27% ▕████              ▏ 1.4 GB/5.2 GB   12 MB/s    5m5s[K[?25h[?2026l[?2026h[?25l[A[1Gpulling manifest [K
pulling a3de86cd1c13:  27% ▕████              ▏ 1.4 GB/5.2 GB   12 MB/s    5m4s[K[?25h[?2026l[?2026h[?25l[A[1Gpulling manifest [K
pulling a3de86cd1c13:  27% ▕████              ▏ 1.4 GB/5.2 GB   12 MB/s    5m4s[K[?25h[?2026l[?2026h[?25l[A[1Gpulling manifest [K
pulling a3de86cd1c13:  27% ▕████              ▏ 1.4 GB/5.2 GB   12 MB/s    5m4s[K[?25h[?2026l[?2026h[?25l[A[1Gpulling manifest [K
pulling a3de86cd1c13:  27% ▕████              ▏ 1.4 GB/5.2 GB   12 MB/s    5m4s[K[?25h[?2026l[?2026h[?25l[A[1Gpulling manifest [K
pulling a3de86cd1c13:  27% ▕████              ▏ 1.4 GB/5.2 GB   12 MB/s    5m4s[K[?25h[?2026l[?2026h[?25l[A[1Gpulling manifest [K
pulling a3de86cd1c13:  27% ▕████              ▏ 1.4 GB/5.2 GB   12 MB/s    5m4s[K[?25h[?2026l[?2026h[?25l[A[1Gpulling manifest [K
pulling a3de86cd1c13:  27% ▕████              ▏ 1.4 GB/5.2 GB   12 MB/s    5m4s[K[?25h[?2026l[?2026h[?25l[A[1Gpulling manifest [K
pulling a3de86cd1c13:  28% ▕████              ▏ 1.4 GB/5.2 GB   12 MB/s    5m4s[K[?25h[?2026l[?2026h[?25l[A[1Gpulling manifest [K
pulling a3de86cd1c13:  28% ▕████              ▏ 1.4 GB/5.2 GB   12 MB/s    5m3s[K[?25h[?2026l[?2026h[?25l[A[1Gpulling manifest [K
pulling a3de86cd1c13:  28% ▕████              ▏ 1.4 GB/5.2 GB   12 MB/s    5m2s[K[?25h[?2026l[?2026h[?25l[A[1Gpulling manifest [K
pulling a3de86cd1c13:  28% ▕████              ▏ 1.4 GB/5.2 GB   12 MB/s    5m2s[K[?25h[?2026l[?2026h[?25l[A[1Gpulling manifest [K
pulling a3de86cd1c13:  28% ▕████              ▏ 1.4 GB/5.2 GB   12 MB/s    5m2s[K[?25h[?2026l[?2026h[?25l[A[1Gpulling manifest [K
pulling a3de86cd1c13:  28% ▕████              ▏ 1.4 GB/5.2 GB   12 MB/s    5m2s[K[?25h[?2026l[?2026h[?25l[A[1Gpulling manifest [K
pulling a3de86cd1c13:  28% ▕████              ▏ 1.4 GB/5.2 GB   12 MB/s    5m2s[K[?25h[?2026l[?2026h[?25l[A[1Gpulling manifest [K
pulling a3de86cd1c13:  28% ▕████              ▏ 1.4 GB/5.2 GB   12 MB/s    5m2s[K[?25h[?2026l[?2026h[?25l[A[1Gpulling manifest [K
pulling a3de86cd1c13:  28% ▕████              ▏ 1.4 GB/5.2 GB   12 MB/s    5m2s[K[?25h[?2026l[?2026h[?25l[A[1Gpulling manifest [K
pulling a3de86cd1c13:  28% ▕████              ▏ 1.4 GB/5.2 GB   12 MB/s    5m2s[K[?25h[?2026l[?2026h[?25l[A[1Gpulling manifest [K
pulling a3de86cd1c13:  28% ▕████              ▏ 1.4 GB/5.2 GB   12 MB/s    5m2s[K[?25h[?2026l[?2026h[?25l[A[1Gpulling manifest [K
pulling a3de86cd1c13:  28% ▕████              ▏ 1.4 GB/5.2 GB   12 MB/s    5m7s[K[?25h[?2026l[?2026h[?25l[A[1Gpulling manifest [K
pulling a3de86cd1c13:  28% ▕████              ▏ 1.4 GB/5.2 GB   12 MB/s    5m7s[K[?25h[?2026l[?2026h[?25l[A[1Gpulling manifest [K
pulling a3de86cd1c13:  28% ▕█████             ▏ 1.5 GB/5.2 GB   12 MB/s    5m7s[K[?25h[?2026l[?2026h[?25l[A[1Gpulling manifest [K
pulling a3de86cd1c13:  28% ▕█████             ▏ 1.5 GB/5.2 GB   12 MB/s    5m6s[K[?25h[?2026l[?2026h[?25l[A[1Gpulling manifest [K
pulling a3de86cd1c13:  28% ▕█████             ▏ 1.5 GB/5.2 GB   12 MB/s    5m6s[K[?25h[?2026l[?2026h[?25l[A[1Gpulling manifest [K
pulling a3de86cd1c13:  28% ▕█████             ▏ 1.5 GB/5.2 GB   12 MB/s    5m6s[K[?25h[?2026l[?2026h[?25l[A[1Gpulling manifest [K
pulling a3de86cd1c13:  28% ▕█████             ▏ 1.5 GB/5.2 GB   12 MB/s    5m6s[K[?25h[?2026l[?2026h[?25l[A[1Gpulling manifest [K
pulling a3de86cd1c13:  28% ▕█████             ▏ 1.5 GB/5.2 GB   12 MB/s    5m6s[K[?25h[?2026l[?2026h[?25l[A[1Gpulling manifest [K
pulling a3de86cd1c13:  28% ▕█████             ▏ 1.5 GB/5.2 GB   12 MB/s    5m6s[K[?25h[?2026l[?2026h[?25l[A[1Gpulling manifest [K
pulling a3de86cd1c13:  28% ▕█████             ▏ 1.5 GB/5.2 GB   12 MB/s    5m6s[K[?25h[?2026l[?2026h[?25l[A[1Gpulling manifest [K
pulling a3de86cd1c13:  28% ▕█████             ▏ 1.5 GB/5.2 GB   12 MB/s    5m6s[K[?25h[?2026l[?2026h[?25l[A[1Gpulling manifest [K
pulling a3de86cd1c13:  28% ▕█████             ▏ 1.5 GB/5.2 GB   12 MB/s   5m12s[K[?25h[?2026l[?2026h[?25l[A[1Gpulling manifest [K
pulling a3de86cd1c13:  28% ▕█████             ▏ 1.5 GB/5.2 GB   12 MB/s   5m12s[K[?25h[?2026l[?2026h[?25l[A[1Gpulling manifest [K
pulling a3de86cd1c13:  28% ▕█████             ▏ 1.5 GB/5.2 GB   12 MB/s   5m12s[K[?25h[?2026l[?2026h[?25l[A[1Gpulling manifest [K
pulling a3de86cd1c13:  28% ▕█████             ▏ 1.5 GB/5.2 GB   12 MB/s   5m12s[K[?25h[?2026l[?2026h[?25l[A[1Gpulling manifest [K
pulling a3de86cd1c13:  28% ▕█████             ▏ 1.5 GB/5.2 GB   12 MB/s   5m12s[K[?25h[?2026l[?2026h[?25l[A[1Gpulling manifest [K
pulling a3de86cd1c13:  28% ▕█████             ▏ 1.5 GB/5.2 GB   12 MB/s   5m12s[K[?25h[?2026l[?2026h[?25l[A[1Gpulling manifest [K
pulling a3de86cd1c13:  28% ▕█████             ▏ 1.5 GB/5.2 GB   12 MB/s   5m12s[K[?25h[?2026l[?2026h[?25l[A[1Gpulling manifest [K
pulling a3de86cd1c13:  28% ▕█████             ▏ 1.5 GB/5.2 GB   12 MB/s   5m12s[K[?25h[?2026l[?2026h[?25l[A[1Gpulling manifest [K
pulling a3de86cd1c13:  28% ▕█████             ▏ 1.5 GB/5.2 GB   12 MB/s   5m12s[K[?25h[?2026l[?2026h[?25l[A[1Gpulling manifest [K
pulling a3de86cd1c13:  28% ▕█████             ▏ 1.5 GB/5.2 GB   12 MB/s   5m12s[K[?25h[?2026l[?2026h[?25l[A[1Gpulling manifest [K
pulling a3de86cd1c13:  28% ▕█████             ▏ 1.5 GB/5.2 GB   11 MB/s   5m20s[K[?25h[?2026l[?2026h[?25l[A[1Gpulling manifest [K
pulling a3de86cd1c13:  28% ▕█████             ▏ 1.5 GB/5.2 GB   11 MB/s   5m19s[K[?25h[?2026l[?2026h[?25l[A[1Gpulling manifest [K
pulling a3de86cd1c13:  28% ▕█████             ▏ 1.5 GB/5.2 GB   11 MB/s   5m19s[K[?25h[?2026l[?2026h[?25l[A[1Gpulling manifest [K
pulling a3de86cd1c13:  28% ▕█████             ▏ 1.5 GB/5.2 GB   11 MB/s   5m19s[K[?25h[?2026l[?2026h[?25l[A[1Gpulling manifest [K
pulling a3de86cd1c13:  28% ▕█████             ▏ 1.5 GB/5.2 GB   11 MB/s   5m19s[K[?25h[?2026l[?2026h[?25l[A[1Gpulling manifest [K
pulling a3de86cd1c13:  28% ▕█████             ▏ 1.5 GB/5.2 GB   11 MB/s   5m19s[K[?25h[?2026l[?2026h[?25l[A[1Gpulling manifest [K
pulling a3de86cd1c13:  28% ▕█████             ▏ 1.5 GB/5.2 GB   11 MB/s   5m19s[K[?25h[?2026l[?2026h[?25l[A[1Gpulling manifest [K
pulling a3de86cd1c13:  28% ▕█████             ▏ 1.5 GB/5.2 GB   11 MB/s   5m19s[K[?25h[?2026l[?2026h[?25l[A[1Gpulling manifest [K
pulling a3de86cd1c13:  28% ▕█████             ▏ 1.5 GB/5.2 GB   11 MB/s   5m19s[K[?25h[?2026l[?2026h[?25l[A[1Gpulling manifest [K
pulling a3de86cd1c13:  28% ▕█████             ▏ 1.5 GB/5.2 GB   11 MB/s   5m19s[K[?25h[?2026l[?2026h[?25l[A[1Gpulling manifest [K
pulling a3de86cd1c13:  28% ▕█████             ▏ 1.5 GB/5.2 GB   11 MB/s   5m24s[K[?25h[?2026l[?2026h[?25l[A[1Gpulling manifest [K
pulling a3de86cd1c13:  28% ▕█████             ▏ 1.5 GB/5.2 GB   11 MB/s   5m24s[K[?25h[?2026l[?2026h[?25l[A[1Gpulling manifest [K
pulling a3de86cd1c13:  28% ▕█████             ▏ 1.5 GB/5.2 GB   11 MB/s   5m24s[K[?25h[?2026l[?2026h[?25l[A[1Gpulling manifest [K
pulling a3de86cd1c13:  28% ▕█████             ▏ 1.5 GB/5.2 GB   11 MB/s   5m24s[K[?25h[?2026l[?2026h[?25l[A[1Gpulling manifest [K
pulling a3de86cd1c13:  28% ▕█████             ▏ 1.5 GB/5.2 GB   11 MB/s   5m24s[K[?25h[?2026l[?2026h[?25l[A[1Gpulling manifest [K
pulling a3de86cd1c13:  28% ▕█████             ▏ 1.5 GB/5.2 GB   11 MB/s   5m24s[K[?25h[?2026l[?2026h[?25l[A[1Gpulling manifest [K
pulling a3de86cd1c13:  28% ▕█████             ▏ 1.5 GB/5.2 GB   11 MB/s   5m24s[K[?25h[?2026l[?2026h[?25l[A[1Gpulling manifest [K
pulling a3de86cd1c13:  28% ▕█████             ▏ 1.5 GB/5.2 GB   11 MB/s   5m24s[K[?25h[?2026l[?2026h[?25l[A[1Gpulling manifest [K
pulling a3de86cd1c13:  28% ▕█████             ▏ 1.5 GB/5.2 GB   11 MB/s   5m24s[K[?25h[?2026l[?2026h[?25l[A[1Gpulling manifest [K
pulling a3de86cd1c13:  28% ▕█████             ▏ 1.5 GB/5.2 GB   11 MB/s   5m24s[K[?25h[?2026l[?2026h[?25l[A[1Gpulling manifest [K
pulling a3de86cd1c13:  28% ▕█████             ▏ 1.5 GB/5.2 GB   11 MB/s   5m36s[K[?25h[?2026l[?2026h[?25l[A[1Gpulling manifest [K
pulling a3de86cd1c13:  29% ▕█████             ▏ 1.5 GB/5.2 GB   11 MB/s   5m35s[K[?25h[?2026l[?2026h[?25l[A[1Gpulling manifest [K
pulling a3de86cd1c13:  29% ▕█████             ▏ 1.5 GB/5.2 GB   11 MB/s   5m35s[K[?25h[?2026l[?2026h[?25l[A[1Gpulling manifest [K
pulling a3de86cd1c13:  29% ▕█████             ▏ 1.5 GB/5.2 GB   11 MB/s   5m35s[K[?25h[?2026l[?2026h[?25l[A[1Gpulling manifest [K
pulling a3de86cd1c13:  29% ▕█████             ▏ 1.5 GB/5.2 GB   11 MB/s   5m35s[K[?25h[?2026l[?2026h[?25l[A[1Gpulling manifest [K
pulling a3de86cd1c13:  29% ▕█████             ▏ 1.5 GB/5.2 GB   11 MB/s   5m35s[K[?25h[?2026l[?2026h[?25l[A[1Gpulling manifest [K
pulling a3de86cd1c13:  29% ▕█████             ▏ 1.5 GB/5.2 GB   11 MB/s   5m35s[K[?25h[?2026l[?2026h[?25l[A[1Gpulling manifest [K
pulling a3de86cd1c13:  29% ▕█████             ▏ 1.5 GB/5.2 GB   11 MB/s   5m35s[K[?25h[?2026l[?2026h[?25l[A[1Gpulling manifest [K
pulling a3de86cd1c13:  29% ▕█████             ▏ 1.5 GB/5.2 GB   11 MB/s   5m35s[K[?25h[?2026l[?2026h[?25l[A[1Gpulling manifest [K
pulling a3de86cd1c13:  29% ▕█████             ▏ 1.5 GB/5.2 GB   11 MB/s   5m35s[K[?25h[?2026l[?2026h[?25l[A[1Gpulling manifest [K
pulling a3de86cd1c13:  29% ▕█████             ▏ 1.5 GB/5.2 GB   10 MB/s   5m46s[K[?25h[?2026l[?2026h[?25l[A[1Gpulling manifest [K
pulling a3de86cd1c13:  29% ▕█████             ▏ 1.5 GB/5.2 GB   10 MB/s   5m46s[K[?25h[?2026l[?2026h[?25l[A[1Gpulling manifest [K
pulling a3de86cd1c13:  29% ▕█████             ▏ 1.5 GB/5.2 GB   10 MB/s   5m46s[K[?25h[?2026l[?2026h[?25l[A[1Gpulling manifest [K
pulling a3de86cd1c13:  29% ▕█████             ▏ 1.5 GB/5.2 GB   10 MB/s   5m46s[K[?25h[?2026l[?2026h[?25l[A[1Gpulling manifest [K
pulling a3de86cd1c13:  29% ▕█████             ▏ 1.5 GB/5.2 GB   10 MB/s   5m46s[K[?25h[?2026l[?2026h[?25l[A[1Gpulling manifest [K
pulling a3de86cd1c13:  29% ▕█████             ▏ 1.5 GB/5.2 GB   10 MB/s   5m46s[K[?25h[?2026l[?2026h[?25l[A[1Gpulling manifest [K
pulling a3de86cd1c13:  29% ▕█████             ▏ 1.5 GB/5.2 GB   10 MB/s   5m46s[K[?25h[?2026l[?2026h[?25l[A[1Gpulling manifest [K
pulling a3de86cd1c13:  29% ▕█████             ▏ 1.5 GB/5.2 GB   10 MB/s   5m46s[K[?25h[?2026l[?2026h[?25l[A[1Gpulling manifest [K
pulling a3de86cd1c13:  29% ▕█████             ▏ 1.5 GB/5.2 GB   10 MB/s   5m46s[K[?25h[?2026l[?2026h[?25l[A[1Gpulling manifest [K
pulling a3de86cd1c13:  29% ▕█████             ▏ 1.5 GB/5.2 GB   10 MB/s   5m46s[K[?25h[?2026l[?2026h[?25l[A[1Gpulling manifest [K
pulling a3de86cd1c13:  29% ▕█████             ▏ 1.5 GB/5.2 GB   10 MB/s   5m45s[K[?25h[?2026l[?2026h[?25l[A[1Gpulling manifest [K
pulling a3de86cd1c13:  29% ▕█████             ▏ 1.5 GB/5.2 GB   10 MB/s   5m58s[K[?25h[?2026l[?2026h[?25l[A[1Gpulling manifest [K
pulling a3de86cd1c13:  29% ▕█████             ▏ 1.5 GB/5.2 GB   10 MB/s   5m58s[K[?25h[?2026l[?2026h[?25l[A[1Gpulling manifest [K
pulling a3de86cd1c13:  29% ▕█████             ▏ 1.5 GB/5.2 GB   10 MB/s   5m58s[K[?25h[?2026l[?2026h[?25l[A[1Gpulling manifest [K
pulling a3de86cd1c13:  29% ▕█████             ▏ 1.5 GB/5.2 GB   10 MB/s   5m58s[K[?25h[?2026l[?2026h[?25l[A[1Gpulling manifest [K
pulling a3de86cd1c13:  29% ▕█████             ▏ 1.5 GB/5.2 GB   10 MB/s   5m58s[K[?25h[?2026l[?2026h[?25l[A[1Gpulling manifest [K
pulling a3de86cd1c13:  29% ▕█████             ▏ 1.5 GB/5.2 GB   10 MB/s   5m58s[K[?25h[?2026l[?2026h[?25l[A[1Gpulling manifest [K
pulling a3de86cd1c13:  29% ▕█████             ▏ 1.5 GB/5.2 GB   10 MB/s   5m58s[K[?25h[?2026l[?2026h[?25l[A[1Gpulling manifest [K
pulling a3de86cd1c13:  29% ▕█████             ▏ 1.5 GB/5.2 GB   10 MB/s   5m57s[K[?25h[?2026l[?2026h[?25l[A[1Gpulling manifest [K
pulling a3de86cd1c13:  29% ▕█████             ▏ 1.5 GB/5.2 GB   10 MB/s   5m57s[K[?25h[?2026l[?2026h[?25l[A[1Gpulling manifest [K
pulling a3de86cd1c13:  29% ▕█████             ▏ 1.5 GB/5.2 GB   10 MB/s   5m57s[K[?25h[?2026l[?2026h[?25l[A[1Gpulling manifest [K
pulling a3de86cd1c13:  29% ▕█████             ▏ 1.5 GB/5.2 GB   10 MB/s    6m4s[K[?25h[?2026l[?2026h[?25l[A[1Gpulling manifest [K
pulling a3de86cd1c13:  29% ▕█████             ▏ 1.5 GB/5.2 GB   10 MB/s    6m4s[K[?25h[?2026l[?2026h[?25l[A[1Gpulling manifest [K
pulling a3de86cd1c13:  29% ▕█████             ▏ 1.5 GB/5.2 GB   10 MB/s    6m4s[K[?25h[?2026l[?2026h[?25l[A[1Gpulling manifest [K
pulling a3de86cd1c13:  29% ▕█████             ▏ 1.5 GB/5.2 GB   10 MB/s    6m4s[K[?25h[?2026l[?2026h[?25l[A[1Gpulling manifest [K
pulling a3de86cd1c13:  29% ▕█████             ▏ 1.5 GB/5.2 GB   10 MB/s    6m4s[K[?25h[?2026l[?2026h[?25l[A[1Gpulling manifest [K
pulling a3de86cd1c13:  29% ▕█████             ▏ 1.5 GB/5.2 GB   10 MB/s    6m4s[K[?25h[?2026l[?2026h[?25l[A[1Gpulling manifest [K
pulling a3de86cd1c13:  29% ▕█████             ▏ 1.5 GB/5.2 GB   10 MB/s    6m4s[K[?25h[?2026l[?2026h[?25l[A[1Gpulling manifest [K
pulling a3de86cd1c13:  29% ▕█████             ▏ 1.5 GB/5.2 GB   10 MB/s    6m4s[K[?25h[?2026l[?2026h[?25l[A[1Gpulling manifest [K
pulling a3de86cd1c13:  29% ▕█████             ▏ 1.5 GB/5.2 GB   10 MB/s    6m4s[K[?25h[?2026l[?2026h[?25l[A[1Gpulling manifest [K
pulling a3de86cd1c13:  29% ▕█████             ▏ 1.5 GB/5.2 GB   10 MB/s    6m3s[K[?25h[?2026l[?2026h[?25l[A[1Gpulling manifest [K
pulling a3de86cd1c13:  29% ▕█████             ▏ 1.5 GB/5.2 GB  9.8 MB/s   6m16s[K[?25h[?2026l[?2026h[?25l[A[1Gpulling manifest [K
pulling a3de86cd1c13:  29% ▕█████             ▏ 1.5 GB/5.2 GB  9.8 MB/s   6m16s[K[?25h[?2026l[?2026h[?25l[A[1Gpulling manifest [K
pulling a3de86cd1c13:  29% ▕█████             ▏ 1.5 GB/5.2 GB  9.8 MB/s   6m16s[K[?25h[?2026l[?2026h[?25l[A[1Gpulling manifest [K
pulling a3de86cd1c13:  29% ▕█████             ▏ 1.5 GB/5.2 GB  9.8 MB/s   6m16s[K[?25h[?2026l[?2026h[?25l[A[1Gpulling manifest [K
pulling a3de86cd1c13:  29% ▕█████             ▏ 1.5 GB/5.2 GB  9.8 MB/s   6m16s[K[?25h[?2026l[?2026h[?25l[A[1Gpulling manifest [K
pulling a3de86cd1c13:  29% ▕█████             ▏ 1.5 GB/5.2 GB  9.8 MB/s   6m16s[K[?25h[?2026l[?2026h[?25l[A[1Gpulling manifest [K
pulling a3de86cd1c13:  29% ▕█████             ▏ 1.5 GB/5.2 GB  9.8 MB/s   6m16s[K[?25h[?2026l[?2026h[?25l[A[1Gpulling manifest [K
pulling a3de86cd1c13:  29% ▕█████             ▏ 1.5 GB/5.2 GB  9.8 MB/s   6m15s[K[?25h[?2026l[?2026h[?25l[A[1Gpulling manifest [K
pulling a3de86cd1c13:  29% ▕█████             ▏ 1.5 GB/5.2 GB  9.8 MB/s   6m15s[K[?25h[?2026l[?2026h[?25l[A[1Gpulling manifest [K
pulling a3de86cd1c13:  29% ▕█████             ▏ 1.5 GB/5.2 GB  9.8 MB/s   6m15s[K[?25h[?2026l[?2026h[?25l[A[1Gpulling manifest [K
pulling a3de86cd1c13:  29% ▕█████             ▏ 1.5 GB/5.2 GB  9.8 MB/s   6m15s[K[?25h[?2026l[?2026h[?25l[A[1Gpulling manifest [K
pulling a3de86cd1c13:  29% ▕█████             ▏ 1.5 GB/5.2 GB  9.8 MB/s   6m15s[K[?25h[?2026l[?2026h[?25l[A[1Gpulling manifest [K
pulling a3de86cd1c13:  29% ▕█████             ▏ 1.5 GB/5.2 GB  9.8 MB/s   6m15s[K[?25h[?2026l[?2026h[?25l[A[1Gpulling manifest [K
pulling a3de86cd1c13:  29% ▕█████             ▏ 1.5 GB/5.2 GB  9.8 MB/s   6m15s[K[?25h[?2026l[?2026h[?25l[A[1Gpulling manifest [K
pulling a3de86cd1c13:  29% ▕█████             ▏ 1.5 GB/5.2 GB  9.8 MB/s   6m14s[K[?25h[?2026l[?2026h[?25l[A[1Gpulling manifest [K
pulling a3de86cd1c13:  30% ▕█████             ▏ 1.5 GB/5.2 GB  9.8 MB/s   6m14s[K[?25h[?2026l[?2026h[?25l[A[1Gpulling manifest [K
pulling a3de86cd1c13:  30% ▕█████             ▏ 1.5 GB/5.2 GB  9.8 MB/s   6m14s[K[?25h[?2026l[?2026h[?25l[A[1Gpulling manifest [K
pulling a3de86cd1c13:  30% ▕█████             ▏ 1.5 GB/5.2 GB  9.8 MB/s   6m14s[K[?25h[?2026l[?2026h[?25l[A[1Gpulling manifest [K
pulling a3de86cd1c13:  30% ▕█████             ▏ 1.5 GB/5.2 GB  9.8 MB/s   6m14s[K[?25h[?2026l[?2026h[?25l[A[1Gpulling manifest [K
pulling a3de86cd1c13:  30% ▕█████             ▏ 1.5 GB/5.2 GB  9.8 MB/s   6m14s[K[?25h[?2026l[?2026h[?25l[A[1Gpulling manifest [K
pulling a3de86cd1c13:  30% ▕█████             ▏ 1.5 GB/5.2 GB  9.7 MB/s   6m19s[K[?25h[?2026l[?2026h[?25l[A[1Gpulling manifest [K
pulling a3de86cd1c13:  30% ▕█████             ▏ 1.5 GB/5.2 GB  9.7 MB/s   6m19s[K[?25h[?2026l[?2026h[?25l[A[1Gpulling manifest [K
pulling a3de86cd1c13:  30% ▕█████             ▏ 1.5 GB/5.2 GB  9.7 MB/s   6m19s[K[?25h[?2026l[?2026h[?25l[A[1Gpulling manifest [K
pulling a3de86cd1c13:  30% ▕█████             ▏ 1.5 GB/5.2 GB  9.7 MB/s   6m18s[K[?25h[?2026l[?2026h[?25l[A[1Gpulling manifest [K
pulling a3de86cd1c13:  30% ▕█████             ▏ 1.6 GB/5.2 GB  9.7 MB/s   6m18s[K[?25h[?2026l[?2026h[?25l[A[1Gpulling manifest [K
pulling a3de86cd1c13:  30% ▕█████             ▏ 1.6 GB/5.2 GB  9.7 MB/s   6m18s[K[?25h[?2026l[?2026h[?25l[A[1Gpulling manifest [K
pulling a3de86cd1c13:  30% ▕█████             ▏ 1.6 GB/5.2 GB  9.7 MB/s   6m18s[K[?25h[?2026l[?2026h[?25l[A[1Gpulling manifest [K
pulling a3de86cd1c13:  30% ▕█████             ▏ 1.6 GB/5.2 GB  9.7 MB/s   6m18s[K[?25h[?2026l[?2026h[?25l[A[1Gpulling manifest [K
pulling a3de86cd1c13:  30% ▕█████             ▏ 1.6 GB/5.2 GB  9.7 MB/s   6m18s[K[?25h[?2026l[?2026h[?25l[A[1Gpulling manifest [K
pulling a3de86cd1c13:  30% ▕█████             ▏ 1.6 GB/5.2 GB  9.7 MB/s   6m18s[K[?25h[?2026l[?2026h[?25l[A[1Gpulling manifest [K
pulling a3de86cd1c13:  30% ▕█████             ▏ 1.6 GB/5.2 GB  9.7 MB/s   6m18s[K[?25h[?2026l[?2026h[?25l[A[1Gpulling manifest [K
pulling a3de86cd1c13:  30% ▕█████             ▏ 1.6 GB/5.2 GB  9.7 MB/s   6m20s[K[?25h[?2026l[?2026h[?25l[A[1Gpulling manifest [K
pulling a3de86cd1c13:  30% ▕█████             ▏ 1.6 GB/5.2 GB  9.7 MB/s   6m19s[K[?25h[?2026l[?2026h[?25l[A[1Gpulling manifest [K
pulling a3de86cd1c13:  30% ▕█████             ▏ 1.6 GB/5.2 GB  9.7 MB/s   6m19s[K[?25h[?2026l[?2026h[?25l[A[1Gpulling manifest [K
pulling a3de86cd1c13:  30% ▕█████             ▏ 1.6 GB/5.2 GB  9.7 MB/s   6m19s[K[?25h[?2026l[?2026h[?25l[A[1Gpulling manifest [K
pulling a3de86cd1c13:  30% ▕█████             ▏ 1.6 GB/5.2 GB  9.7 MB/s   6m19s[K[?25h[?2026l[?2026h[?25l[A[1Gpulling manifest [K
pulling a3de86cd1c13:  30% ▕█████             ▏ 1.6 GB/5.2 GB  9.7 MB/s   6m19s[K[?25h[?2026l[?2026h[?25l[A[1Gpulling manifest [K
pulling a3de86cd1c13:  30% ▕█████             ▏ 1.6 GB/5.2 GB  9.7 MB/s   6m19s[K[?25h[?2026l[?2026h[?25l[A[1Gpulling manifest [K
pulling a3de86cd1c13:  30% ▕█████             ▏ 1.6 GB/5.2 GB  9.7 MB/s   6m19s[K[?25h[?2026l[?2026h[?25l[A[1Gpulling manifest [K
pulling a3de86cd1c13:  30% ▕█████             ▏ 1.6 GB/5.2 GB  9.7 MB/s   6m19s[K[?25h[?2026l[?2026h[?25l[A[1Gpulling manifest [K
pulling a3de86cd1c13:  30% ▕█████             ▏ 1.6 GB/5.2 GB  9.7 MB/s   6m19s[K[?25h[?2026l[?2026h[?25l[A[1Gpulling manifest [K
pulling a3de86cd1c13:  30% ▕█████             ▏ 1.6 GB/5.2 GB  9.6 MB/s   6m21s[K[?25h[?2026l[?2026h[?25l[A[1Gpulling manifest [K
pulling a3de86cd1c13:  30% ▕█████             ▏ 1.6 GB/5.2 GB  9.6 MB/s   6m20s[K[?25h[?2026l[?2026h[?25l[A[1Gpulling manifest [K
pulling a3de86cd1c13:  30% ▕█████             ▏ 1.6 GB/5.2 GB  9.6 MB/s   6m20s[K[?25h[?2026l[?2026h[?25l[A[1Gpulling manifest [K
pulling a3de86cd1c13:  30% ▕█████             ▏ 1.6 GB/5.2 GB  9.6 MB/s   6m20s[K[?25h[?2026l[?2026h[?25l[A[1Gpulling manifest [K
pulling a3de86cd1c13:  30% ▕█████             ▏ 1.6 GB/5.2 GB  9.6 MB/s   6m20s[K[?25h[?2026l[?2026h[?25l[A[1Gpulling manifest [K
pulling a3de86cd1c13:  30% ▕█████             ▏ 1.6 GB/5.2 GB  9.6 MB/s   6m20s[K[?25h[?2026l[?2026h[?25l[A[1Gpulling manifest [K
pulling a3de86cd1c13:  30% ▕█████             ▏ 1.6 GB/5.2 GB  9.6 MB/s   6m20s[K[?25h[?2026l[?2026h[?25l[A[1Gpulling manifest [K
pulling a3de86cd1c13:  30% ▕█████             ▏ 1.6 GB/5.2 GB  9.6 MB/s   6m20s[K[?25h[?2026l[?2026h[?25l[A[1Gpulling manifest [K
pulling a3de86cd1c13:  30% ▕█████             ▏ 1.6 GB/5.2 GB  9.6 MB/s   6m20s[K[?25h[?2026l[?2026h[?25l[A[1Gpulling manifest [K
pulling a3de86cd1c13:  30% ▕█████             ▏ 1.6 GB/5.2 GB  9.6 MB/s   6m20s[K[?25h[?2026l[?2026h[?25l[A[1Gpulling manifest [K
pulling a3de86cd1c13:  30% ▕█████             ▏ 1.6 GB/5.2 GB  9.6 MB/s   6m20s[K[?25h[?2026l[?2026h[?25l[A[1Gpulling manifest [K
pulling a3de86cd1c13:  30% ▕█████             ▏ 1.6 GB/5.2 GB  9.6 MB/s   6m20s[K[?25h[?2026l[?2026h[?25l[A[1Gpulling manifest [K
pulling a3de86cd1c13:  30% ▕█████             ▏ 1.6 GB/5.2 GB  9.6 MB/s   6m19s[K[?25h[?2026l[?2026h[?25l[A[1Gpulling manifest [K
pulling a3de86cd1c13:  30% ▕█████             ▏ 1.6 GB/5.2 GB  9.6 MB/s   6m19s[K[?25h[?2026l[?2026h[?25l[A[1Gpulling manifest [K
pulling a3de86cd1c13:  30% ▕█████             ▏ 1.6 GB/5.2 GB  9.6 MB/s   6m19s[K[?25h[?2026l[?2026h[?25l[A[1Gpulling manifest [K
pulling a3de86cd1c13:  30% ▕█████             ▏ 1.6 GB/5.2 GB  9.6 MB/s   6m19s[K[?25h[?2026l[?2026h[?25l[A[1Gpulling manifest [K
pulling a3de86cd1c13:  30% ▕█████             ▏ 1.6 GB/5.2 GB  9.6 MB/s   6m19s[K[?25h[?2026l[?2026h[?25l[A[1Gpulling manifest [K
pulling a3de86cd1c13:  30% ▕█████             ▏ 1.6 GB/5.2 GB  9.6 MB/s   6m19s[K[?25h[?2026l[?2026h[?25l[A[1Gpulling manifest [K
pulling a3de86cd1c13:  30% ▕█████             ▏ 1.6 GB/5.2 GB  9.6 MB/s   6m19s[K[?25h[?2026l[?2026h[?25l[A[1Gpulling manifest [K
pulling a3de86cd1c13:  30% ▕█████             ▏ 1.6 GB/5.2 GB  9.6 MB/s   6m19s[K[?25h[?2026l[?2026h[?25l[A[1Gpulling manifest [K
pulling a3de86cd1c13:  30% ▕█████             ▏ 1.6 GB/5.2 GB  9.7 MB/s   6m15s[K[?25h[?2026l[?2026h[?25l[A[1Gpulling manifest [K
pulling a3de86cd1c13:  30% ▕█████             ▏ 1.6 GB/5.2 GB  9.7 MB/s   6m15s[K[?25h[?2026l[?2026h[?25l[A[1Gpulling manifest [K
pulling a3de86cd1c13:  30% ▕█████             ▏ 1.6 GB/5.2 GB  9.7 MB/s   6m15s[K[?25h[?2026l[?2026h[?25l[A[1Gpulling manifest [K
pulling a3de86cd1c13:  30% ▕█████             ▏ 1.6 GB/5.2 GB  9.7 MB/s   6m15s[K[?25h[?2026l[?2026h[?25l[A[1Gpulling manifest [K
pulling a3de86cd1c13:  30% ▕█████             ▏ 1.6 GB/5.2 GB  9.7 MB/s   6m15s[K[?25h[?2026l[?2026h[?25l[A[1Gpulling manifest [K
pulling a3de86cd1c13:  30% ▕█████             ▏ 1.6 GB/5.2 GB  9.7 MB/s   6m15s[K[?25h[?2026l[?2026h[?25l[A[1Gpulling manifest [K
pulling a3de86cd1c13:  30% ▕█████             ▏ 1.6 GB/5.2 GB  9.7 MB/s   6m15s[K[?25h[?2026l[?2026h[?25l[A[1Gpulling manifest [K
pulling a3de86cd1c13:  30% ▕█████             ▏ 1.6 GB/5.2 GB  9.7 MB/s   6m14s[K[?25h[?2026l[?2026h[?25l[A[1Gpulling manifest [K
pulling a3de86cd1c13:  30% ▕█████             ▏ 1.6 GB/5.2 GB  9.7 MB/s   6m14s[K[?25h[?2026l[?2026h[?25l[A[1Gpulling manifest [K
pulling a3de86cd1c13:  31% ▕█████             ▏ 1.6 GB/5.2 GB  9.7 MB/s   6m14s[K[?25h[?2026l[?2026h[?25l[A[1Gpulling manifest [K
pulling a3de86cd1c13:  31% ▕█████             ▏ 1.6 GB/5.2 GB  9.8 MB/s    6m9s[K[?25h[?2026l[?2026h[?25l[A[1Gpulling manifest [K
pulling a3de86cd1c13:  31% ▕█████             ▏ 1.6 GB/5.2 GB  9.8 MB/s    6m9s[K[?25h[?2026l[?2026h[?25l[A[1Gpulling manifest [K
pulling a3de86cd1c13:  31% ▕█████             ▏ 1.6 GB/5.2 GB  9.8 MB/s    6m9s[K[?25h[?2026l[?2026h[?25l[A[1Gpulling manifest [K
pulling a3de86cd1c13:  31% ▕█████             ▏ 1.6 GB/5.2 GB  9.8 MB/s    6m9s[K[?25h[?2026l[?2026h[?25l[A[1Gpulling manifest [K
pulling a3de86cd1c13:  31% ▕█████             ▏ 1.6 GB/5.2 GB  9.8 MB/s    6m9s[K[?25h[?2026l[?2026h[?25l[A[1Gpulling manifest [K
pulling a3de86cd1c13:  31% ▕█████             ▏ 1.6 GB/5.2 GB  9.8 MB/s    6m9s[K[?25h[?2026l[?2026h[?25l[A[1Gpulling manifest [K
pulling a3de86cd1c13:  31% ▕█████             ▏ 1.6 GB/5.2 GB  9.8 MB/s    6m8s[K[?25h[?2026l[?2026h[?25l[A[1Gpulling manifest [K
pulling a3de86cd1c13:  31% ▕█████             ▏ 1.6 GB/5.2 GB  9.8 MB/s    6m8s[K[?25h[?2026l[?2026h[?25l[A[1Gpulling manifest [K
pulling a3de86cd1c13:  31% ▕█████             ▏ 1.6 GB/5.2 GB  9.8 MB/s    6m8s[K[?25h[?2026l[?2026h[?25l[A[1Gpulling manifest [K
pulling a3de86cd1c13:  31% ▕█████             ▏ 1.6 GB/5.2 GB  9.8 MB/s    6m8s[K[?25h[?2026l[?2026h[?25l[A[1Gpulling manifest [K
pulling a3de86cd1c13:  31% ▕█████             ▏ 1.6 GB/5.2 GB  9.8 MB/s    6m8s[K[?25h[?2026l[?2026h[?25l[A[1Gpulling manifest [K
pulling a3de86cd1c13:  31% ▕█████             ▏ 1.6 GB/5.2 GB  9.8 MB/s    6m9s[K[?25h[?2026l[?2026h[?25l[A[1Gpulling manifest [K
pulling a3de86cd1c13:  31% ▕█████             ▏ 1.6 GB/5.2 GB  9.8 MB/s    6m9s[K[?25h[?2026l[?2026h[?25l[A[1Gpulling manifest [K
pulling a3de86cd1c13:  31% ▕█████             ▏ 1.6 GB/5.2 GB  9.8 MB/s    6m9s[K[?25h[?2026l[?2026h[?25l[A[1Gpulling manifest [K
pulling a3de86cd1c13:  31% ▕█████             ▏ 1.6 GB/5.2 GB  9.8 MB/s    6m9s[K[?25h[?2026l[?2026h[?25l[A[1Gpulling manifest [K
pulling a3de86cd1c13:  31% ▕█████             ▏ 1.6 GB/5.2 GB  9.8 MB/s    6m8s[K[?25h[?2026l[?2026h[?25l[A[1Gpulling manifest [K
pulling a3de86cd1c13:  31% ▕█████             ▏ 1.6 GB/5.2 GB  9.8 MB/s    6m8s[K[?25h[?2026l[?2026h[?25l[A[1Gpulling manifest [K
pulling a3de86cd1c13:  31% ▕█████             ▏ 1.6 GB/5.2 GB  9.8 MB/s    6m8s[K[?25h[?2026l[?2026h[?25l[A[1Gpulling manifest [K
pulling a3de86cd1c13:  31% ▕█████             ▏ 1.6 GB/5.2 GB  9.8 MB/s    6m8s[K[?25h[?2026l[?2026h[?25l[A[1Gpulling manifest [K
pulling a3de86cd1c13:  31% ▕█████             ▏ 1.6 GB/5.2 GB  9.8 MB/s    6m8s[K[?25h[?2026l[?2026h[?25l[A[1Gpulling manifest [K
pulling a3de86cd1c13:  31% ▕█████             ▏ 1.6 GB/5.2 GB  9.8 MB/s    6m8s[K[?25h[?2026l[?2026h[?25l[A[1Gpulling manifest [K
pulling a3de86cd1c13:  31% ▕█████             ▏ 1.6 GB/5.2 GB  9.8 MB/s    6m7s[K[?25h[?2026l[?2026h[?25l[A[1Gpulling manifest [K
pulling a3de86cd1c13:  31% ▕█████             ▏ 1.6 GB/5.2 GB  9.8 MB/s    6m7s[K[?25h[?2026l[?2026h[?25l[A[1Gpulling manifest [K
pulling a3de86cd1c13:  31% ▕█████             ▏ 1.6 GB/5.2 GB  9.8 MB/s    6m7s[K[?25h[?2026l[?2026h[?25l[A[1Gpulling manifest [K
pulling a3de86cd1c13:  31% ▕█████             ▏ 1.6 GB/5.2 GB  9.8 MB/s    6m7s[K[?25h[?2026l[?2026h[?25l[A[1Gpulling manifest [K
pulling a3de86cd1c13:  31% ▕█████             ▏ 1.6 GB/5.2 GB  9.8 MB/s    6m7s[K[?25h[?2026l[?2026h[?25l[A[1Gpulling manifest [K
pulling a3de86cd1c13:  31% ▕█████             ▏ 1.6 GB/5.2 GB  9.8 MB/s    6m7s[K[?25h[?2026l[?2026h[?25l[A[1Gpulling manifest [K
pulling a3de86cd1c13:  31% ▕█████             ▏ 1.6 GB/5.2 GB  9.8 MB/s    6m7s[K[?25h[?2026l[?2026h[?25l[A[1Gpulling manifest [K
pulling a3de86cd1c13:  31% ▕█████             ▏ 1.6 GB/5.2 GB  9.8 MB/s    6m7s[K[?25h[?2026l[?2026h[?25l[A[1Gpulling manifest [K
pulling a3de86cd1c13:  31% ▕█████             ▏ 1.6 GB/5.2 GB  9.8 MB/s    6m7s[K[?25h[?2026l[?2026h[?25l[A[1Gpulling manifest [K
pulling a3de86cd1c13:  31% ▕█████             ▏ 1.6 GB/5.2 GB  9.8 MB/s    6m7s[K[?25h[?2026l[?2026h[?25l[A[1Gpulling manifest [K
pulling a3de86cd1c13:  31% ▕█████             ▏ 1.6 GB/5.2 GB  9.7 MB/s   6m10s[K[?25h[?2026l[?2026h[?25l[A[1Gpulling manifest [K
pulling a3de86cd1c13:  31% ▕█████             ▏ 1.6 GB/5.2 GB  9.7 MB/s   6m10s[K[?25h[?2026l[?2026h[?25l[A[1Gpulling manifest [K
pulling a3de86cd1c13:  31% ▕█████             ▏ 1.6 GB/5.2 GB  9.7 MB/s   6m10s[K[?25h[?2026l[?2026h[?25l[A[1Gpulling manifest [K
pulling a3de86cd1c13:  31% ▕█████             ▏ 1.6 GB/5.2 GB  9.7 MB/s   6m10s[K[?25h[?2026l[?2026h[?25l[A[1Gpulling manifest [K
pulling a3de86cd1c13:  31% ▕█████             ▏ 1.6 GB/5.2 GB  9.7 MB/s   6m10s[K[?25h[?2026l[?2026h[?25l[A[1Gpulling manifest [K
pulling a3de86cd1c13:  31% ▕█████             ▏ 1.6 GB/5.2 GB  9.7 MB/s   6m10s[K[?25h[?2026l[?2026h[?25l[A[1Gpulling manifest [K
pulling a3de86cd1c13:  31% ▕█████             ▏ 1.6 GB/5.2 GB  9.7 MB/s   6m10s[K[?25h[?2026l[?2026h[?25l[A[1Gpulling manifest [K
pulling a3de86cd1c13:  31% ▕█████             ▏ 1.6 GB/5.2 GB  9.7 MB/s   6m10s[K[?25h[?2026l[?2026h[?25l[A[1Gpulling manifest [K
pulling a3de86cd1c13:  31% ▕█████             ▏ 1.6 GB/5.2 GB  9.7 MB/s   6m10s[K[?25h[?2026l[?2026h[?25l[A[1Gpulling manifest [K
pulling a3de86cd1c13:  31% ▕█████             ▏ 1.6 GB/5.2 GB  9.7 MB/s   6m10s[K[?25h[?2026l[?2026h[?25l[A[1Gpulling manifest [K
pulling a3de86cd1c13:  31% ▕█████             ▏ 1.6 GB/5.2 GB  9.6 MB/s   6m13s[K[?25h[?2026l[?2026h[?25l[A[1Gpulling manifest [K
pulling a3de86cd1c13:  31% ▕█████             ▏ 1.6 GB/5.2 GB  9.6 MB/s   6m12s[K[?25h[?2026l[?2026h[?25l[A[1Gpulling manifest [K
pulling a3de86cd1c13:  31% ▕█████             ▏ 1.6 GB/5.2 GB  9.6 MB/s   6m12s[K[?25h[?2026l[?2026h[?25l[A[1Gpulling manifest [K
pulling a3de86cd1c13:  31% ▕█████             ▏ 1.6 GB/5.2 GB  9.6 MB/s   6m12s[K[?25h[?2026l[?2026h[?25l[A[1Gpulling manifest [K
pulling a3de86cd1c13:  31% ▕█████             ▏ 1.6 GB/5.2 GB  9.6 MB/s   6m12s[K[?25h[?2026l[?2026h[?25l[A[1Gpulling manifest [K
pulling a3de86cd1c13:  31% ▕█████             ▏ 1.6 GB/5.2 GB  9.6 MB/s   6m12s[K[?25h[?2026l[?2026h[?25l[A[1Gpulling manifest [K
pulling a3de86cd1c13:  31% ▕█████             ▏ 1.6 GB/5.2 GB  9.6 MB/s   6m12s[K[?25h[?2026l[?2026h[?25l[A[1Gpulling manifest [K
pulling a3de86cd1c13:  31% ▕█████             ▏ 1.6 GB/5.2 GB  9.6 MB/s   6m12s[K[?25h[?2026l[?2026h[?25l[A[1Gpulling manifest [K
pulling a3de86cd1c13:  31% ▕█████             ▏ 1.6 GB/5.2 GB  9.6 MB/s   6m12s[K[?25h[?2026l[?2026h[?25l[A[1Gpulling manifest [K
pulling a3de86cd1c13:  31% ▕█████             ▏ 1.6 GB/5.2 GB  9.6 MB/s   6m12s[K[?25h[?2026l[?2026h[?25l[A[1Gpulling manifest [K
pulling a3de86cd1c13:  31% ▕█████             ▏ 1.6 GB/5.2 GB  9.6 MB/s   6m11s[K[?25h[?2026l[?2026h[?25l[A[1Gpulling manifest [K
pulling a3de86cd1c13:  31% ▕█████             ▏ 1.6 GB/5.2 GB  9.6 MB/s   6m11s[K[?25h[?2026l[?2026h[?25l[A[1Gpulling manifest [K
pulling a3de86cd1c13:  31% ▕█████             ▏ 1.6 GB/5.2 GB  9.6 MB/s   6m11s[K[?25h[?2026l[?2026h[?25l[A[1Gpulling manifest [K
pulling a3de86cd1c13:  31% ▕█████             ▏ 1.6 GB/5.2 GB  9.6 MB/s   6m11s[K[?25h[?2026l[?2026h[?25l[A[1Gpulling manifest [K
pulling a3de86cd1c13:  32% ▕█████             ▏ 1.6 GB/5.2 GB  9.6 MB/s   6m11s[K[?25h[?2026l[?2026h[?25l[A[1Gpulling manifest [K
pulling a3de86cd1c13:  32% ▕█████             ▏ 1.6 GB/5.2 GB  9.6 MB/s   6m10s[K[?25h[?2026l[?2026h[?25l[A[1Gpulling manifest [K
pulling a3de86cd1c13:  32% ▕█████             ▏ 1.6 GB/5.2 GB  9.6 MB/s   6m10s[K[?25h[?2026l[?2026h[?25l[A[1Gpulling manifest [K
pulling a3de86cd1c13:  32% ▕█████             ▏ 1.6 GB/5.2 GB  9.6 MB/s   6m10s[K[?25h[?2026l[?2026h[?25l[A[1Gpulling manifest [K
pulling a3de86cd1c13:  32% ▕█████             ▏ 1.7 GB/5.2 GB  9.6 MB/s   6m10s[K[?25h[?2026l[?2026h[?25l[A[1Gpulling manifest [K
pulling a3de86cd1c13:  32% ▕█████             ▏ 1.7 GB/5.2 GB  9.6 MB/s   6m10s[K[?25h[?2026l[?2026h[?25l[A[1Gpulling manifest [K
pulling a3de86cd1c13:  32% ▕█████             ▏ 1.7 GB/5.2 GB  9.6 MB/s   6m10s[K[?25h[?2026l[?2026h[?25l[A[1Gpulling manifest [K
pulling a3de86cd1c13:  32% ▕█████             ▏ 1.7 GB/5.2 GB  9.7 MB/s    6m7s[K[?25h[?2026l[?2026h[?25l[A[1Gpulling manifest [K
pulling a3de86cd1c13:  32% ▕█████             ▏ 1.7 GB/5.2 GB  9.7 MB/s    6m7s[K[?25h[?2026l[?2026h[?25l[A[1Gpulling manifest [K
pulling a3de86cd1c13:  32% ▕█████             ▏ 1.7 GB/5.2 GB  9.7 MB/s    6m7s[K[?25h[?2026l[?2026h[?25l[A[1Gpulling manifest [K
pulling a3de86cd1c13:  32% ▕█████             ▏ 1.7 GB/5.2 GB  9.7 MB/s    6m6s[K[?25h[?2026l[?2026h[?25l[A[1Gpulling manifest [K
pulling a3de86cd1c13:  32% ▕█████             ▏ 1.7 GB/5.2 GB  9.7 MB/s    6m6s[K[?25h[?2026l[?2026h[?25l[A[1Gpulling manifest [K
pulling a3de86cd1c13:  32% ▕█████             ▏ 1.7 GB/5.2 GB  9.7 MB/s    6m6s[K[?25h[?2026l[?2026h[?25l[A[1Gpulling manifest [K
pulling a3de86cd1c13:  32% ▕█████             ▏ 1.7 GB/5.2 GB  9.7 MB/s    6m6s[K[?25h[?2026l[?2026h[?25l[A[1Gpulling manifest [K
pulling a3de86cd1c13:  32% ▕█████             ▏ 1.7 GB/5.2 GB  9.7 MB/s    6m6s[K[?25h[?2026l[?2026h[?25l[A[1Gpulling manifest [K
pulling a3de86cd1c13:  32% ▕█████             ▏ 1.7 GB/5.2 GB  9.7 MB/s    6m6s[K[?25h[?2026l[?2026h[?25l[A[1Gpulling manifest [K
pulling a3de86cd1c13:  32% ▕█████             ▏ 1.7 GB/5.2 GB  9.7 MB/s    6m6s[K[?25h[?2026l[?2026h[?25l[A[1Gpulling manifest [K
pulling a3de86cd1c13:  32% ▕█████             ▏ 1.7 GB/5.2 GB  9.7 MB/s    6m5s[K[?25h[?2026l[?2026h[?25l[A[1Gpulling manifest [K
pulling a3de86cd1c13:  32% ▕█████             ▏ 1.7 GB/5.2 GB  9.7 MB/s    6m5s[K[?25h[?2026l[?2026h[?25l[A[1Gpulling manifest [K
pulling a3de86cd1c13:  32% ▕█████             ▏ 1.7 GB/5.2 GB  9.7 MB/s    6m5s[K[?25h[?2026l[?2026h[?25l[A[1Gpulling manifest [K
pulling a3de86cd1c13:  32% ▕█████             ▏ 1.7 GB/5.2 GB  9.7 MB/s    6m5s[K[?25h[?2026l[?2026h[?25l[A[1Gpulling manifest [K
pulling a3de86cd1c13:  32% ▕█████             ▏ 1.7 GB/5.2 GB  9.7 MB/s    6m5s[K[?25h[?2026l[?2026h[?25l[A[1Gpulling manifest [K
pulling a3de86cd1c13:  32% ▕█████             ▏ 1.7 GB/5.2 GB  9.7 MB/s    6m5s[K[?25h[?2026l[?2026h[?25l[A[1Gpulling manifest [K
pulling a3de86cd1c13:  32% ▕█████             ▏ 1.7 GB/5.2 GB  9.7 MB/s    6m4s[K[?25h[?2026l[?2026h[?25l[A[1Gpulling manifest [K
pulling a3de86cd1c13:  32% ▕█████             ▏ 1.7 GB/5.2 GB  9.7 MB/s    6m4s[K[?25h[?2026l[?2026h[?25l[A[1Gpulling manifest [K
pulling a3de86cd1c13:  32% ▕█████             ▏ 1.7 GB/5.2 GB  9.7 MB/s    6m4s[K[?25h[?2026l[?2026h[?25l[A[1Gpulling manifest [K
pulling a3de86cd1c13:  32% ▕█████             ▏ 1.7 GB/5.2 GB  9.7 MB/s    6m4s[K[?25h[?2026l[?2026h[?25l[A[1Gpulling manifest [K
pulling a3de86cd1c13:  32% ▕█████             ▏ 1.7 GB/5.2 GB  9.6 MB/s    6m8s[K[?25h[?2026l[?2026h[?25l[A[1Gpulling manifest [K
pulling a3de86cd1c13:  32% ▕█████             ▏ 1.7 GB/5.2 GB  9.6 MB/s    6m8s[K[?25h[?2026l[?2026h[?25l[A[1Gpulling manifest [K
pulling a3de86cd1c13:  32% ▕█████             ▏ 1.7 GB/5.2 GB  9.6 MB/s    6m8s[K[?25h[?2026l[?2026h[?25l[A[1Gpulling manifest [K
pulling a3de86cd1c13:  32% ▕█████             ▏ 1.7 GB/5.2 GB  9.6 MB/s    6m8s[K[?25h[?2026l[?2026h[?25l[A[1Gpulling manifest [K
pulling a3de86cd1c13:  32% ▕█████             ▏ 1.7 GB/5.2 GB  9.6 MB/s    6m8s[K[?25h[?2026l[?2026h[?25l[A[1Gpulling manifest [K
pulling a3de86cd1c13:  32% ▕█████             ▏ 1.7 GB/5.2 GB  9.6 MB/s    6m8s[K[?25h[?2026l[?2026h[?25l[A[1Gpulling manifest [K
pulling a3de86cd1c13:  32% ▕█████             ▏ 1.7 GB/5.2 GB  9.6 MB/s    6m8s[K[?25h[?2026l[?2026h[?25l[A[1Gpulling manifest [K
pulling a3de86cd1c13:  32% ▕█████             ▏ 1.7 GB/5.2 GB  9.6 MB/s    6m8s[K[?25h[?2026l[?2026h[?25l[A[1Gpulling manifest [K
pulling a3de86cd1c13:  32% ▕█████             ▏ 1.7 GB/5.2 GB  9.6 MB/s    6m8s[K[?25h[?2026l[?2026h[?25l[A[1Gpulling manifest [K
pulling a3de86cd1c13:  32% ▕█████             ▏ 1.7 GB/5.2 GB  9.6 MB/s    6m8s[K[?25h[?2026l[?2026h[?25l[A[1Gpulling manifest [K
pulling a3de86cd1c13:  32% ▕█████             ▏ 1.7 GB/5.2 GB  9.5 MB/s   6m13s[K[?25h[?2026l[?2026h[?25l[A[1Gpulling manifest [K
pulling a3de86cd1c13:  32% ▕█████             ▏ 1.7 GB/5.2 GB  9.5 MB/s   6m13s[K[?25h[?2026l[?2026h[?25l[A[1Gpulling manifest [K
pulling a3de86cd1c13:  32% ▕█████             ▏ 1.7 GB/5.2 GB  9.5 MB/s   6m13s[K[?25h[?2026l[?2026h[?25l[A[1Gpulling manifest [K
pulling a3de86cd1c13:  32% ▕█████             ▏ 1.7 GB/5.2 GB  9.5 MB/s   6m13s[K[?25h[?2026l[?2026h[?25l[A[1Gpulling manifest [K
pulling a3de86cd1c13:  32% ▕█████             ▏ 1.7 GB/5.2 GB  9.5 MB/s   6m13s[K[?25h[?2026l[?2026h[?25l[A[1Gpulling manifest [K
pulling a3de86cd1c13:  32% ▕█████             ▏ 1.7 GB/5.2 GB  9.5 MB/s   6m13s[K[?25h[?2026l[?2026h[?25l[A[1Gpulling manifest [K
pulling a3de86cd1c13:  32% ▕█████             ▏ 1.7 GB/5.2 GB  9.5 MB/s   6m13s[K[?25h[?2026l[?2026h[?25l[A[1Gpulling manifest [K
pulling a3de86cd1c13:  32% ▕█████             ▏ 1.7 GB/5.2 GB  9.5 MB/s   6m13s[K[?25h[?2026l[?2026h[?25l[A[1Gpulling manifest [K
pulling a3de86cd1c13:  32% ▕█████             ▏ 1.7 GB/5.2 GB  9.5 MB/s   6m13s[K[?25h[?2026l[?2026h[?25l[A[1Gpulling manifest [K
pulling a3de86cd1c13:  32% ▕█████             ▏ 1.7 GB/5.2 GB  9.5 MB/s   6m12s[K[?25h[?2026l[?2026h[?25l[A[1Gpulling manifest [K
pulling a3de86cd1c13:  32% ▕█████             ▏ 1.7 GB/5.2 GB  9.4 MB/s   6m14s[K[?25h[?2026l[?2026h[?25l[A[1Gpulling manifest [K
pulling a3de86cd1c13:  32% ▕█████             ▏ 1.7 GB/5.2 GB  9.4 MB/s   6m14s[K[?25h[?2026l[?2026h[?25l[A[1Gpulling manifest [K
pulling a3de86cd1c13:  32% ▕█████             ▏ 1.7 GB/5.2 GB  9.4 MB/s   6m14s[K[?25h[?2026l[?2026h[?25l[A[1Gpulling manifest [K
pulling a3de86cd1c13:  32% ▕█████             ▏ 1.7 GB/5.2 GB  9.4 MB/s   6m14s[K[?25h[?2026l[?2026h[?25l[A[1Gpulling manifest [K
pulling a3de86cd1c13:  32% ▕█████             ▏ 1.7 GB/5.2 GB  9.4 MB/s   6m14s[K[?25h[?2026l[?2026h[?25l[A[1Gpulling manifest [K
pulling a3de86cd1c13:  32% ▕█████             ▏ 1.7 GB/5.2 GB  9.4 MB/s   6m13s[K[?25h[?2026l[?2026h[?25l[A[1Gpulling manifest [K
pulling a3de86cd1c13:  32% ▕█████             ▏ 1.7 GB/5.2 GB  9.4 MB/s   6m13s[K[?25h[?2026l[?2026h[?25l[A[1Gpulling manifest [K
pulling a3de86cd1c13:  32% ▕█████             ▏ 1.7 GB/5.2 GB  9.4 MB/s   6m13s[K[?25h[?2026l[?2026h[?25l[A[1Gpulling manifest [K
pulling a3de86cd1c13:  32% ▕█████             ▏ 1.7 GB/5.2 GB  9.4 MB/s   6m13s[K[?25h[?2026l[?2026h[?25l[A[1Gpulling manifest [K
pulling a3de86cd1c13:  33% ▕█████             ▏ 1.7 GB/5.2 GB  9.4 MB/s   6m13s[K[?25h[?2026l[?2026h[?25l[A[1Gpulling manifest [K
pulling a3de86cd1c13:  33% ▕█████             ▏ 1.7 GB/5.2 GB  9.4 MB/s   6m13s[K[?25h[?2026l[?2026h[?25l[A[1Gpulling manifest [K
pulling a3de86cd1c13:  33% ▕█████             ▏ 1.7 GB/5.2 GB  9.5 MB/s   6m12s[K[?25h[?2026l[?2026h[?25l[A[1Gpulling manifest [K
pulling a3de86cd1c13:  33% ▕█████             ▏ 1.7 GB/5.2 GB  9.5 MB/s   6m12s[K[?25h[?2026l[?2026h[?25l[A[1Gpulling manifest [K
pulling a3de86cd1c13:  33% ▕█████             ▏ 1.7 GB/5.2 GB  9.5 MB/s   6m12s[K[?25h[?2026l[?2026h[?25l[A[1Gpulling manifest [K
pulling a3de86cd1c13:  33% ▕█████             ▏ 1.7 GB/5.2 GB  9.5 MB/s   6m12s[K[?25h[?2026l[?2026h[?25l[A[1Gpulling manifest [K
pulling a3de86cd1c13:  33% ▕█████             ▏ 1.7 GB/5.2 GB  9.5 MB/s   6m11s[K[?25h[?2026l[?2026h[?25l[A[1Gpulling manifest [K
pulling a3de86cd1c13:  33% ▕█████             ▏ 1.7 GB/5.2 GB  9.5 MB/s   6m11s[K[?25h[?2026l[?2026h[?25l[A[1Gpulling manifest [K
pulling a3de86cd1c13:  33% ▕█████             ▏ 1.7 GB/5.2 GB  9.5 MB/s   6m11s[K[?25h[?2026l[?2026h[?25l[A[1Gpulling manifest [K
pulling a3de86cd1c13:  33% ▕█████             ▏ 1.7 GB/5.2 GB  9.5 MB/s   6m11s[K[?25h[?2026l[?2026h[?25l[A[1Gpulling manifest [K
pulling a3de86cd1c13:  33% ▕█████             ▏ 1.7 GB/5.2 GB  9.5 MB/s   6m11s[K[?25h[?2026l[?2026h[?25l[A[1Gpulling manifest [K
pulling a3de86cd1c13:  33% ▕█████             ▏ 1.7 GB/5.2 GB  9.5 MB/s   6m11s[K[?25h[?2026l[?2026h[?25l[A[1Gpulling manifest [K
pulling a3de86cd1c13:  33% ▕█████             ▏ 1.7 GB/5.2 GB  9.6 MB/s    6m5s[K[?25h[?2026l[?2026h[?25l[A[1Gpulling manifest [K
pulling a3de86cd1c13:  33% ▕█████             ▏ 1.7 GB/5.2 GB  9.6 MB/s    6m5s[K[?25h[?2026l[?2026h[?25l[A[1Gpulling manifest [K
pulling a3de86cd1c13:  33% ▕█████             ▏ 1.7 GB/5.2 GB  9.6 MB/s    6m5s[K[?25h[?2026l[?2026h[?25l[A[1Gpulling manifest [K
pulling a3de86cd1c13:  33% ▕█████             ▏ 1.7 GB/5.2 GB  9.6 MB/s    6m5s[K[?25h[?2026l[?2026h[?25l[A[1Gpulling manifest [K
pulling a3de86cd1c13:  33% ▕█████             ▏ 1.7 GB/5.2 GB  9.6 MB/s    6m5s[K[?25h[?2026l[?2026h[?25l[A[1Gpulling manifest [K
pulling a3de86cd1c13:  33% ▕█████             ▏ 1.7 GB/5.2 GB  9.6 MB/s    6m5s[K[?25h[?2026l[?2026h[?25l[A[1Gpulling manifest [K
pulling a3de86cd1c13:  33% ▕█████             ▏ 1.7 GB/5.2 GB  9.6 MB/s    6m4s[K[?25h[?2026l[?2026h[?25l[A[1Gpulling manifest [K
pulling a3de86cd1c13:  33% ▕█████             ▏ 1.7 GB/5.2 GB  9.6 MB/s    6m4s[K[?25h[?2026l[?2026h[?25l[A[1Gpulling manifest [K
pulling a3de86cd1c13:  33% ▕█████             ▏ 1.7 GB/5.2 GB  9.6 MB/s    6m4s[K[?25h[?2026l[?2026h[?25l[A[1Gpulling manifest [K
pulling a3de86cd1c13:  33% ▕█████             ▏ 1.7 GB/5.2 GB  9.6 MB/s    6m4s[K[?25h[?2026l[?2026h[?25l[A[1Gpulling manifest [K
pulling a3de86cd1c13:  33% ▕█████             ▏ 1.7 GB/5.2 GB  9.8 MB/s   5m58s[K[?25h[?2026l[?2026h[?25l[A[1Gpulling manifest [K
pulling a3de86cd1c13:  33% ▕█████             ▏ 1.7 GB/5.2 GB  9.8 MB/s   5m58s[K[?25h[?2026l[?2026h[?25l[A[1Gpulling manifest [K
pulling a3de86cd1c13:  33% ▕█████             ▏ 1.7 GB/5.2 GB  9.8 MB/s   5m58s[K[?25h[?2026l[?2026h[?25l[A[1Gpulling manifest [K
pulling a3de86cd1c13:  33% ▕█████             ▏ 1.7 GB/5.2 GB  9.8 MB/s   5m57s[K[?25h[?2026l[?2026h[?25l[A[1Gpulling manifest [K
pulling a3de86cd1c13:  33% ▕█████             ▏ 1.7 GB/5.2 GB  9.8 MB/s   5m57s[K[?25h[?2026l[?2026h[?25l[A[1Gpulling manifest [K
pulling a3de86cd1c13:  33% ▕█████             ▏ 1.7 GB/5.2 GB  9.8 MB/s   5m57s[K[?25h[?2026l[?2026h[?25l[A[1Gpulling manifest [K
pulling a3de86cd1c13:  33% ▕█████             ▏ 1.7 GB/5.2 GB  9.8 MB/s   5m57s[K[?25h[?2026l[?2026h[?25l[A[1Gpulling manifest [K
pulling a3de86cd1c13:  33% ▕█████             ▏ 1.7 GB/5.2 GB  9.8 MB/s   5m57s[K[?25h[?2026l[?2026h[?25l[A[1Gpulling manifest [K
pulling a3de86cd1c13:  33% ▕█████             ▏ 1.7 GB/5.2 GB  9.8 MB/s   5m57s[K[?25h[?2026l[?2026h[?25l[A[1Gpulling manifest [K
pulling a3de86cd1c13:  33% ▕█████             ▏ 1.7 GB/5.2 GB  9.8 MB/s   5m57s[K[?25h[?2026l[?2026h[?25l[A[1Gpulling manifest [K
pulling a3de86cd1c13:  33% ▕█████             ▏ 1.7 GB/5.2 GB  9.8 MB/s   5m55s[K[?25h[?2026l[?2026h[?25l[A[1Gpulling manifest [K
pulling a3de86cd1c13:  33% ▕█████             ▏ 1.7 GB/5.2 GB  9.8 MB/s   5m54s[K[?25h[?2026l[?2026h[?25l[A[1Gpulling manifest [K
pulling a3de86cd1c13:  33% ▕█████             ▏ 1.7 GB/5.2 GB  9.8 MB/s   5m54s[K[?25h[?2026l[?2026h[?25l[A[1Gpulling manifest [K
pulling a3de86cd1c13:  33% ▕█████             ▏ 1.7 GB/5.2 GB  9.8 MB/s   5m54s[K[?25h[?2026l[?2026h[?25l[A[1Gpulling manifest [K
pulling a3de86cd1c13:  33% ▕█████             ▏ 1.7 GB/5.2 GB  9.8 MB/s   5m54s[K[?25h[?2026l[?2026h[?25l[A[1Gpulling manifest [K
pulling a3de86cd1c13:  33% ▕█████             ▏ 1.7 GB/5.2 GB  9.8 MB/s   5m54s[K[?25h[?2026l[?2026h[?25l[A[1Gpulling manifest [K
pulling a3de86cd1c13:  33% ▕█████             ▏ 1.7 GB/5.2 GB  9.8 MB/s   5m54s[K[?25h[?2026l[?2026h[?25l[A[1Gpulling manifest [K
pulling a3de86cd1c13:  33% ▕█████             ▏ 1.7 GB/5.2 GB  9.8 MB/s   5m54s[K[?25h[?2026l[?2026h[?25l[A[1Gpulling manifest [K
pulling a3de86cd1c13:  33% ▕█████             ▏ 1.7 GB/5.2 GB  9.8 MB/s   5m54s[K[?25h[?2026l[?2026h[?25l[A[1Gpulling manifest [K
pulling a3de86cd1c13:  33% ▕█████             ▏ 1.7 GB/5.2 GB  9.8 MB/s   5m54s[K[?25h[?2026l[?2026h[?25l[A[1Gpulling manifest [K
pulling a3de86cd1c13:  33% ▕██████            ▏ 1.7 GB/5.2 GB  9.9 MB/s   5m50s[K[?25h[?2026l[?2026h[?25l[A[1Gpulling manifest [K
pulling a3de86cd1c13:  33% ▕██████            ▏ 1.7 GB/5.2 GB  9.9 MB/s   5m50s[K[?25h[?2026l[?2026h[?25l[A[1Gpulling manifest [K
pulling a3de86cd1c13:  33% ▕██████            ▏ 1.7 GB/5.2 GB  9.9 MB/s   5m50s[K[?25h[?2026l[?2026h[?25l[A[1Gpulling manifest [K
pulling a3de86cd1c13:  33% ▕██████            ▏ 1.7 GB/5.2 GB  9.9 MB/s   5m50s[K[?25h[?2026l[?2026h[?25l[A[1Gpulling manifest [K
pulling a3de86cd1c13:  33% ▕██████            ▏ 1.7 GB/5.2 GB  9.9 MB/s   5m50s[K[?25h[?2026l[?2026h[?25l[A[1Gpulling manifest [K
pulling a3de86cd1c13:  33% ▕██████            ▏ 1.7 GB/5.2 GB  9.9 MB/s   5m50s[K[?25h[?2026l[?2026h[?25l[A[1Gpulling manifest [K
pulling a3de86cd1c13:  33% ▕██████            ▏ 1.7 GB/5.2 GB  9.9 MB/s   5m50s[K[?25h[?2026l[?2026h[?25l[A[1Gpulling manifest [K
pulling a3de86cd1c13:  33% ▕██████            ▏ 1.7 GB/5.2 GB  9.9 MB/s   5m50s[K[?25h[?2026l[?2026h[?25l[A[1Gpulling manifest [K
pulling a3de86cd1c13:  34% ▕██████            ▏ 1.8 GB/5.2 GB  9.9 MB/s   5m49s[K[?25h[?2026l[?2026h[?25l[A[1Gpulling manifest [K
pulling a3de86cd1c13:  34% ▕██████            ▏ 1.8 GB/5.2 GB  9.9 MB/s   5m49s[K[?25h[?2026l[?2026h[?25l[A[1Gpulling manifest [K
pulling a3de86cd1c13:  34% ▕██████            ▏ 1.8 GB/5.2 GB  9.9 MB/s   5m49s[K[?25h[?2026l[?2026h[?25l[A[1Gpulling manifest [K
pulling a3de86cd1c13:  34% ▕█████            ▏ 1.8 GB/5.2 GB  10.0 MB/s   5m47s[K[?25h[?2026l[?2026h[?25l[A[1Gpulling manifest [K
pulling a3de86cd1c13:  34% ▕█████            ▏ 1.8 GB/5.2 GB  10.0 MB/s   5m47s[K[?25h[?2026l[?2026h[?25l[A[1Gpulling manifest [K
pulling a3de86cd1c13:  34% ▕█████            ▏ 1.8 GB/5.2 GB  10.0 MB/s   5m47s[K[?25h[?2026l[?2026h[?25l[A[1Gpulling manifest [K
pulling a3de86cd1c13:  34% ▕█████            ▏ 1.8 GB/5.2 GB  10.0 MB/s   5m47s[K[?25h[?2026l[?2026h[?25l[A[1Gpulling manifest [K
pulling a3de86cd1c13:  34% ▕█████            ▏ 1.8 GB/5.2 GB  10.0 MB/s   5m47s[K[?25h[?2026l[?2026h[?25l[A[1Gpulling manifest [K
pulling a3de86cd1c13:  34% ▕█████            ▏ 1.8 GB/5.2 GB  10.0 MB/s   5m47s[K[?25h[?2026l[?2026h[?25l[A[1Gpulling manifest [K
pulling a3de86cd1c13:  34% ▕█████            ▏ 1.8 GB/5.2 GB  10.0 MB/s   5m47s[K[?25h[?2026l[?2026h[?25l[A[1Gpulling manifest [K
pulling a3de86cd1c13:  34% ▕█████            ▏ 1.8 GB/5.2 GB  10.0 MB/s   5m47s[K[?25h[?2026l[?2026h[?25l[A[1Gpulling manifest [K
pulling a3de86cd1c13:  34% ▕█████            ▏ 1.8 GB/5.2 GB  10.0 MB/s   5m46s[K[?25h[?2026l[?2026h[?25l[A[1Gpulling manifest [K
pulling a3de86cd1c13:  34% ▕█████            ▏ 1.8 GB/5.2 GB  10.0 MB/s   5m46s[K[?25h[?2026l[?2026h[?25l[A[1Gpulling manifest [K
pulling a3de86cd1c13:  34% ▕██████            ▏ 1.8 GB/5.2 GB   10 MB/s   5m43s[K[?25h[?2026l[?2026h[?25l[A[1Gpulling manifest [K
pulling a3de86cd1c13:  34% ▕██████            ▏ 1.8 GB/5.2 GB   10 MB/s   5m43s[K[?25h[?2026l[?2026h[?25l[A[1Gpulling manifest [K
pulling a3de86cd1c13:  34% ▕██████            ▏ 1.8 GB/5.2 GB   10 MB/s   5m43s[K[?25h[?2026l[?2026h[?25l[A[1Gpulling manifest [K
pulling a3de86cd1c13:  34% ▕██████            ▏ 1.8 GB/5.2 GB   10 MB/s   5m43s[K[?25h[?2026l[?2026h[?25l[A[1Gpulling manifest [K
pulling a3de86cd1c13:  34% ▕██████            ▏ 1.8 GB/5.2 GB   10 MB/s   5m43s[K[?25h[?2026l[?2026h[?25l[A[1Gpulling manifest [K
pulling a3de86cd1c13:  34% ▕██████            ▏ 1.8 GB/5.2 GB   10 MB/s   5m43s[K[?25h[?2026l[?2026h[?25l[A[1Gpulling manifest [K
pulling a3de86cd1c13:  34% ▕██████            ▏ 1.8 GB/5.2 GB   10 MB/s   5m43s[K[?25h[?2026l[?2026h[?25l[A[1Gpulling manifest [K
pulling a3de86cd1c13:  34% ▕██████            ▏ 1.8 GB/5.2 GB   10 MB/s   5m43s[K[?25h[?2026l[?2026h[?25l[A[1Gpulling manifest [K
pulling a3de86cd1c13:  34% ▕██████            ▏ 1.8 GB/5.2 GB   10 MB/s   5m43s[K[?25h[?2026l[?2026h[?25l[A[1Gpulling manifest [K
pulling a3de86cd1c13:  34% ▕██████            ▏ 1.8 GB/5.2 GB   10 MB/s   5m43s[K[?25h[?2026l[?2026h[?25l[A[1Gpulling manifest [K
pulling a3de86cd1c13:  34% ▕██████            ▏ 1.8 GB/5.2 GB   10 MB/s   5m43s[K[?25h[?2026l[?2026h[?25l[A[1Gpulling manifest [K
pulling a3de86cd1c13:  34% ▕██████            ▏ 1.8 GB/5.2 GB   10 MB/s   5m43s[K[?25h[?2026l[?2026h[?25l[A[1Gpulling manifest [K
pulling a3de86cd1c13:  34% ▕██████            ▏ 1.8 GB/5.2 GB   10 MB/s   5m43s[K[?25h[?2026l[?2026h[?25l[A[1Gpulling manifest [K
pulling a3de86cd1c13:  34% ▕██████            ▏ 1.8 GB/5.2 GB   10 MB/s   5m43s[K[?25h[?2026l[?2026h[?25l[A[1Gpulling manifest [K
pulling a3de86cd1c13:  34% ▕██████            ▏ 1.8 GB/5.2 GB   10 MB/s   5m42s[K[?25h[?2026l[?2026h[?25l[A[1Gpulling manifest [K
pulling a3de86cd1c13:  34% ▕██████            ▏ 1.8 GB/5.2 GB   10 MB/s   5m42s[K[?25h[?2026l[?2026h[?25l[A[1Gpulling manifest [K
pulling a3de86cd1c13:  34% ▕██████            ▏ 1.8 GB/5.2 GB   10 MB/s   5m42s[K[?25h[?2026l[?2026h[?25l[A[1Gpulling manifest [K
pulling a3de86cd1c13:  34% ▕██████            ▏ 1.8 GB/5.2 GB   10 MB/s   5m42s[K[?25h[?2026l[?2026h[?25l[A[1Gpulling manifest [K
pulling a3de86cd1c13:  34% ▕██████            ▏ 1.8 GB/5.2 GB   10 MB/s   5m42s[K[?25h[?2026l[?2026h[?25l[A[1Gpulling manifest [K
pulling a3de86cd1c13:  34% ▕██████            ▏ 1.8 GB/5.2 GB   10 MB/s   5m42s[K[?25h[?2026l[?2026h[?25l[A[1Gpulling manifest [K
pulling a3de86cd1c13:  34% ▕██████            ▏ 1.8 GB/5.2 GB   10 MB/s   5m43s[K[?25h[?2026l[?2026h[?25l[A[1Gpulling manifest [K
pulling a3de86cd1c13:  34% ▕██████            ▏ 1.8 GB/5.2 GB   10 MB/s   5m43s[K[?25h[?2026l[?2026h[?25l[A[1Gpulling manifest [K
pulling a3de86cd1c13:  34% ▕██████            ▏ 1.8 GB/5.2 GB   10 MB/s   5m43s[K[?25h[?2026l[?2026h[?25l[A[1Gpulling manifest [K
pulling a3de86cd1c13:  34% ▕██████            ▏ 1.8 GB/5.2 GB   10 MB/s   5m43s[K[?25h[?2026l[?2026h[?25l[A[1Gpulling manifest [K
pulling a3de86cd1c13:  34% ▕██████            ▏ 1.8 GB/5.2 GB   10 MB/s   5m43s[K[?25h[?2026l[?2026h[?25l[A[1Gpulling manifest [K
pulling a3de86cd1c13:  34% ▕██████            ▏ 1.8 GB/5.2 GB   10 MB/s   5m43s[K[?25h[?2026l[?2026h[?25l[A[1Gpulling manifest [K
pulling a3de86cd1c13:  34% ▕██████            ▏ 1.8 GB/5.2 GB   10 MB/s   5m43s[K[?25h[?2026l[?2026h[?25l[A[1Gpulling manifest [K
pulling a3de86cd1c13:  34% ▕██████            ▏ 1.8 GB/5.2 GB   10 MB/s   5m42s[K[?25h[?2026l[?2026h[?25l[A[1Gpulling manifest [K
pulling a3de86cd1c13:  34% ▕██████            ▏ 1.8 GB/5.2 GB   10 MB/s   5m42s[K[?25h[?2026l[?2026h[?25l[A[1Gpulling manifest [K
pulling a3de86cd1c13:  34% ▕██████            ▏ 1.8 GB/5.2 GB   10 MB/s   5m42s[K[?25h[?2026l[?2026h[?25l[A[1Gpulling manifest [K
pulling a3de86cd1c13:  34% ▕██████            ▏ 1.8 GB/5.2 GB  9.9 MB/s   5m46s[K[?25h[?2026l[?2026h[?25l[A[1Gpulling manifest [K
pulling a3de86cd1c13:  34% ▕██████            ▏ 1.8 GB/5.2 GB  9.9 MB/s   5m46s[K[?25h[?2026l[?2026h[?25l[A[1Gpulling manifest [K
pulling a3de86cd1c13:  34% ▕██████            ▏ 1.8 GB/5.2 GB  9.9 MB/s   5m46s[K[?25h[?2026l[?2026h[?25l[A[1Gpulling manifest [K
pulling a3de86cd1c13:  34% ▕██████            ▏ 1.8 GB/5.2 GB  9.9 MB/s   5m46s[K[?25h[?2026l[?2026h[?25l[A[1Gpulling manifest [K
pulling a3de86cd1c13:  34% ▕██████            ▏ 1.8 GB/5.2 GB  9.9 MB/s   5m46s[K[?25h[?2026l[?2026h[?25l[A[1Gpulling manifest [K
pulling a3de86cd1c13:  34% ▕██████            ▏ 1.8 GB/5.2 GB  9.9 MB/s   5m46s[K[?25h[?2026l[?2026h[?25l[A[1Gpulling manifest [K
pulling a3de86cd1c13:  34% ▕██████            ▏ 1.8 GB/5.2 GB  9.9 MB/s   5m45s[K[?25h[?2026l[?2026h[?25l[A[1Gpulling manifest [K
pulling a3de86cd1c13:  34% ▕██████            ▏ 1.8 GB/5.2 GB  9.9 MB/s   5m45s[K[?25h[?2026l[?2026h[?25l[A[1Gpulling manifest [K
pulling a3de86cd1c13:  34% ▕██████            ▏ 1.8 GB/5.2 GB  9.9 MB/s   5m45s[K[?25h[?2026l[?2026h[?25l[A[1Gpulling manifest [K
pulling a3de86cd1c13:  34% ▕██████            ▏ 1.8 GB/5.2 GB  9.9 MB/s   5m45s[K[?25h[?2026l[?2026h[?25l[A[1Gpulling manifest [K
pulling a3de86cd1c13:  34% ▕██████            ▏ 1.8 GB/5.2 GB  9.9 MB/s   5m45s[K[?25h[?2026l[?2026h[?25l[A[1Gpulling manifest [K
pulling a3de86cd1c13:  34% ▕██████            ▏ 1.8 GB/5.2 GB  9.7 MB/s   5m52s[K[?25h[?2026l[?2026h[?25l[A[1Gpulling manifest [K
pulling a3de86cd1c13:  34% ▕██████            ▏ 1.8 GB/5.2 GB  9.7 MB/s   5m52s[K[?25h[?2026l[?2026h[?25l[A[1Gpulling manifest [K
pulling a3de86cd1c13:  34% ▕██████            ▏ 1.8 GB/5.2 GB  9.7 MB/s   5m52s[K[?25h[?2026l[?2026h[?25l[A[1Gpulling manifest [K
pulling a3de86cd1c13:  34% ▕██████            ▏ 1.8 GB/5.2 GB  9.7 MB/s   5m52s[K[?25h[?2026l[?2026h[?25l[A[1Gpulling manifest [K
pulling a3de86cd1c13:  34% ▕██████            ▏ 1.8 GB/5.2 GB  9.7 MB/s   5m52s[K[?25h[?2026l[?2026h[?25l[A[1Gpulling manifest [K
pulling a3de86cd1c13:  35% ▕██████            ▏ 1.8 GB/5.2 GB  9.7 MB/s   5m52s[K[?25h[?2026l[?2026h[?25l[A[1Gpulling manifest [K
pulling a3de86cd1c13:  35% ▕██████            ▏ 1.8 GB/5.2 GB  9.7 MB/s   5m52s[K[?25h[?2026l[?2026h[?25l[A[1Gpulling manifest [K
pulling a3de86cd1c13:  35% ▕██████            ▏ 1.8 GB/5.2 GB  9.7 MB/s   5m51s[K[?25h[?2026l[?2026h[?25l[A[1Gpulling manifest [K
pulling a3de86cd1c13:  35% ▕██████            ▏ 1.8 GB/5.2 GB  9.7 MB/s   5m51s[K[?25h[?2026l[?2026h[?25l[A[1Gpulling manifest [K
pulling a3de86cd1c13:  35% ▕██████            ▏ 1.8 GB/5.2 GB  9.7 MB/s   5m51s[K[?25h[?2026l[?2026h[?25l[A[1Gpulling manifest [K
pulling a3de86cd1c13:  35% ▕██████            ▏ 1.8 GB/5.2 GB  9.5 MB/s   5m57s[K[?25h[?2026l[?2026h[?25l[A[1Gpulling manifest [K
pulling a3de86cd1c13:  35% ▕██████            ▏ 1.8 GB/5.2 GB  9.5 MB/s   5m57s[K[?25h[?2026l[?2026h[?25l[A[1Gpulling manifest [K
pulling a3de86cd1c13:  35% ▕██████            ▏ 1.8 GB/5.2 GB  9.5 MB/s   5m57s[K[?25h[?2026l[?2026h[?25l[A[1Gpulling manifest [K
pulling a3de86cd1c13:  35% ▕██████            ▏ 1.8 GB/5.2 GB  9.5 MB/s   5m57s[K[?25h[?2026l[?2026h[?25l[A[1Gpulling manifest [K
pulling a3de86cd1c13:  35% ▕██████            ▏ 1.8 GB/5.2 GB  9.5 MB/s   5m57s[K[?25h[?2026l[?2026h[?25l[A[1Gpulling manifest [K
pulling a3de86cd1c13:  35% ▕██████            ▏ 1.8 GB/5.2 GB  9.5 MB/s   5m57s[K[?25h[?2026l[?2026h[?25l[A[1Gpulling manifest [K
pulling a3de86cd1c13:  35% ▕██████            ▏ 1.8 GB/5.2 GB  9.5 MB/s   5m57s[K[?25h[?2026l[?2026h[?25l[A[1Gpulling manifest [K
pulling a3de86cd1c13:  35% ▕██████            ▏ 1.8 GB/5.2 GB  9.5 MB/s   5m57s[K[?25h[?2026l[?2026h[?25l[A[1Gpulling manifest [K
pulling a3de86cd1c13:  35% ▕██████            ▏ 1.8 GB/5.2 GB  9.5 MB/s   5m57s[K[?25h[?2026l[?2026h[?25l[A[1Gpulling manifest [K
pulling a3de86cd1c13:  35% ▕██████            ▏ 1.8 GB/5.2 GB  9.5 MB/s   5m57s[K[?25h[?2026l[?2026h[?25l[A[1Gpulling manifest [K
pulling a3de86cd1c13:  35% ▕██████            ▏ 1.8 GB/5.2 GB  9.3 MB/s    6m5s[K[?25h[?2026l[?2026h[?25l[A[1Gpulling manifest [K
pulling a3de86cd1c13:  35% ▕██████            ▏ 1.8 GB/5.2 GB  9.3 MB/s    6m5s[K[?25h[?2026l[?2026h[?25l[A[1Gpulling manifest [K
pulling a3de86cd1c13:  35% ▕██████            ▏ 1.8 GB/5.2 GB  9.3 MB/s    6m4s[K[?25h[?2026l[?2026h[?25l[A[1Gpulling manifest [K
pulling a3de86cd1c13:  35% ▕██████            ▏ 1.8 GB/5.2 GB  9.3 MB/s    6m4s[K[?25h[?2026l[?2026h[?25l[A[1Gpulling manifest [K
pulling a3de86cd1c13:  35% ▕██████            ▏ 1.8 GB/5.2 GB  9.3 MB/s    6m4s[K[?25h[?2026l[?2026h[?25l[A[1Gpulling manifest [K
pulling a3de86cd1c13:  35% ▕██████            ▏ 1.8 GB/5.2 GB  9.3 MB/s    6m4s[K[?25h[?2026l[?2026h[?25l[A[1Gpulling manifest [K
pulling a3de86cd1c13:  35% ▕██████            ▏ 1.8 GB/5.2 GB  9.3 MB/s    6m4s[K[?25h[?2026l[?2026h[?25l[A[1Gpulling manifest [K
pulling a3de86cd1c13:  35% ▕██████            ▏ 1.8 GB/5.2 GB  9.3 MB/s    6m4s[K[?25h[?2026l[?2026h[?25l[A[1Gpulling manifest [K
pulling a3de86cd1c13:  35% ▕██████            ▏ 1.8 GB/5.2 GB  9.3 MB/s    6m4s[K[?25h[?2026l[?2026h[?25l[A[1Gpulling manifest [K
pulling a3de86cd1c13:  35% ▕██████            ▏ 1.8 GB/5.2 GB  9.3 MB/s    6m4s[K[?25h[?2026l[?2026h[?25l[A[1Gpulling manifest [K
pulling a3de86cd1c13:  35% ▕██████            ▏ 1.8 GB/5.2 GB  9.1 MB/s   6m15s[K[?25h[?2026l[?2026h[?25l[A[1Gpulling manifest [K
pulling a3de86cd1c13:  35% ▕██████            ▏ 1.8 GB/5.2 GB  9.1 MB/s   6m15s[K[?25h[?2026l[?2026h[?25l[A[1Gpulling manifest [K
pulling a3de86cd1c13:  35% ▕██████            ▏ 1.8 GB/5.2 GB  9.1 MB/s   6m15s[K[?25h[?2026l[?2026h[?25l[A[1Gpulling manifest [K
pulling a3de86cd1c13:  35% ▕██████            ▏ 1.8 GB/5.2 GB  9.1 MB/s   6m15s[K[?25h[?2026l[?2026h[?25l[A[1Gpulling manifest [K
pulling a3de86cd1c13:  35% ▕██████            ▏ 1.8 GB/5.2 GB  9.1 MB/s   6m14s[K[?25h[?2026l[?2026h[?25l[A[1Gpulling manifest [K
pulling a3de86cd1c13:  35% ▕██████            ▏ 1.8 GB/5.2 GB  9.1 MB/s   6m14s[K[?25h[?2026l[?2026h[?25l[A[1Gpulling manifest [K
pulling a3de86cd1c13:  35% ▕██████            ▏ 1.8 GB/5.2 GB  9.1 MB/s   6m14s[K[?25h[?2026l[?2026h[?25l[A[1Gpulling manifest [K
pulling a3de86cd1c13:  35% ▕██████            ▏ 1.8 GB/5.2 GB  9.1 MB/s   6m14s[K[?25h[?2026l[?2026h[?25l[A[1Gpulling manifest [K
pulling a3de86cd1c13:  35% ▕██████            ▏ 1.8 GB/5.2 GB  9.1 MB/s   6m14s[K[?25h[?2026l[?2026h[?25l[A[1Gpulling manifest [K
pulling a3de86cd1c13:  35% ▕██████            ▏ 1.8 GB/5.2 GB  9.1 MB/s   6m14s[K[?25h[?2026l[?2026h[?25l[A[1Gpulling manifest [K
pulling a3de86cd1c13:  35% ▕██████            ▏ 1.8 GB/5.2 GB  8.9 MB/s   6m21s[K[?25h[?2026l[?2026h[?25l[A[1Gpulling manifest [K
pulling a3de86cd1c13:  35% ▕██████            ▏ 1.8 GB/5.2 GB  8.9 MB/s   6m21s[K[?25h[?2026l[?2026h[?25l[A[1Gpulling manifest [K
pulling a3de86cd1c13:  35% ▕██████            ▏ 1.8 GB/5.2 GB  8.9 MB/s   6m21s[K[?25h[?2026l[?2026h[?25l[A[1Gpulling manifest [K
pulling a3de86cd1c13:  35% ▕██████            ▏ 1.8 GB/5.2 GB  8.9 MB/s   6m20s[K[?25h[?2026l[?2026h[?25l[A[1Gpulling manifest [K
pulling a3de86cd1c13:  35% ▕██████            ▏ 1.8 GB/5.2 GB  8.9 MB/s   6m20s[K[?25h[?2026l[?2026h[?25l[A[1Gpulling manifest [K
pulling a3de86cd1c13:  35% ▕██████            ▏ 1.8 GB/5.2 GB  8.9 MB/s   6m20s[K[?25h[?2026l[?2026h[?25l[A[1Gpulling manifest [K
pulling a3de86cd1c13:  35% ▕██████            ▏ 1.8 GB/5.2 GB  8.9 MB/s   6m20s[K[?25h[?2026l[?2026h[?25l[A[1Gpulling manifest [K
pulling a3de86cd1c13:  35% ▕██████            ▏ 1.8 GB/5.2 GB  8.9 MB/s   6m20s[K[?25h[?2026l[?2026h[?25l[A[1Gpulling manifest [K
pulling a3de86cd1c13:  35% ▕██████            ▏ 1.8 GB/5.2 GB  8.9 MB/s   6m20s[K[?25h[?2026l[?2026h[?25l[A[1Gpulling manifest [K
pulling a3de86cd1c13:  35% ▕██████            ▏ 1.8 GB/5.2 GB  8.9 MB/s   6m20s[K[?25h[?2026l[?2026h[?25l[A[1Gpulling manifest [K
pulling a3de86cd1c13:  35% ▕██████            ▏ 1.8 GB/5.2 GB  8.9 MB/s   6m20s[K[?25h[?2026l[?2026h[?25l[A[1Gpulling manifest [K
pulling a3de86cd1c13:  35% ▕██████            ▏ 1.8 GB/5.2 GB  8.7 MB/s   6m28s[K[?25h[?2026l[?2026h[?25l[A[1Gpulling manifest [K
pulling a3de86cd1c13:  35% ▕██████            ▏ 1.8 GB/5.2 GB  8.7 MB/s   6m28s[K[?25h[?2026l[?2026h[?25l[A[1Gpulling manifest [K
pulling a3de86cd1c13:  35% ▕██████            ▏ 1.8 GB/5.2 GB  8.7 MB/s   6m28s[K[?25h[?2026l[?2026h[?25l[A[1Gpulling manifest [K
pulling a3de86cd1c13:  35% ▕██████            ▏ 1.8 GB/5.2 GB  8.7 MB/s   6m28s[K[?25h[?2026l[?2026h[?25l[A[1Gpulling manifest [K
pulling a3de86cd1c13:  35% ▕██████            ▏ 1.8 GB/5.2 GB  8.7 MB/s   6m28s[K[?25h[?2026l[?2026h[?25l[A[1Gpulling manifest [K
pulling a3de86cd1c13:  35% ▕██████            ▏ 1.8 GB/5.2 GB  8.7 MB/s   6m28s[K[?25h[?2026l[?2026h[?25l[A[1Gpulling manifest [K
pulling a3de86cd1c13:  35% ▕██████            ▏ 1.8 GB/5.2 GB  8.7 MB/s   6m28s[K[?25h[?2026l[?2026h[?25l[A[1Gpulling manifest [K
pulling a3de86cd1c13:  35% ▕██████            ▏ 1.8 GB/5.2 GB  8.7 MB/s   6m27s[K[?25h[?2026l[?2026h[?25l[A[1Gpulling manifest [K
pulling a3de86cd1c13:  35% ▕██████            ▏ 1.8 GB/5.2 GB  8.7 MB/s   6m27s[K[?25h[?2026l[?2026h[?25l[A[1Gpulling manifest [K
pulling a3de86cd1c13:  35% ▕██████            ▏ 1.8 GB/5.2 GB  8.7 MB/s   6m27s[K[?25h[?2026l[?2026h[?25l[A[1Gpulling manifest [K
pulling a3de86cd1c13:  35% ▕██████            ▏ 1.8 GB/5.2 GB  8.6 MB/s   6m33s[K[?25h[?2026l[?2026h[?25l[A[1Gpulling manifest [K
pulling a3de86cd1c13:  35% ▕██████            ▏ 1.8 GB/5.2 GB  8.6 MB/s   6m33s[K[?25h[?2026l[?2026h[?25l[A[1Gpulling manifest [K
pulling a3de86cd1c13:  35% ▕██████            ▏ 1.9 GB/5.2 GB  8.6 MB/s   6m33s[K[?25h[?2026l[?2026h[?25l[A[1Gpulling manifest [K
pulling a3de86cd1c13:  35% ▕██████            ▏ 1.9 GB/5.2 GB  8.6 MB/s   6m33s[K[?25h[?2026l[?2026h[?25l[A[1Gpulling manifest [K
pulling a3de86cd1c13:  35% ▕██████            ▏ 1.9 GB/5.2 GB  8.6 MB/s   6m33s[K[?25h[?2026l[?2026h[?25l[A[1Gpulling manifest [K
pulling a3de86cd1c13:  35% ▕██████            ▏ 1.9 GB/5.2 GB  8.6 MB/s   6m32s[K[?25h[?2026l[?2026h[?25l[A[1Gpulling manifest [K
pulling a3de86cd1c13:  35% ▕██████            ▏ 1.9 GB/5.2 GB  8.6 MB/s   6m32s[K[?25h[?2026l[?2026h[?25l[A[1Gpulling manifest [K
pulling a3de86cd1c13:  36% ▕██████            ▏ 1.9 GB/5.2 GB  8.6 MB/s   6m32s[K[?25h[?2026l[?2026h[?25l[A[1Gpulling manifest [K
pulling a3de86cd1c13:  36% ▕██████            ▏ 1.9 GB/5.2 GB  8.6 MB/s   6m32s[K[?25h[?2026l[?2026h[?25l[A[1Gpulling manifest [K
pulling a3de86cd1c13:  36% ▕██████            ▏ 1.9 GB/5.2 GB  8.6 MB/s   6m32s[K[?25h[?2026l[?2026h[?25l[A[1Gpulling manifest [K
pulling a3de86cd1c13:  36% ▕██████            ▏ 1.9 GB/5.2 GB  8.5 MB/s   6m37s[K[?25h[?2026l[?2026h[?25l[A[1Gpulling manifest [K
pulling a3de86cd1c13:  36% ▕██████            ▏ 1.9 GB/5.2 GB  8.5 MB/s   6m37s[K[?25h[?2026l[?2026h[?25l[A[1Gpulling manifest [K
pulling a3de86cd1c13:  36% ▕██████            ▏ 1.9 GB/5.2 GB  8.5 MB/s   6m37s[K[?25h[?2026l[?2026h[?25l[A[1Gpulling manifest [K
pulling a3de86cd1c13:  36% ▕██████            ▏ 1.9 GB/5.2 GB  8.5 MB/s   6m37s[K[?25h[?2026l[?2026h[?25l[A[1Gpulling manifest [K
pulling a3de86cd1c13:  36% ▕██████            ▏ 1.9 GB/5.2 GB  8.5 MB/s   6m37s[K[?25h[?2026l[?2026h[?25l[A[1Gpulling manifest [K
pulling a3de86cd1c13:  36% ▕██████            ▏ 1.9 GB/5.2 GB  8.5 MB/s   6m37s[K[?25h[?2026l[?2026h[?25l[A[1Gpulling manifest [K
pulling a3de86cd1c13:  36% ▕██████            ▏ 1.9 GB/5.2 GB  8.5 MB/s   6m37s[K[?25h[?2026l[?2026h[?25l[A[1Gpulling manifest [K
pulling a3de86cd1c13:  36% ▕██████            ▏ 1.9 GB/5.2 GB  8.5 MB/s   6m37s[K[?25h[?2026l[?2026h[?25l[A[1Gpulling manifest [K
pulling a3de86cd1c13:  36% ▕██████            ▏ 1.9 GB/5.2 GB  8.5 MB/s   6m36s[K[?25h[?2026l[?2026h[?25l[A[1Gpulling manifest [K
pulling a3de86cd1c13:  36% ▕██████            ▏ 1.9 GB/5.2 GB  8.5 MB/s   6m36s[K[?25h[?2026l[?2026h[?25l[A[1Gpulling manifest [K
pulling a3de86cd1c13:  36% ▕██████            ▏ 1.9 GB/5.2 GB  8.4 MB/s   6m41s[K[?25h[?2026l[?2026h[?25l[A[1Gpulling manifest [K
pulling a3de86cd1c13:  36% ▕██████            ▏ 1.9 GB/5.2 GB  8.4 MB/s   6m41s[K[?25h[?2026l[?2026h[?25l[A[1Gpulling manifest [K
pulling a3de86cd1c13:  36% ▕██████            ▏ 1.9 GB/5.2 GB  8.4 MB/s   6m41s[K[?25h[?2026l[?2026h[?25l[A[1Gpulling manifest [K
pulling a3de86cd1c13:  36% ▕██████            ▏ 1.9 GB/5.2 GB  8.4 MB/s   6m41s[K[?25h[?2026l[?2026h[?25l[A[1Gpulling manifest [K
pulling a3de86cd1c13:  36% ▕██████            ▏ 1.9 GB/5.2 GB  8.4 MB/s   6m41s[K[?25h[?2026l[?2026h[?25l[A[1Gpulling manifest [K
pulling a3de86cd1c13:  36% ▕██████            ▏ 1.9 GB/5.2 GB  8.4 MB/s   6m41s[K[?25h[?2026l[?2026h[?25l[A[1Gpulling manifest [K
pulling a3de86cd1c13:  36% ▕██████            ▏ 1.9 GB/5.2 GB  8.4 MB/s   6m41s[K[?25h[?2026l[?2026h[?25l[A[1Gpulling manifest [K
pulling a3de86cd1c13:  36% ▕██████            ▏ 1.9 GB/5.2 GB  8.4 MB/s   6m41s[K[?25h[?2026l[?2026h[?25l[A[1Gpulling manifest [K
pulling a3de86cd1c13:  36% ▕██████            ▏ 1.9 GB/5.2 GB  8.4 MB/s   6m41s[K[?25h[?2026l[?2026h[?25l[A[1Gpulling manifest [K
pulling a3de86cd1c13:  36% ▕██████            ▏ 1.9 GB/5.2 GB  8.4 MB/s   6m41s[K[?25h[?2026l[?2026h[?25l[A[1Gpulling manifest [K
pulling a3de86cd1c13:  36% ▕██████            ▏ 1.9 GB/5.2 GB  8.3 MB/s   6m46s[K[?25h[?2026l[?2026h[?25l[A[1Gpulling manifest [K
pulling a3de86cd1c13:  36% ▕██████            ▏ 1.9 GB/5.2 GB  8.3 MB/s   6m46s[K[?25h[?2026l[?2026h[?25l[A[1Gpulling manifest [K
pulling a3de86cd1c13:  36% ▕██████            ▏ 1.9 GB/5.2 GB  8.3 MB/s   6m46s[K[?25h[?2026l[?2026h[?25l[A[1Gpulling manifest [K
pulling a3de86cd1c13:  36% ▕██████            ▏ 1.9 GB/5.2 GB  8.3 MB/s   6m45s[K[?25h[?2026l[?2026h[?25l[A[1Gpulling manifest [K
pulling a3de86cd1c13:  36% ▕██████            ▏ 1.9 GB/5.2 GB  8.3 MB/s   6m45s[K[?25h[?2026l[?2026h[?25l[A[1Gpulling manifest [K
pulling a3de86cd1c13:  36% ▕██████            ▏ 1.9 GB/5.2 GB  8.3 MB/s   6m45s[K[?25h[?2026l[?2026h[?25l[A[1Gpulling manifest [K
pulling a3de86cd1c13:  36% ▕██████            ▏ 1.9 GB/5.2 GB  8.3 MB/s   6m45s[K[?25h[?2026l[?2026h[?25l[A[1Gpulling manifest [K
pulling a3de86cd1c13:  36% ▕██████            ▏ 1.9 GB/5.2 GB  8.3 MB/s   6m45s[K[?25h[?2026l[?2026h[?25l[A[1Gpulling manifest [K
pulling a3de86cd1c13:  36% ▕██████            ▏ 1.9 GB/5.2 GB  8.3 MB/s   6m45s[K[?25h[?2026l[?2026h[?25l[A[1Gpulling manifest [K
pulling a3de86cd1c13:  36% ▕██████            ▏ 1.9 GB/5.2 GB  8.3 MB/s   6m45s[K[?25h[?2026l[?2026h[?25l[A[1Gpulling manifest [K
pulling a3de86cd1c13:  36% ▕██████            ▏ 1.9 GB/5.2 GB  8.3 MB/s   6m45s[K[?25h[?2026l[?2026h[?25l[A[1Gpulling manifest [K
pulling a3de86cd1c13:  36% ▕██████            ▏ 1.9 GB/5.2 GB  8.2 MB/s   6m50s[K[?25h[?2026l[?2026h[?25l[A[1Gpulling manifest [K
pulling a3de86cd1c13:  36% ▕██████            ▏ 1.9 GB/5.2 GB  8.2 MB/s   6m50s[K[?25h[?2026l[?2026h[?25l[A[1Gpulling manifest [K
pulling a3de86cd1c13:  36% ▕██████            ▏ 1.9 GB/5.2 GB  8.2 MB/s   6m50s[K[?25h[?2026l[?2026h[?25l[A[1Gpulling manifest [K
pulling a3de86cd1c13:  36% ▕██████            ▏ 1.9 GB/5.2 GB  8.2 MB/s   6m49s[K[?25h[?2026l[?2026h[?25l[A[1Gpulling manifest [K
pulling a3de86cd1c13:  36% ▕██████            ▏ 1.9 GB/5.2 GB  8.2 MB/s   6m49s[K[?25h[?2026l[?2026h[?25l[A[1Gpulling manifest [K
pulling a3de86cd1c13:  36% ▕██████            ▏ 1.9 GB/5.2 GB  8.2 MB/s   6m49s[K[?25h[?2026l[?2026h[?25l[A[1Gpulling manifest [K
pulling a3de86cd1c13:  36% ▕██████            ▏ 1.9 GB/5.2 GB  8.2 MB/s   6m49s[K[?25h[?2026l[?2026h[?25l[A[1Gpulling manifest [K
pulling a3de86cd1c13:  36% ▕██████            ▏ 1.9 GB/5.2 GB  8.2 MB/s   6m49s[K[?25h[?2026l[?2026h[?25l[A[1Gpulling manifest [K
pulling a3de86cd1c13:  36% ▕██████            ▏ 1.9 GB/5.2 GB  8.2 MB/s   6m49s[K[?25h[?2026l[?2026h[?25l[A[1Gpulling manifest [K
pulling a3de86cd1c13:  36% ▕██████            ▏ 1.9 GB/5.2 GB  8.2 MB/s   6m49s[K[?25h[?2026l[?2026h[?25l[A[1Gpulling manifest [K
pulling a3de86cd1c13:  36% ▕██████            ▏ 1.9 GB/5.2 GB  8.1 MB/s   6m49s[K[?25h[?2026l[?2026h[?25l[A[1Gpulling manifest [K
pulling a3de86cd1c13:  36% ▕██████            ▏ 1.9 GB/5.2 GB  8.1 MB/s   6m49s[K[?25h[?2026l[?2026h[?25l[A[1Gpulling manifest [K
pulling a3de86cd1c13:  36% ▕██████            ▏ 1.9 GB/5.2 GB  8.1 MB/s   6m49s[K[?25h[?2026l[?2026h[?25l[A[1Gpulling manifest [K
pulling a3de86cd1c13:  36% ▕██████            ▏ 1.9 GB/5.2 GB  8.1 MB/s   6m49s[K[?25h[?2026l[?2026h[?25l[A[1Gpulling manifest [K
pulling a3de86cd1c13:  36% ▕██████            ▏ 1.9 GB/5.2 GB  8.1 MB/s   6m49s[K[?25h[?2026l[?2026h[?25l[A[1Gpulling manifest [K
pulling a3de86cd1c13:  36% ▕██████            ▏ 1.9 GB/5.2 GB  8.1 MB/s   6m48s[K[?25h[?2026l[?2026h[?25l[A[1Gpulling manifest [K
pulling a3de86cd1c13:  36% ▕██████            ▏ 1.9 GB/5.2 GB  8.1 MB/s   6m48s[K[?25h[?2026l[?2026h[?25l[A[1Gpulling manifest [K
pulling a3de86cd1c13:  36% ▕██████            ▏ 1.9 GB/5.2 GB  8.1 MB/s   6m48s[K[?25h[?2026l[?2026h[?25l[A[1Gpulling manifest [K
pulling a3de86cd1c13:  36% ▕██████            ▏ 1.9 GB/5.2 GB  8.1 MB/s   6m48s[K[?25h[?2026l[?2026h[?25l[A[1Gpulling manifest [K
pulling a3de86cd1c13:  36% ▕██████            ▏ 1.9 GB/5.2 GB  8.1 MB/s   6m48s[K[?25h[?2026l[?2026h[?25l[A[1Gpulling manifest [K
pulling a3de86cd1c13:  36% ▕██████            ▏ 1.9 GB/5.2 GB  8.1 MB/s   6m52s[K[?25h[?2026l[?2026h[?25l[A[1Gpulling manifest [K
pulling a3de86cd1c13:  36% ▕██████            ▏ 1.9 GB/5.2 GB  8.1 MB/s   6m52s[K[?25h[?2026l[?2026h[?25l[A[1Gpulling manifest [K
pulling a3de86cd1c13:  36% ▕██████            ▏ 1.9 GB/5.2 GB  8.1 MB/s   6m52s[K[?25h[?2026l[?2026h[?25l[A[1Gpulling manifest [K
pulling a3de86cd1c13:  36% ▕██████            ▏ 1.9 GB/5.2 GB  8.1 MB/s   6m52s[K[?25h[?2026l[?2026h[?25l[A[1Gpulling manifest [K
pulling a3de86cd1c13:  36% ▕██████            ▏ 1.9 GB/5.2 GB  8.1 MB/s   6m51s[K[?25h[?2026l[?2026h[?25l[A[1Gpulling manifest [K
pulling a3de86cd1c13:  36% ▕██████            ▏ 1.9 GB/5.2 GB  8.1 MB/s   6m51s[K[?25h[?2026l[?2026h[?25l[A[1Gpulling manifest [K
pulling a3de86cd1c13:  36% ▕██████            ▏ 1.9 GB/5.2 GB  8.1 MB/s   6m51s[K[?25h[?2026l[?2026h[?25l[A[1Gpulling manifest [K
pulling a3de86cd1c13:  36% ▕██████            ▏ 1.9 GB/5.2 GB  8.1 MB/s   6m51s[K[?25h[?2026l[?2026h[?25l[A[1Gpulling manifest [K
pulling a3de86cd1c13:  36% ▕██████            ▏ 1.9 GB/5.2 GB  8.1 MB/s   6m51s[K[?25h[?2026l[?2026h[?25l[A[1Gpulling manifest [K
pulling a3de86cd1c13:  36% ▕██████            ▏ 1.9 GB/5.2 GB  8.1 MB/s   6m51s[K[?25h[?2026l[?2026h[?25l[A[1Gpulling manifest [K
pulling a3de86cd1c13:  36% ▕██████            ▏ 1.9 GB/5.2 GB  8.0 MB/s   6m55s[K[?25h[?2026l[?2026h[?25l[A[1Gpulling manifest [K
pulling a3de86cd1c13:  36% ▕██████            ▏ 1.9 GB/5.2 GB  8.0 MB/s   6m55s[K[?25h[?2026l[?2026h[?25l[A[1Gpulling manifest [K
pulling a3de86cd1c13:  36% ▕██████            ▏ 1.9 GB/5.2 GB  8.0 MB/s   6m55s[K[?25h[?2026l[?2026h[?25l[A[1Gpulling manifest [K
pulling a3de86cd1c13:  37% ▕██████            ▏ 1.9 GB/5.2 GB  8.0 MB/s   6m55s[K[?25h[?2026l[?2026h[?25l[A[1Gpulling manifest [K
pulling a3de86cd1c13:  37% ▕██████            ▏ 1.9 GB/5.2 GB  8.0 MB/s   6m55s[K[?25h[?2026l[?2026h[?25l[A[1Gpulling manifest [K
pulling a3de86cd1c13:  37% ▕██████            ▏ 1.9 GB/5.2 GB  8.0 MB/s   6m55s[K[?25h[?2026l[?2026h[?25l[A[1Gpulling manifest [K
pulling a3de86cd1c13:  37% ▕██████            ▏ 1.9 GB/5.2 GB  8.0 MB/s   6m55s[K[?25h[?2026l[?2026h[?25l[A[1Gpulling manifest [K
pulling a3de86cd1c13:  37% ▕██████            ▏ 1.9 GB/5.2 GB  8.0 MB/s   6m54s[K[?25h[?2026l[?2026h[?25l[A[1Gpulling manifest [K
pulling a3de86cd1c13:  37% ▕██████            ▏ 1.9 GB/5.2 GB  8.0 MB/s   6m54s[K[?25h[?2026l[?2026h[?25l[A[1Gpulling manifest [K
pulling a3de86cd1c13:  37% ▕██████            ▏ 1.9 GB/5.2 GB  8.0 MB/s   6m54s[K[?25h[?2026l[?2026h[?25l[A[1Gpulling manifest [K
pulling a3de86cd1c13:  37% ▕██████            ▏ 1.9 GB/5.2 GB  7.9 MB/s   6m58s[K[?25h[?2026l[?2026h[?25l[A[1Gpulling manifest [K
pulling a3de86cd1c13:  37% ▕██████            ▏ 1.9 GB/5.2 GB  7.9 MB/s   6m58s[K[?25h[?2026l[?2026h[?25l[A[1Gpulling manifest [K
pulling a3de86cd1c13:  37% ▕██████            ▏ 1.9 GB/5.2 GB  7.9 MB/s   6m57s[K[?25h[?2026l[?2026h[?25l[A[1Gpulling manifest [K
pulling a3de86cd1c13:  37% ▕██████            ▏ 1.9 GB/5.2 GB  7.9 MB/s   6m57s[K[?25h[?2026l[?2026h[?25l[A[1Gpulling manifest [K
pulling a3de86cd1c13:  37% ▕██████            ▏ 1.9 GB/5.2 GB  7.9 MB/s   6m57s[K[?25h[?2026l[?2026h[?25l[A[1Gpulling manifest [K
pulling a3de86cd1c13:  37% ▕██████            ▏ 1.9 GB/5.2 GB  7.9 MB/s   6m57s[K[?25h[?2026l[?2026h[?25l[A[1Gpulling manifest [K
pulling a3de86cd1c13:  37% ▕██████            ▏ 1.9 GB/5.2 GB  7.9 MB/s   6m57s[K[?25h[?2026l[?2026h[?25l[A[1Gpulling manifest [K
pulling a3de86cd1c13:  37% ▕██████            ▏ 1.9 GB/5.2 GB  7.9 MB/s   6m57s[K[?25h[?2026l[?2026h[?25l[A[1Gpulling manifest [K
pulling a3de86cd1c13:  37% ▕██████            ▏ 1.9 GB/5.2 GB  7.9 MB/s   6m57s[K[?25h[?2026l[?2026h[?25l[A[1Gpulling manifest [K
pulling a3de86cd1c13:  37% ▕██████            ▏ 1.9 GB/5.2 GB  7.9 MB/s   6m57s[K[?25h[?2026l[?2026h[?25l[A[1Gpulling manifest [K
pulling a3de86cd1c13:  37% ▕██████            ▏ 1.9 GB/5.2 GB  7.9 MB/s   6m57s[K[?25h[?2026l[?2026h[?25l[A[1Gpulling manifest [K
pulling a3de86cd1c13:  37% ▕██████            ▏ 1.9 GB/5.2 GB  8.0 MB/s   6m55s[K[?25h[?2026l[?2026h[?25l[A[1Gpulling manifest [K
pulling a3de86cd1c13:  37% ▕██████            ▏ 1.9 GB/5.2 GB  8.0 MB/s   6m55s[K[?25h[?2026l[?2026h[?25l[A[1Gpulling manifest [K
pulling a3de86cd1c13:  37% ▕██████            ▏ 1.9 GB/5.2 GB  8.0 MB/s   6m55s[K[?25h[?2026l[?2026h[?25l[A[1Gpulling manifest [K
pulling a3de86cd1c13:  37% ▕██████            ▏ 1.9 GB/5.2 GB  8.0 MB/s   6m54s[K[?25h[?2026l[?2026h[?25l[A[1Gpulling manifest [K
pulling a3de86cd1c13:  37% ▕██████            ▏ 1.9 GB/5.2 GB  8.0 MB/s   6m54s[K[?25h[?2026l[?2026h[?25l[A[1Gpulling manifest [K
pulling a3de86cd1c13:  37% ▕██████            ▏ 1.9 GB/5.2 GB  8.0 MB/s   6m54s[K[?25h[?2026l[?2026h[?25l[A[1Gpulling manifest [K
pulling a3de86cd1c13:  37% ▕██████            ▏ 1.9 GB/5.2 GB  8.0 MB/s   6m54s[K[?25h[?2026l[?2026h[?25l[A[1Gpulling manifest [K
pulling a3de86cd1c13:  37% ▕██████            ▏ 1.9 GB/5.2 GB  8.0 MB/s   6m54s[K[?25h[?2026l[?2026h[?25l[A[1Gpulling manifest [K
pulling a3de86cd1c13:  37% ▕██████            ▏ 1.9 GB/5.2 GB  8.0 MB/s   6m54s[K[?25h[?2026l[?2026h[?25l[A[1Gpulling manifest [K
pulling a3de86cd1c13:  37% ▕██████            ▏ 1.9 GB/5.2 GB  8.0 MB/s   6m54s[K[?25h[?2026l[?2026h[?25l[A[1Gpulling manifest [K
pulling a3de86cd1c13:  37% ▕██████            ▏ 1.9 GB/5.2 GB  7.9 MB/s   6m58s[K[?25h[?2026l[?2026h[?25l[A[1Gpulling manifest [K
pulling a3de86cd1c13:  37% ▕██████            ▏ 1.9 GB/5.2 GB  7.9 MB/s   6m58s[K[?25h[?2026l[?2026h[?25l[A[1Gpulling manifest [K
pulling a3de86cd1c13:  37% ▕██████            ▏ 1.9 GB/5.2 GB  7.9 MB/s   6m58s[K[?25h[?2026l[?2026h[?25l[A[1Gpulling manifest [K
pulling a3de86cd1c13:  37% ▕██████            ▏ 1.9 GB/5.2 GB  7.9 MB/s   6m58s[K[?25h[?2026l[?2026h[?25l[A[1Gpulling manifest [K
pulling a3de86cd1c13:  37% ▕██████            ▏ 1.9 GB/5.2 GB  7.9 MB/s   6m57s[K[?25h[?2026l[?2026h[?25l[A[1Gpulling manifest [K
pulling a3de86cd1c13:  37% ▕██████            ▏ 1.9 GB/5.2 GB  7.9 MB/s   6m57s[K[?25h[?2026l[?2026h[?25l[A[1Gpulling manifest [K
pulling a3de86cd1c13:  37% ▕██████            ▏ 1.9 GB/5.2 GB  7.9 MB/s   6m57s[K[?25h[?2026l[?2026h[?25l[A[1Gpulling manifest [K
pulling a3de86cd1c13:  37% ▕██████            ▏ 1.9 GB/5.2 GB  7.9 MB/s   6m57s[K[?25h[?2026l[?2026h[?25l[A[1Gpulling manifest [K
pulling a3de86cd1c13:  37% ▕██████            ▏ 1.9 GB/5.2 GB  7.9 MB/s   6m57s[K[?25h[?2026l[?2026h[?25l[A[1Gpulling manifest [K
pulling a3de86cd1c13:  37% ▕██████            ▏ 1.9 GB/5.2 GB  7.9 MB/s   6m57s[K[?25h[?2026l[?2026h[?25l[A[1Gpulling manifest [K
pulling a3de86cd1c13:  37% ▕██████            ▏ 1.9 GB/5.2 GB  8.0 MB/s   6m51s[K[?25h[?2026l[?2026h[?25l[A[1Gpulling manifest [K
pulling a3de86cd1c13:  37% ▕██████            ▏ 1.9 GB/5.2 GB  8.0 MB/s   6m51s[K[?25h[?2026l[?2026h[?25l[A[1Gpulling manifest [K
pulling a3de86cd1c13:  37% ▕██████            ▏ 1.9 GB/5.2 GB  8.0 MB/s   6m51s[K[?25h[?2026l[?2026h[?25l[A[1Gpulling manifest [K
pulling a3de86cd1c13:  37% ▕██████            ▏ 1.9 GB/5.2 GB  8.0 MB/s   6m51s[K[?25h[?2026l[?2026h[?25l[A[1Gpulling manifest [K
pulling a3de86cd1c13:  37% ▕██████            ▏ 1.9 GB/5.2 GB  8.0 MB/s   6m50s[K[?25h[?2026l[?2026h[?25l[A[1Gpulling manifest [K
pulling a3de86cd1c13:  37% ▕██████            ▏ 1.9 GB/5.2 GB  8.0 MB/s   6m50s[K[?25h[?2026l[?2026h[?25l[A[1Gpulling manifest [K
pulling a3de86cd1c13:  37% ▕██████            ▏ 1.9 GB/5.2 GB  8.0 MB/s   6m50s[K[?25h[?2026l[?2026h[?25l[A[1Gpulling manifest [K
pulling a3de86cd1c13:  37% ▕██████            ▏ 1.9 GB/5.2 GB  8.0 MB/s   6m50s[K[?25h[?2026l[?2026h[?25l[A[1Gpulling manifest [K
pulling a3de86cd1c13:  37% ▕██████            ▏ 1.9 GB/5.2 GB  8.0 MB/s   6m50s[K[?25h[?2026l[?2026h[?25l[A[1Gpulling manifest [K
pulling a3de86cd1c13:  37% ▕██████            ▏ 1.9 GB/5.2 GB  8.0 MB/s   6m50s[K[?25h[?2026l[?2026h[?25l[A[1Gpulling manifest [K
pulling a3de86cd1c13:  37% ▕██████            ▏ 1.9 GB/5.2 GB  8.2 MB/s   6m39s[K[?25h[?2026l[?2026h[?25l[A[1Gpulling manifest [K
pulling a3de86cd1c13:  37% ▕██████            ▏ 1.9 GB/5.2 GB  8.2 MB/s   6m39s[K[?25h[?2026l[?2026h[?25l[A[1Gpulling manifest [K
pulling a3de86cd1c13:  37% ▕██████            ▏ 1.9 GB/5.2 GB  8.2 MB/s   6m39s[K[?25h[?2026l[?2026h[?25l[A[1Gpulling manifest [K
pulling a3de86cd1c13:  37% ▕██████            ▏ 1.9 GB/5.2 GB  8.2 MB/s   6m39s[K[?25h[?2026l[?2026h[?25l[A[1Gpulling manifest [K
pulling a3de86cd1c13:  37% ▕██████            ▏ 2.0 GB/5.2 GB  8.2 MB/s   6m39s[K[?25h[?2026l[?2026h[?25l[A[1Gpulling manifest [K
pulling a3de86cd1c13:  37% ▕██████            ▏ 2.0 GB/5.2 GB  8.2 MB/s   6m39s[K[?25h[?2026l[?2026h[?25l[A[1Gpulling manifest [K
pulling a3de86cd1c13:  37% ▕██████            ▏ 2.0 GB/5.2 GB  8.2 MB/s   6m38s[K[?25h[?2026l[?2026h[?25l[A[1Gpulling manifest [K
pulling a3de86cd1c13:  37% ▕██████            ▏ 2.0 GB/5.2 GB  8.2 MB/s   6m38s[K[?25h[?2026l[?2026h[?25l[A[1Gpulling manifest [K
pulling a3de86cd1c13:  37% ▕██████            ▏ 2.0 GB/5.2 GB  8.2 MB/s   6m38s[K[?25h[?2026l[?2026h[?25l[A[1Gpulling manifest [K
pulling a3de86cd1c13:  37% ▕██████            ▏ 2.0 GB/5.2 GB  8.2 MB/s   6m38s[K[?25h[?2026l[?2026h[?25l[A[1Gpulling manifest [K
pulling a3de86cd1c13:  37% ▕██████            ▏ 2.0 GB/5.2 GB  8.5 MB/s   6m26s[K[?25h[?2026l[?2026h[?25l[A[1Gpulling manifest [K
pulling a3de86cd1c13:  37% ▕██████            ▏ 2.0 GB/5.2 GB  8.5 MB/s   6m26s[K[?25h[?2026l[?2026h[?25l[A[1Gpulling manifest [K
pulling a3de86cd1c13:  37% ▕██████            ▏ 2.0 GB/5.2 GB  8.5 MB/s   6m26s[K[?25h[?2026l[?2026h[?25l[A[1Gpulling manifest [K
pulling a3de86cd1c13:  38% ▕██████            ▏ 2.0 GB/5.2 GB  8.5 MB/s   6m26s[K[?25h[?2026l[?2026h[?25l[A[1Gpulling manifest [K
pulling a3de86cd1c13:  38% ▕██████            ▏ 2.0 GB/5.2 GB  8.5 MB/s   6m25s[K[?25h[?2026l[?2026h[?25l[A[1Gpulling manifest [K
pulling a3de86cd1c13:  38% ▕██████            ▏ 2.0 GB/5.2 GB  8.5 MB/s   6m25s[K[?25h[?2026l[?2026h[?25l[A[1Gpulling manifest [K
pulling a3de86cd1c13:  38% ▕██████            ▏ 2.0 GB/5.2 GB  8.5 MB/s   6m25s[K[?25h[?2026l[?2026h[?25l[A[1Gpulling manifest [K
pulling a3de86cd1c13:  38% ▕██████            ▏ 2.0 GB/5.2 GB  8.5 MB/s   6m25s[K[?25h[?2026l[?2026h[?25l[A[1Gpulling manifest [K
pulling a3de86cd1c13:  38% ▕██████            ▏ 2.0 GB/5.2 GB  8.5 MB/s   6m25s[K[?25h[?2026l[?2026h[?25l[A[1Gpulling manifest [K
pulling a3de86cd1c13:  38% ▕██████            ▏ 2.0 GB/5.2 GB  8.5 MB/s   6m25s[K[?25h[?2026l[?2026h[?25l[A[1Gpulling manifest [K
pulling a3de86cd1c13:  38% ▕██████            ▏ 2.0 GB/5.2 GB  8.5 MB/s   6m25s[K[?25h[?2026l[?2026h[?25l[A[1Gpulling manifest [K
pulling a3de86cd1c13:  38% ▕██████            ▏ 2.0 GB/5.2 GB  8.6 MB/s   6m18s[K[?25h[?2026l[?2026h[?25l[A[1Gpulling manifest [K
pulling a3de86cd1c13:  38% ▕██████            ▏ 2.0 GB/5.2 GB  8.6 MB/s   6m18s[K[?25h[?2026l[?2026h[?25l[A[1Gpulling manifest [K
pulling a3de86cd1c13:  38% ▕██████            ▏ 2.0 GB/5.2 GB  8.6 MB/s   6m18s[K[?25h[?2026l[?2026h[?25l[A[1Gpulling manifest [K
pulling a3de86cd1c13:  38% ▕██████            ▏ 2.0 GB/5.2 GB  8.6 MB/s   6m18s[K[?25h[?2026l[?2026h[?25l[A[1Gpulling manifest [K
pulling a3de86cd1c13:  38% ▕██████            ▏ 2.0 GB/5.2 GB  8.6 MB/s   6m18s[K[?25h[?2026l[?2026h[?25l[A[1Gpulling manifest [K
pulling a3de86cd1c13:  38% ▕██████            ▏ 2.0 GB/5.2 GB  8.6 MB/s   6m18s[K[?25h[?2026l[?2026h[?25l[A[1Gpulling manifest [K
pulling a3de86cd1c13:  38% ▕██████            ▏ 2.0 GB/5.2 GB  8.6 MB/s   6m18s[K[?25h[?2026l[?2026h[?25l[A[1Gpulling manifest [K
pulling a3de86cd1c13:  38% ▕██████            ▏ 2.0 GB/5.2 GB  8.6 MB/s   6m18s[K[?25h[?2026l[?2026h[?25l[A[1Gpulling manifest [K
pulling a3de86cd1c13:  38% ▕██████            ▏ 2.0 GB/5.2 GB  8.6 MB/s   6m17s[K[?25h[?2026l[?2026h[?25l[A[1Gpulling manifest [K
pulling a3de86cd1c13:  38% ▕██████            ▏ 2.0 GB/5.2 GB  8.6 MB/s   6m17s[K[?25h[?2026l[?2026h[?25l[A[1Gpulling manifest [K
pulling a3de86cd1c13:  38% ▕██████            ▏ 2.0 GB/5.2 GB  8.8 MB/s    6m9s[K[?25h[?2026l[?2026h[?25l[A[1Gpulling manifest [K
pulling a3de86cd1c13:  38% ▕██████            ▏ 2.0 GB/5.2 GB  8.8 MB/s    6m9s[K[?25h[?2026l[?2026h[?25l[A[1Gpulling manifest [K
pulling a3de86cd1c13:  38% ▕██████            ▏ 2.0 GB/5.2 GB  8.8 MB/s    6m9s[K[?25h[?2026l[?2026h[?25l[A[1Gpulling manifest [K
pulling a3de86cd1c13:  38% ▕██████            ▏ 2.0 GB/5.2 GB  8.8 MB/s    6m9s[K[?25h[?2026l[?2026h[?25l[A[1Gpulling manifest [K
pulling a3de86cd1c13:  38% ▕██████            ▏ 2.0 GB/5.2 GB  8.8 MB/s    6m9s[K[?25h[?2026l[?2026h[?25l[A[1Gpulling manifest [K
pulling a3de86cd1c13:  38% ▕██████            ▏ 2.0 GB/5.2 GB  8.8 MB/s    6m9s[K[?25h[?2026l[?2026h[?25l[A[1Gpulling manifest [K
pulling a3de86cd1c13:  38% ▕██████            ▏ 2.0 GB/5.2 GB  8.8 MB/s    6m9s[K[?25h[?2026l[?2026h[?25l[A[1Gpulling manifest [K
pulling a3de86cd1c13:  38% ▕██████            ▏ 2.0 GB/5.2 GB  8.8 MB/s    6m9s[K[?25h[?2026l[?2026h[?25l[A[1Gpulling manifest [K
pulling a3de86cd1c13:  38% ▕██████            ▏ 2.0 GB/5.2 GB  8.8 MB/s    6m8s[K[?25h[?2026l[?2026h[?25l[A[1Gpulling manifest [K
pulling a3de86cd1c13:  38% ▕██████            ▏ 2.0 GB/5.2 GB  8.8 MB/s    6m8s[K[?25h[?2026l[?2026h[?25l[A[1Gpulling manifest [K
pulling a3de86cd1c13:  38% ▕██████            ▏ 2.0 GB/5.2 GB  9.0 MB/s    6m0s[K[?25h[?2026l[?2026h[?25l[A[1Gpulling manifest [K
pulling a3de86cd1c13:  38% ▕██████            ▏ 2.0 GB/5.2 GB  9.0 MB/s    6m0s[K[?25h[?2026l[?2026h[?25l[A[1Gpulling manifest [K
pulling a3de86cd1c13:  38% ▕██████            ▏ 2.0 GB/5.2 GB  9.0 MB/s   5m59s[K[?25h[?2026l[?2026h[?25l[A[1Gpulling manifest [K
pulling a3de86cd1c13:  38% ▕██████            ▏ 2.0 GB/5.2 GB  9.0 MB/s   5m59s[K[?25h[?2026l[?2026h[?25l[A[1Gpulling manifest [K
pulling a3de86cd1c13:  38% ▕██████            ▏ 2.0 GB/5.2 GB  9.0 MB/s   5m59s[K[?25h[?2026l[?2026h[?25l[A[1Gpulling manifest [K
pulling a3de86cd1c13:  38% ▕██████            ▏ 2.0 GB/5.2 GB  9.0 MB/s   5m59s[K[?25h[?2026l[?2026h[?25l[A[1Gpulling manifest [K
pulling a3de86cd1c13:  38% ▕██████            ▏ 2.0 GB/5.2 GB  9.0 MB/s   5m59s[K[?25h[?2026l[?2026h[?25l[A[1Gpulling manifest [K
pulling a3de86cd1c13:  38% ▕██████            ▏ 2.0 GB/5.2 GB  9.0 MB/s   5m59s[K[?25h[?2026l[?2026h[?25l[A[1Gpulling manifest [K
pulling a3de86cd1c13:  38% ▕██████            ▏ 2.0 GB/5.2 GB  9.0 MB/s   5m59s[K[?25h[?2026l[?2026h[?25l[A[1Gpulling manifest [K
pulling a3de86cd1c13:  38% ▕██████            ▏ 2.0 GB/5.2 GB  9.0 MB/s   5m59s[K[?25h[?2026l[?2026h[?25l[A[1Gpulling manifest [K
pulling a3de86cd1c13:  38% ▕██████            ▏ 2.0 GB/5.2 GB  9.2 MB/s   5m51s[K[?25h[?2026l[?2026h[?25l[A[1Gpulling manifest [K
pulling a3de86cd1c13:  38% ▕██████            ▏ 2.0 GB/5.2 GB  9.2 MB/s   5m50s[K[?25h[?2026l[?2026h[?25l[A[1Gpulling manifest [K
pulling a3de86cd1c13:  38% ▕██████            ▏ 2.0 GB/5.2 GB  9.2 MB/s   5m50s[K[?25h[?2026l[?2026h[?25l[A[1Gpulling manifest [K
pulling a3de86cd1c13:  38% ▕██████            ▏ 2.0 GB/5.2 GB  9.2 MB/s   5m50s[K[?25h[?2026l[?2026h[?25l[A[1Gpulling manifest [K
pulling a3de86cd1c13:  38% ▕██████            ▏ 2.0 GB/5.2 GB  9.2 MB/s   5m50s[K[?25h[?2026l[?2026h[?25l[A[1Gpulling manifest [K
pulling a3de86cd1c13:  38% ▕██████            ▏ 2.0 GB/5.2 GB  9.2 MB/s   5m50s[K[?25h[?2026l[?2026h[?25l[A[1Gpulling manifest [K
pulling a3de86cd1c13:  38% ▕██████            ▏ 2.0 GB/5.2 GB  9.2 MB/s   5m50s[K[?25h[?2026l[?2026h[?25l[A[1Gpulling manifest [K
pulling a3de86cd1c13:  38% ▕██████            ▏ 2.0 GB/5.2 GB  9.2 MB/s   5m50s[K[?25h[?2026l[?2026h[?25l[A[1Gpulling manifest [K
pulling a3de86cd1c13:  38% ▕██████            ▏ 2.0 GB/5.2 GB  9.2 MB/s   5m50s[K[?25h[?2026l[?2026h[?25l[A[1Gpulling manifest [K
pulling a3de86cd1c13:  38% ▕██████            ▏ 2.0 GB/5.2 GB  9.2 MB/s   5m50s[K[?25h[?2026l[?2026h[?25l[A[1Gpulling manifest [K
pulling a3de86cd1c13:  38% ▕██████            ▏ 2.0 GB/5.2 GB  9.4 MB/s   5m43s[K[?25h[?2026l[?2026h[?25l[A[1Gpulling manifest [K
pulling a3de86cd1c13:  38% ▕██████            ▏ 2.0 GB/5.2 GB  9.4 MB/s   5m43s[K[?25h[?2026l[?2026h[?25l[A[1Gpulling manifest [K
pulling a3de86cd1c13:  38% ▕██████            ▏ 2.0 GB/5.2 GB  9.4 MB/s   5m43s[K[?25h[?2026l[?2026h[?25l[A[1Gpulling manifest [K
pulling a3de86cd1c13:  38% ▕██████            ▏ 2.0 GB/5.2 GB  9.4 MB/s   5m43s[K[?25h[?2026l[?2026h[?25l[A[1Gpulling manifest [K
pulling a3de86cd1c13:  38% ▕██████            ▏ 2.0 GB/5.2 GB  9.4 MB/s   5m43s[K[?25h[?2026l[?2026h[?25l[A[1Gpulling manifest [K
pulling a3de86cd1c13:  38% ▕██████            ▏ 2.0 GB/5.2 GB  9.4 MB/s   5m43s[K[?25h[?2026l[?2026h[?25l[A[1Gpulling manifest [K
pulling a3de86cd1c13:  38% ▕██████            ▏ 2.0 GB/5.2 GB  9.4 MB/s   5m42s[K[?25h[?2026l[?2026h[?25l[A[1Gpulling manifest [K
pulling a3de86cd1c13:  38% ▕██████            ▏ 2.0 GB/5.2 GB  9.4 MB/s   5m42s[K[?25h[?2026l[?2026h[?25l[A[1Gpulling manifest [K
pulling a3de86cd1c13:  39% ▕██████            ▏ 2.0 GB/5.2 GB  9.4 MB/s   5m42s[K[?25h[?2026l[?2026h[?25l[A[1Gpulling manifest [K
pulling a3de86cd1c13:  39% ▕██████            ▏ 2.0 GB/5.2 GB  9.4 MB/s   5m42s[K[?25h[?2026l[?2026h[?25l[A[1Gpulling manifest [K
pulling a3de86cd1c13:  39% ▕██████            ▏ 2.0 GB/5.2 GB  9.4 MB/s   5m42s[K[?25h[?2026l[?2026h[?25l[A[1Gpulling manifest [K
pulling a3de86cd1c13:  39% ▕██████            ▏ 2.0 GB/5.2 GB  9.6 MB/s   5m36s[K[?25h[?2026l[?2026h[?25l[A[1Gpulling manifest [K
pulling a3de86cd1c13:  39% ▕██████            ▏ 2.0 GB/5.2 GB  9.6 MB/s   5m35s[K[?25h[?2026l[?2026h[?25l[A[1Gpulling manifest [K
pulling a3de86cd1c13:  39% ▕██████            ▏ 2.0 GB/5.2 GB  9.6 MB/s   5m35s[K[?25h[?2026l[?2026h[?25l[A[1Gpulling manifest [K
pulling a3de86cd1c13:  39% ▕██████            ▏ 2.0 GB/5.2 GB  9.6 MB/s   5m35s[K[?25h[?2026l[?2026h[?25l[A[1Gpulling manifest [K
pulling a3de86cd1c13:  39% ▕██████            ▏ 2.0 GB/5.2 GB  9.6 MB/s   5m35s[K[?25h[?2026l[?2026h[?25l[A[1Gpulling manifest [K
pulling a3de86cd1c13:  39% ▕██████            ▏ 2.0 GB/5.2 GB  9.6 MB/s   5m35s[K[?25h[?2026l[?2026h[?25l[A[1Gpulling manifest [K
pulling a3de86cd1c13:  39% ▕██████            ▏ 2.0 GB/5.2 GB  9.6 MB/s   5m35s[K[?25h[?2026l[?2026h[?25l[A[1Gpulling manifest [K
pulling a3de86cd1c13:  39% ▕██████            ▏ 2.0 GB/5.2 GB  9.6 MB/s   5m35s[K[?25h[?2026l[?2026h[?25l[A[1Gpulling manifest [K
pulling a3de86cd1c13:  39% ▕██████            ▏ 2.0 GB/5.2 GB  9.6 MB/s   5m35s[K[?25h[?2026l[?2026h[?25l[A[1Gpulling manifest [K
pulling a3de86cd1c13:  39% ▕██████            ▏ 2.0 GB/5.2 GB  9.6 MB/s   5m35s[K[?25h[?2026l[?2026h[?25l[A[1Gpulling manifest [K
pulling a3de86cd1c13:  39% ▕██████            ▏ 2.0 GB/5.2 GB  9.7 MB/s   5m29s[K[?25h[?2026l[?2026h[?25l[A[1Gpulling manifest [K
pulling a3de86cd1c13:  39% ▕██████            ▏ 2.0 GB/5.2 GB  9.7 MB/s   5m29s[K[?25h[?2026l[?2026h[?25l[A[1Gpulling manifest [K
pulling a3de86cd1c13:  39% ▕██████            ▏ 2.0 GB/5.2 GB  9.7 MB/s   5m29s[K[?25h[?2026l[?2026h[?25l[A[1Gpulling manifest [K
pulling a3de86cd1c13:  39% ▕██████            ▏ 2.0 GB/5.2 GB  9.7 MB/s   5m29s[K[?25h[?2026l[?2026h[?25l[A[1Gpulling manifest [K
pulling a3de86cd1c13:  39% ▕██████            ▏ 2.0 GB/5.2 GB  9.7 MB/s   5m29s[K[?25h[?2026l[?2026h[?25l[A[1Gpulling manifest [K
pulling a3de86cd1c13:  39% ▕██████            ▏ 2.0 GB/5.2 GB  9.7 MB/s   5m29s[K[?25h[?2026l[?2026h[?25l[A[1Gpulling manifest [K
pulling a3de86cd1c13:  39% ▕██████            ▏ 2.0 GB/5.2 GB  9.7 MB/s   5m29s[K[?25h[?2026l[?2026h[?25l[A[1Gpulling manifest [K
pulling a3de86cd1c13:  39% ▕██████            ▏ 2.0 GB/5.2 GB  9.7 MB/s   5m29s[K[?25h[?2026l[?2026h[?25l[A[1Gpulling manifest [K
pulling a3de86cd1c13:  39% ▕███████           ▏ 2.0 GB/5.2 GB  9.7 MB/s   5m29s[K[?25h[?2026l[?2026h[?25l[A[1Gpulling manifest [K
pulling a3de86cd1c13:  39% ▕███████           ▏ 2.0 GB/5.2 GB  9.7 MB/s   5m28s[K[?25h[?2026l[?2026h[?25l[A[1Gpulling manifest [K
pulling a3de86cd1c13:  39% ▕███████           ▏ 2.0 GB/5.2 GB  9.7 MB/s   5m28s[K[?25h[?2026l[?2026h[?25l[A[1Gpulling manifest [K
pulling a3de86cd1c13:  39% ▕███████           ▏ 2.0 GB/5.2 GB  9.7 MB/s   5m28s[K[?25h[?2026l[?2026h[?25l[A[1Gpulling manifest [K
pulling a3de86cd1c13:  39% ▕███████           ▏ 2.0 GB/5.2 GB  9.7 MB/s   5m28s[K[?25h[?2026l[?2026h[?25l[A[1Gpulling manifest [K
pulling a3de86cd1c13:  39% ▕███████           ▏ 2.0 GB/5.2 GB  9.7 MB/s   5m28s[K[?25h[?2026l[?2026h[?25l[A[1Gpulling manifest [K
pulling a3de86cd1c13:  39% ▕███████           ▏ 2.0 GB/5.2 GB  9.7 MB/s   5m28s[K[?25h[?2026l[?2026h[?25l[A[1Gpulling manifest [K
pulling a3de86cd1c13:  39% ▕███████           ▏ 2.0 GB/5.2 GB  9.7 MB/s   5m28s[K[?25h[?2026l[?2026h[?25l[A[1Gpulling manifest [K
pulling a3de86cd1c13:  39% ▕███████           ▏ 2.0 GB/5.2 GB  9.7 MB/s   5m27s[K[?25h[?2026l[?2026h[?25l[A[1Gpulling manifest [K
pulling a3de86cd1c13:  39% ▕███████           ▏ 2.0 GB/5.2 GB  9.7 MB/s   5m27s[K[?25h[?2026l[?2026h[?25l[A[1Gpulling manifest [K
pulling a3de86cd1c13:  39% ▕███████           ▏ 2.0 GB/5.2 GB  9.7 MB/s   5m27s[K[?25h[?2026l[?2026h[?25l[A[1Gpulling manifest [K
pulling a3de86cd1c13:  39% ▕███████           ▏ 2.0 GB/5.2 GB  9.7 MB/s   5m27s[K[?25h[?2026l[?2026h[?25l[A[1Gpulling manifest [K
pulling a3de86cd1c13:  39% ▕███████           ▏ 2.0 GB/5.2 GB  9.7 MB/s   5m29s[K[?25h[?2026l[?2026h[?25l[A[1Gpulling manifest [K
pulling a3de86cd1c13:  39% ▕███████           ▏ 2.0 GB/5.2 GB  9.7 MB/s   5m29s[K[?25h[?2026l[?2026h[?25l[A[1Gpulling manifest [K
pulling a3de86cd1c13:  39% ▕███████           ▏ 2.0 GB/5.2 GB  9.7 MB/s   5m29s[K[?25h[?2026l[?2026h[?25l[A[1Gpulling manifest [K
pulling a3de86cd1c13:  39% ▕███████           ▏ 2.0 GB/5.2 GB  9.7 MB/s   5m29s[K[?25h[?2026l[?2026h[?25l[A[1Gpulling manifest [K
pulling a3de86cd1c13:  39% ▕███████           ▏ 2.0 GB/5.2 GB  9.7 MB/s   5m28s[K[?25h[?2026l[?2026h[?25l[A[1Gpulling manifest [K
pulling a3de86cd1c13:  39% ▕███████           ▏ 2.0 GB/5.2 GB  9.7 MB/s   5m28s[K[?25h[?2026l[?2026h[?25l[A[1Gpulling manifest [K
pulling a3de86cd1c13:  39% ▕███████           ▏ 2.0 GB/5.2 GB  9.7 MB/s   5m28s[K[?25h[?2026l[?2026h[?25l[A[1Gpulling manifest [K
pulling a3de86cd1c13:  39% ▕███████           ▏ 2.1 GB/5.2 GB  9.7 MB/s   5m28s[K[?25h[?2026l[?2026h[?25l[A[1Gpulling manifest [K
pulling a3de86cd1c13:  39% ▕███████           ▏ 2.1 GB/5.2 GB  9.7 MB/s   5m28s[K[?25h[?2026l[?2026h[?25l[A[1Gpulling manifest [K
pulling a3de86cd1c13:  39% ▕███████           ▏ 2.1 GB/5.2 GB  9.7 MB/s   5m28s[K[?25h[?2026l[?2026h[?25l[A[1Gpulling manifest [K
pulling a3de86cd1c13:  39% ▕███████           ▏ 2.1 GB/5.2 GB  9.7 MB/s   5m26s[K[?25h[?2026l[?2026h[?25l[A[1Gpulling manifest [K
pulling a3de86cd1c13:  39% ▕███████           ▏ 2.1 GB/5.2 GB  9.7 MB/s   5m26s[K[?25h[?2026l[?2026h[?25l[A[1Gpulling manifest [K
pulling a3de86cd1c13:  39% ▕███████           ▏ 2.1 GB/5.2 GB  9.7 MB/s   5m26s[K[?25h[?2026l[?2026h[?25l[A[1Gpulling manifest [K
pulling a3de86cd1c13:  39% ▕███████           ▏ 2.1 GB/5.2 GB  9.7 MB/s   5m25s[K[?25h[?2026l[?2026h[?25l[A[1Gpulling manifest [K
pulling a3de86cd1c13:  39% ▕███████           ▏ 2.1 GB/5.2 GB  9.7 MB/s   5m25s[K[?25h[?2026l[?2026h[?25l[A[1Gpulling manifest [K
pulling a3de86cd1c13:  39% ▕███████           ▏ 2.1 GB/5.2 GB  9.7 MB/s   5m25s[K[?25h[?2026l[?2026h[?25l[A[1Gpulling manifest [K
pulling a3de86cd1c13:  39% ▕███████           ▏ 2.1 GB/5.2 GB  9.7 MB/s   5m25s[K[?25h[?2026l[?2026h[?25l[A[1Gpulling manifest [K
pulling a3de86cd1c13:  39% ▕███████           ▏ 2.1 GB/5.2 GB  9.7 MB/s   5m25s[K[?25h[?2026l[?2026h[?25l[A[1Gpulling manifest [K
pulling a3de86cd1c13:  39% ▕███████           ▏ 2.1 GB/5.2 GB  9.7 MB/s   5m25s[K[?25h[?2026l[?2026h[?25l[A[1Gpulling manifest [K
pulling a3de86cd1c13:  39% ▕███████           ▏ 2.1 GB/5.2 GB  9.7 MB/s   5m25s[K[?25h[?2026l[?2026h[?25l[A[1Gpulling manifest [K
pulling a3de86cd1c13:  39% ▕███████           ▏ 2.1 GB/5.2 GB  9.7 MB/s   5m25s[K[?25h[?2026l[?2026h[?25l[A[1Gpulling manifest [K
pulling a3de86cd1c13:  40% ▕███████           ▏ 2.1 GB/5.2 GB  9.8 MB/s   5m22s[K[?25h[?2026l[?2026h[?25l[A[1Gpulling manifest [K
pulling a3de86cd1c13:  40% ▕███████           ▏ 2.1 GB/5.2 GB  9.8 MB/s   5m22s[K[?25h[?2026l[?2026h[?25l[A[1Gpulling manifest [K
pulling a3de86cd1c13:  40% ▕███████           ▏ 2.1 GB/5.2 GB  9.8 MB/s   5m22s[K[?25h[?2026l[?2026h[?25l[A[1Gpulling manifest [K
pulling a3de86cd1c13:  40% ▕███████           ▏ 2.1 GB/5.2 GB  9.8 MB/s   5m22s[K[?25h[?2026l[?2026h[?25l[A[1Gpulling manifest [K
pulling a3de86cd1c13:  40% ▕███████           ▏ 2.1 GB/5.2 GB  9.8 MB/s   5m22s[K[?25h[?2026l[?2026h[?25l[A[1Gpulling manifest [K
pulling a3de86cd1c13:  40% ▕███████           ▏ 2.1 GB/5.2 GB  9.8 MB/s   5m22s[K[?25h[?2026l[?2026h[?25l[A[1Gpulling manifest [K
pulling a3de86cd1c13:  40% ▕███████           ▏ 2.1 GB/5.2 GB  9.8 MB/s   5m22s[K[?25h[?2026l[?2026h[?25l[A[1Gpulling manifest [K
pulling a3de86cd1c13:  40% ▕███████           ▏ 2.1 GB/5.2 GB  9.8 MB/s   5m22s[K[?25h[?2026l[?2026h[?25l[A[1Gpulling manifest [K
pulling a3de86cd1c13:  40% ▕███████           ▏ 2.1 GB/5.2 GB  9.8 MB/s   5m22s[K[?25h[?2026l[?2026h[?25l[A[1Gpulling manifest [K
pulling a3de86cd1c13:  40% ▕███████           ▏ 2.1 GB/5.2 GB  9.8 MB/s   5m21s[K[?25h[?2026l[?2026h[?25l[A[1Gpulling manifest [K
pulling a3de86cd1c13:  40% ▕███████           ▏ 2.1 GB/5.2 GB  9.9 MB/s   5m17s[K[?25h[?2026l[?2026h[?25l[A[1Gpulling manifest [K
pulling a3de86cd1c13:  40% ▕███████           ▏ 2.1 GB/5.2 GB  9.9 MB/s   5m17s[K[?25h[?2026l[?2026h[?25l[A[1Gpulling manifest [K
pulling a3de86cd1c13:  40% ▕███████           ▏ 2.1 GB/5.2 GB  9.9 MB/s   5m17s[K[?25h[?2026l[?2026h[?25l[A[1Gpulling manifest [K
pulling a3de86cd1c13:  40% ▕███████           ▏ 2.1 GB/5.2 GB  9.9 MB/s   5m17s[K[?25h[?2026l[?2026h[?25l[A[1Gpulling manifest [K
pulling a3de86cd1c13:  40% ▕███████           ▏ 2.1 GB/5.2 GB  9.9 MB/s   5m17s[K[?25h[?2026l[?2026h[?25l[A[1Gpulling manifest [K
pulling a3de86cd1c13:  40% ▕███████           ▏ 2.1 GB/5.2 GB  9.9 MB/s   5m17s[K[?25h[?2026l[?2026h[?25l[A[1Gpulling manifest [K
pulling a3de86cd1c13:  40% ▕███████           ▏ 2.1 GB/5.2 GB  9.9 MB/s   5m16s[K[?25h[?2026l[?2026h[?25l[A[1Gpulling manifest [K
pulling a3de86cd1c13:  40% ▕███████           ▏ 2.1 GB/5.2 GB  9.9 MB/s   5m16s[K[?25h[?2026l[?2026h[?25l[A[1Gpulling manifest [K
pulling a3de86cd1c13:  40% ▕███████           ▏ 2.1 GB/5.2 GB  9.9 MB/s   5m16s[K[?25h[?2026l[?2026h[?25l[A[1Gpulling manifest [K
pulling a3de86cd1c13:  40% ▕███████           ▏ 2.1 GB/5.2 GB  9.9 MB/s   5m16s[K[?25h[?2026l[?2026h[?25l[A[1Gpulling manifest [K
pulling a3de86cd1c13:  40% ▕███████           ▏ 2.1 GB/5.2 GB   10 MB/s   5m12s[K[?25h[?2026l[?2026h[?25l[A[1Gpulling manifest [K
pulling a3de86cd1c13:  40% ▕███████           ▏ 2.1 GB/5.2 GB   10 MB/s   5m12s[K[?25h[?2026l[?2026h[?25l[A[1Gpulling manifest [K
pulling a3de86cd1c13:  40% ▕███████           ▏ 2.1 GB/5.2 GB   10 MB/s   5m12s[K[?25h[?2026l[?2026h[?25l[A[1Gpulling manifest [K
pulling a3de86cd1c13:  40% ▕███████           ▏ 2.1 GB/5.2 GB   10 MB/s   5m12s[K[?25h[?2026l[?2026h[?25l[A[1Gpulling manifest [K
pulling a3de86cd1c13:  40% ▕███████           ▏ 2.1 GB/5.2 GB   10 MB/s   5m12s[K[?25h[?2026l[?2026h[?25l[A[1Gpulling manifest [K
pulling a3de86cd1c13:  40% ▕███████           ▏ 2.1 GB/5.2 GB   10 MB/s   5m12s[K[?25h[?2026l[?2026h[?25l[A[1Gpulling manifest [K
pulling a3de86cd1c13:  40% ▕███████           ▏ 2.1 GB/5.2 GB   10 MB/s   5m12s[K[?25h[?2026l[?2026h[?25l[A[1Gpulling manifest [K
pulling a3de86cd1c13:  40% ▕███████           ▏ 2.1 GB/5.2 GB   10 MB/s   5m12s[K[?25h[?2026l[?2026h[?25l[A[1Gpulling manifest [K
pulling a3de86cd1c13:  40% ▕███████           ▏ 2.1 GB/5.2 GB   10 MB/s   5m11s[K[?25h[?2026l[?2026h[?25l[A[1Gpulling manifest [K
pulling a3de86cd1c13:  40% ▕███████           ▏ 2.1 GB/5.2 GB   10 MB/s   5m11s[K[?25h[?2026l[?2026h[?25l[A[1Gpulling manifest [K
pulling a3de86cd1c13:  40% ▕███████           ▏ 2.1 GB/5.2 GB   10 MB/s   5m11s[K[?25h[?2026l[?2026h[?25l[A[1Gpulling manifest [K
pulling a3de86cd1c13:  40% ▕███████           ▏ 2.1 GB/5.2 GB   10 MB/s   5m11s[K[?25h[?2026l[?2026h[?25l[A[1Gpulling manifest [K
pulling a3de86cd1c13:  40% ▕███████           ▏ 2.1 GB/5.2 GB   10 MB/s   5m11s[K[?25h[?2026l[?2026h[?25l[A[1Gpulling manifest [K
pulling a3de86cd1c13:  40% ▕███████           ▏ 2.1 GB/5.2 GB   10 MB/s   5m11s[K[?25h[?2026l[?2026h[?25l[A[1Gpulling manifest [K
pulling a3de86cd1c13:  40% ▕███████           ▏ 2.1 GB/5.2 GB   10 MB/s   5m10s[K[?25h[?2026l[?2026h[?25l[A[1Gpulling manifest [K
pulling a3de86cd1c13:  40% ▕███████           ▏ 2.1 GB/5.2 GB   10 MB/s   5m10s[K[?25h[?2026l[?2026h[?25l[A[1Gpulling manifest [K
pulling a3de86cd1c13:  40% ▕███████           ▏ 2.1 GB/5.2 GB   10 MB/s   5m10s[K[?25h[?2026l[?2026h[?25l[A[1Gpulling manifest [K
pulling a3de86cd1c13:  40% ▕███████           ▏ 2.1 GB/5.2 GB   10 MB/s   5m10s[K[?25h[?2026l[?2026h[?25l[A[1Gpulling manifest [K
pulling a3de86cd1c13:  40% ▕███████           ▏ 2.1 GB/5.2 GB   10 MB/s   5m10s[K[?25h[?2026l[?2026h[?25l[A[1Gpulling manifest [K
pulling a3de86cd1c13:  40% ▕███████           ▏ 2.1 GB/5.2 GB   10 MB/s   5m10s[K[?25h[?2026l[?2026h[?25l[A[1Gpulling manifest [K
pulling a3de86cd1c13:  40% ▕███████           ▏ 2.1 GB/5.2 GB   10 MB/s   5m11s[K[?25h[?2026l[?2026h[?25l[A[1Gpulling manifest [K
pulling a3de86cd1c13:  40% ▕███████           ▏ 2.1 GB/5.2 GB   10 MB/s   5m11s[K[?25h[?2026l[?2026h[?25l[A[1Gpulling manifest [K
pulling a3de86cd1c13:  40% ▕███████           ▏ 2.1 GB/5.2 GB   10 MB/s   5m11s[K[?25h[?2026l[?2026h[?25l[A[1Gpulling manifest [K
pulling a3de86cd1c13:  40% ▕███████           ▏ 2.1 GB/5.2 GB   10 MB/s   5m11s[K[?25h[?2026l[?2026h[?25l[A[1Gpulling manifest [K
pulling a3de86cd1c13:  40% ▕███████           ▏ 2.1 GB/5.2 GB   10 MB/s   5m11s[K[?25h[?2026l[?2026h[?25l[A[1Gpulling manifest [K
pulling a3de86cd1c13:  40% ▕███████           ▏ 2.1 GB/5.2 GB   10 MB/s   5m11s[K[?25h[?2026l[?2026h[?25l[A[1Gpulling manifest [K
pulling a3de86cd1c13:  40% ▕███████           ▏ 2.1 GB/5.2 GB   10 MB/s   5m10s[K[?25h[?2026l[?2026h[?25l[A[1Gpulling manifest [K
pulling a3de86cd1c13:  40% ▕███████           ▏ 2.1 GB/5.2 GB   10 MB/s   5m10s[K[?25h[?2026l[?2026h[?25l[A[1Gpulling manifest [K
pulling a3de86cd1c13:  40% ▕███████           ▏ 2.1 GB/5.2 GB   10 MB/s   5m10s[K[?25h[?2026l[?2026h[?25l[A[1Gpulling manifest [K
pulling a3de86cd1c13:  40% ▕███████           ▏ 2.1 GB/5.2 GB   10 MB/s   5m10s[K[?25h[?2026l[?2026h[?25l[A[1Gpulling manifest [K
pulling a3de86cd1c13:  40% ▕███████           ▏ 2.1 GB/5.2 GB   10 MB/s   5m10s[K[?25h[?2026l[?2026h[?25l[A[1Gpulling manifest [K
pulling a3de86cd1c13:  40% ▕███████           ▏ 2.1 GB/5.2 GB  9.9 MB/s   5m15s[K[?25h[?2026l[?2026h[?25l[A[1Gpulling manifest [K
pulling a3de86cd1c13:  40% ▕███████           ▏ 2.1 GB/5.2 GB  9.9 MB/s   5m15s[K[?25h[?2026l[?2026h[?25l[A[1Gpulling manifest [K
pulling a3de86cd1c13:  40% ▕███████           ▏ 2.1 GB/5.2 GB  9.9 MB/s   5m15s[K[?25h[?2026l[?2026h[?25l[A[1Gpulling manifest [K
pulling a3de86cd1c13:  40% ▕███████           ▏ 2.1 GB/5.2 GB  9.9 MB/s   5m15s[K[?25h[?2026l[?2026h[?25l[A[1Gpulling manifest [K
pulling a3de86cd1c13:  41% ▕███████           ▏ 2.1 GB/5.2 GB  9.9 MB/s   5m15s[K[?25h[?2026l[?2026h[?25l[A[1Gpulling manifest [K
pulling a3de86cd1c13:  41% ▕███████           ▏ 2.1 GB/5.2 GB  9.9 MB/s   5m15s[K[?25h[?2026l[?2026h[?25l[A[1Gpulling manifest [K
pulling a3de86cd1c13:  41% ▕███████           ▏ 2.1 GB/5.2 GB  9.9 MB/s   5m15s[K[?25h[?2026l[?2026h[?25l[A[1Gpulling manifest [K
pulling a3de86cd1c13:  41% ▕███████           ▏ 2.1 GB/5.2 GB  9.9 MB/s   5m14s[K[?25h[?2026l[?2026h[?25l[A[1Gpulling manifest [K
pulling a3de86cd1c13:  41% ▕███████           ▏ 2.1 GB/5.2 GB  9.9 MB/s   5m14s[K[?25h[?2026l[?2026h[?25l[A[1Gpulling manifest [K
pulling a3de86cd1c13:  41% ▕███████           ▏ 2.1 GB/5.2 GB  9.9 MB/s   5m14s[K[?25h[?2026l[?2026h[?25l[A[1Gpulling manifest [K
pulling a3de86cd1c13:  41% ▕███████           ▏ 2.1 GB/5.2 GB  9.8 MB/s   5m16s[K[?25h[?2026l[?2026h[?25l[A[1Gpulling manifest [K
pulling a3de86cd1c13:  41% ▕███████           ▏ 2.1 GB/5.2 GB  9.8 MB/s   5m16s[K[?25h[?2026l[?2026h[?25l[A[1Gpulling manifest [K
pulling a3de86cd1c13:  41% ▕███████           ▏ 2.1 GB/5.2 GB  9.8 MB/s   5m16s[K[?25h[?2026l[?2026h[?25l[A[1Gpulling manifest [K
pulling a3de86cd1c13:  41% ▕███████           ▏ 2.1 GB/5.2 GB  9.8 MB/s   5m16s[K[?25h[?2026l[?2026h[?25l[A[1Gpulling manifest [K
pulling a3de86cd1c13:  41% ▕███████           ▏ 2.1 GB/5.2 GB  9.8 MB/s   5m16s[K[?25h[?2026l[?2026h[?25l[A[1Gpulling manifest [K
pulling a3de86cd1c13:  41% ▕███████           ▏ 2.1 GB/5.2 GB  9.8 MB/s   5m16s[K[?25h[?2026l[?2026h[?25l[A[1Gpulling manifest [K
pulling a3de86cd1c13:  41% ▕███████           ▏ 2.1 GB/5.2 GB  9.8 MB/s   5m16s[K[?25h[?2026l[?2026h[?25l[A[1Gpulling manifest [K
pulling a3de86cd1c13:  41% ▕███████           ▏ 2.1 GB/5.2 GB  9.8 MB/s   5m16s[K[?25h[?2026l[?2026h[?25l[A[1Gpulling manifest [K
pulling a3de86cd1c13:  41% ▕███████           ▏ 2.1 GB/5.2 GB  9.8 MB/s   5m16s[K[?25h[?2026l[?2026h[?25l[A[1Gpulling manifest [K
pulling a3de86cd1c13:  41% ▕███████           ▏ 2.1 GB/5.2 GB  9.8 MB/s   5m15s[K[?25h[?2026l[?2026h[?25l[A[1Gpulling manifest [K
pulling a3de86cd1c13:  41% ▕███████           ▏ 2.1 GB/5.2 GB  9.7 MB/s   5m20s[K[?25h[?2026l[?2026h[?25l[A[1Gpulling manifest [K
pulling a3de86cd1c13:  41% ▕███████           ▏ 2.1 GB/5.2 GB  9.7 MB/s   5m20s[K[?25h[?2026l[?2026h[?25l[A[1Gpulling manifest [K
pulling a3de86cd1c13:  41% ▕███████           ▏ 2.1 GB/5.2 GB  9.7 MB/s   5m20s[K[?25h[?2026l[?2026h[?25l[A[1Gpulling manifest [K
pulling a3de86cd1c13:  41% ▕███████           ▏ 2.1 GB/5.2 GB  9.7 MB/s   5m20s[K[?25h[?2026l[?2026h[?25l[A[1Gpulling manifest [K
pulling a3de86cd1c13:  41% ▕███████           ▏ 2.1 GB/5.2 GB  9.7 MB/s   5m20s[K[?25h[?2026l[?2026h[?25l[A[1Gpulling manifest [K
pulling a3de86cd1c13:  41% ▕███████           ▏ 2.1 GB/5.2 GB  9.7 MB/s   5m20s[K[?25h[?2026l[?2026h[?25l[A[1Gpulling manifest [K
pulling a3de86cd1c13:  41% ▕███████           ▏ 2.1 GB/5.2 GB  9.7 MB/s   5m20s[K[?25h[?2026l[?2026h[?25l[A[1Gpulling manifest [K
pulling a3de86cd1c13:  41% ▕███████           ▏ 2.1 GB/5.2 GB  9.7 MB/s   5m20s[K[?25h[?2026l[?2026h[?25l[A[1Gpulling manifest [K
pulling a3de86cd1c13:  41% ▕███████           ▏ 2.1 GB/5.2 GB  9.7 MB/s   5m19s[K[?25h[?2026l[?2026h[?25l[A[1Gpulling manifest [K
pulling a3de86cd1c13:  41% ▕███████           ▏ 2.1 GB/5.2 GB  9.7 MB/s   5m19s[K[?25h[?2026l[?2026h[?25l[A[1Gpulling manifest [K
pulling a3de86cd1c13:  41% ▕███████           ▏ 2.1 GB/5.2 GB  9.5 MB/s   5m23s[K[?25h[?2026l[?2026h[?25l[A[1Gpulling manifest [K
pulling a3de86cd1c13:  41% ▕███████           ▏ 2.1 GB/5.2 GB  9.5 MB/s   5m23s[K[?25h[?2026l[?2026h[?25l[A[1Gpulling manifest [K
pulling a3de86cd1c13:  41% ▕███████           ▏ 2.1 GB/5.2 GB  9.5 MB/s   5m23s[K[?25h[?2026l[?2026h[?25l[A[1Gpulling manifest [K
pulling a3de86cd1c13:  41% ▕███████           ▏ 2.1 GB/5.2 GB  9.5 MB/s   5m23s[K[?25h[?2026l[?2026h[?25l[A[1Gpulling manifest [K
pulling a3de86cd1c13:  41% ▕███████           ▏ 2.1 GB/5.2 GB  9.5 MB/s   5m22s[K[?25h[?2026l[?2026h[?25l[A[1Gpulling manifest [K
pulling a3de86cd1c13:  41% ▕███████           ▏ 2.1 GB/5.2 GB  9.5 MB/s   5m22s[K[?25h[?2026l[?2026h[?25l[A[1Gpulling manifest [K
pulling a3de86cd1c13:  41% ▕███████           ▏ 2.1 GB/5.2 GB  9.5 MB/s   5m22s[K[?25h[?2026l[?2026h[?25l[A[1Gpulling manifest [K
pulling a3de86cd1c13:  41% ▕███████           ▏ 2.1 GB/5.2 GB  9.5 MB/s   5m22s[K[?25h[?2026l[?2026h[?25l[A[1Gpulling manifest [K
pulling a3de86cd1c13:  41% ▕███████           ▏ 2.1 GB/5.2 GB  9.5 MB/s   5m22s[K[?25h[?2026l[?2026h[?25l[A[1Gpulling manifest [K
pulling a3de86cd1c13:  41% ▕███████           ▏ 2.1 GB/5.2 GB  9.5 MB/s   5m22s[K[?25h[?2026l[?2026h[?25l[A[1Gpulling manifest [K
pulling a3de86cd1c13:  41% ▕███████           ▏ 2.1 GB/5.2 GB  9.4 MB/s   5m26s[K[?25h[?2026l[?2026h[?25l[A[1Gpulling manifest [K
pulling a3de86cd1c13:  41% ▕███████           ▏ 2.1 GB/5.2 GB  9.4 MB/s   5m26s[K[?25h[?2026l[?2026h[?25l[A[1Gpulling manifest [K
pulling a3de86cd1c13:  41% ▕███████           ▏ 2.2 GB/5.2 GB  9.4 MB/s   5m26s[K[?25h[?2026l[?2026h[?25l[A[1Gpulling manifest [K
pulling a3de86cd1c13:  41% ▕███████           ▏ 2.2 GB/5.2 GB  9.4 MB/s   5m26s[K[?25h[?2026l[?2026h[?25l[A[1Gpulling manifest [K
pulling a3de86cd1c13:  41% ▕███████           ▏ 2.2 GB/5.2 GB  9.4 MB/s   5m25s[K[?25h[?2026l[?2026h[?25l[A[1Gpulling manifest [K
pulling a3de86cd1c13:  41% ▕███████           ▏ 2.2 GB/5.2 GB  9.4 MB/s   5m25s[K[?25h[?2026l[?2026h[?25l[A[1Gpulling manifest [K
pulling a3de86cd1c13:  41% ▕███████           ▏ 2.2 GB/5.2 GB  9.4 MB/s   5m25s[K[?25h[?2026l[?2026h[?25l[A[1Gpulling manifest [K
pulling a3de86cd1c13:  41% ▕███████           ▏ 2.2 GB/5.2 GB  9.4 MB/s   5m25s[K[?25h[?2026l[?2026h[?25l[A[1Gpulling manifest [K
pulling a3de86cd1c13:  41% ▕███████           ▏ 2.2 GB/5.2 GB  9.4 MB/s   5m25s[K[?25h[?2026l[?2026h[?25l[A[1Gpulling manifest [K
pulling a3de86cd1c13:  41% ▕███████           ▏ 2.2 GB/5.2 GB  9.4 MB/s   5m25s[K[?25h[?2026l[?2026h[?25l[A[1Gpulling manifest [K
pulling a3de86cd1c13:  41% ▕███████           ▏ 2.2 GB/5.2 GB  9.4 MB/s   5m25s[K[?25h[?2026l[?2026h[?25l[A[1Gpulling manifest [K
pulling a3de86cd1c13:  41% ▕███████           ▏ 2.2 GB/5.2 GB  9.3 MB/s   5m30s[K[?25h[?2026l[?2026h[?25l[A[1Gpulling manifest [K
pulling a3de86cd1c13:  41% ▕███████           ▏ 2.2 GB/5.2 GB  9.3 MB/s   5m30s[K[?25h[?2026l[?2026h[?25l[A[1Gpulling manifest [K
pulling a3de86cd1c13:  41% ▕███████           ▏ 2.2 GB/5.2 GB  9.3 MB/s   5m30s[K[?25h[?2026l[?2026h[?25l[A[1Gpulling manifest [K
pulling a3de86cd1c13:  41% ▕███████           ▏ 2.2 GB/5.2 GB  9.3 MB/s   5m30s[K[?25h[?2026l[?2026h[?25l[A[1Gpulling manifest [K
pulling a3de86cd1c13:  41% ▕███████           ▏ 2.2 GB/5.2 GB  9.3 MB/s   5m30s[K[?25h[?2026l[?2026h[?25l[A[1Gpulling manifest [K
pulling a3de86cd1c13:  41% ▕███████           ▏ 2.2 GB/5.2 GB  9.3 MB/s   5m30s[K[?25h[?2026l[?2026h[?25l[A[1Gpulling manifest [K
pulling a3de86cd1c13:  41% ▕███████           ▏ 2.2 GB/5.2 GB  9.3 MB/s   5m30s[K[?25h[?2026l[?2026h[?25l[A[1Gpulling manifest [K
pulling a3de86cd1c13:  41% ▕███████           ▏ 2.2 GB/5.2 GB  9.3 MB/s   5m30s[K[?25h[?2026l[?2026h[?25l[A[1Gpulling manifest [K
pulling a3de86cd1c13:  41% ▕███████           ▏ 2.2 GB/5.2 GB  9.3 MB/s   5m30s[K[?25h[?2026l[?2026h[?25l[A[1Gpulling manifest [K
pulling a3de86cd1c13:  41% ▕███████           ▏ 2.2 GB/5.2 GB  9.3 MB/s   5m29s[K[?25h[?2026l[?2026h[?25l[A[1Gpulling manifest [K
pulling a3de86cd1c13:  42% ▕███████           ▏ 2.2 GB/5.2 GB  9.2 MB/s   5m32s[K[?25h[?2026l[?2026h[?25l[A[1Gpulling manifest [K
pulling a3de86cd1c13:  42% ▕███████           ▏ 2.2 GB/5.2 GB  9.2 MB/s   5m32s[K[?25h[?2026l[?2026h[?25l[A[1Gpulling manifest [K
pulling a3de86cd1c13:  42% ▕███████           ▏ 2.2 GB/5.2 GB  9.2 MB/s   5m32s[K[?25h[?2026l[?2026h[?25l[A[1Gpulling manifest [K
pulling a3de86cd1c13:  42% ▕███████           ▏ 2.2 GB/5.2 GB  9.2 MB/s   5m32s[K[?25h[?2026l[?2026h[?25l[A[1Gpulling manifest [K
pulling a3de86cd1c13:  42% ▕███████           ▏ 2.2 GB/5.2 GB  9.2 MB/s   5m32s[K[?25h[?2026l[?2026h[?25l[A[1Gpulling manifest [K
pulling a3de86cd1c13:  42% ▕███████           ▏ 2.2 GB/5.2 GB  9.2 MB/s   5m31s[K[?25h[?2026l[?2026h[?25l[A[1Gpulling manifest [K
pulling a3de86cd1c13:  42% ▕███████           ▏ 2.2 GB/5.2 GB  9.2 MB/s   5m31s[K[?25h[?2026l[?2026h[?25l[A[1Gpulling manifest [K
pulling a3de86cd1c13:  42% ▕███████           ▏ 2.2 GB/5.2 GB  9.2 MB/s   5m31s[K[?25h[?2026l[?2026h[?25l[A[1Gpulling manifest [K
pulling a3de86cd1c13:  42% ▕███████           ▏ 2.2 GB/5.2 GB  9.2 MB/s   5m31s[K[?25h[?2026l[?2026h[?25l[A[1Gpulling manifest [K
pulling a3de86cd1c13:  42% ▕███████           ▏ 2.2 GB/5.2 GB  9.2 MB/s   5m31s[K[?25h[?2026l[?2026h[?25l[A[1Gpulling manifest [K
pulling a3de86cd1c13:  42% ▕███████           ▏ 2.2 GB/5.2 GB  9.2 MB/s   5m30s[K[?25h[?2026l[?2026h[?25l[A[1Gpulling manifest [K
pulling a3de86cd1c13:  42% ▕███████           ▏ 2.2 GB/5.2 GB  9.2 MB/s   5m30s[K[?25h[?2026l[?2026h[?25l[A[1Gpulling manifest [K
pulling a3de86cd1c13:  42% ▕███████           ▏ 2.2 GB/5.2 GB  9.2 MB/s   5m30s[K[?25h[?2026l[?2026h[?25l[A[1Gpulling manifest [K
pulling a3de86cd1c13:  42% ▕███████           ▏ 2.2 GB/5.2 GB  9.2 MB/s   5m29s[K[?25h[?2026l[?2026h[?25l[A[1Gpulling manifest [K
pulling a3de86cd1c13:  42% ▕███████           ▏ 2.2 GB/5.2 GB  9.2 MB/s   5m29s[K[?25h[?2026l[?2026h[?25l[A[1Gpulling manifest [K
pulling a3de86cd1c13:  42% ▕███████           ▏ 2.2 GB/5.2 GB  9.2 MB/s   5m29s[K[?25h[?2026l[?2026h[?25l[A[1Gpulling manifest [K
pulling a3de86cd1c13:  42% ▕███████           ▏ 2.2 GB/5.2 GB  9.2 MB/s   5m29s[K[?25h[?2026l[?2026h[?25l[A[1Gpulling manifest [K
pulling a3de86cd1c13:  42% ▕███████           ▏ 2.2 GB/5.2 GB  9.2 MB/s   5m29s[K[?25h[?2026l[?2026h[?25l[A[1Gpulling manifest [K
pulling a3de86cd1c13:  42% ▕███████           ▏ 2.2 GB/5.2 GB  9.2 MB/s   5m29s[K[?25h[?2026l[?2026h[?25l[A[1Gpulling manifest [K
pulling a3de86cd1c13:  42% ▕███████           ▏ 2.2 GB/5.2 GB  9.2 MB/s   5m29s[K[?25h[?2026l[?2026h[?25l[A[1Gpulling manifest [K
pulling a3de86cd1c13:  42% ▕███████           ▏ 2.2 GB/5.2 GB  9.3 MB/s   5m26s[K[?25h[?2026l[?2026h[?25l[A[1Gpulling manifest [K
pulling a3de86cd1c13:  42% ▕███████           ▏ 2.2 GB/5.2 GB  9.3 MB/s   5m26s[K[?25h[?2026l[?2026h[?25l[A[1Gpulling manifest [K
pulling a3de86cd1c13:  42% ▕███████           ▏ 2.2 GB/5.2 GB  9.3 MB/s   5m26s[K[?25h[?2026l[?2026h[?25l[A[1Gpulling manifest [K
pulling a3de86cd1c13:  42% ▕███████           ▏ 2.2 GB/5.2 GB  9.3 MB/s   5m25s[K[?25h[?2026l[?2026h[?25l[A[1Gpulling manifest [K
pulling a3de86cd1c13:  42% ▕███████           ▏ 2.2 GB/5.2 GB  9.3 MB/s   5m25s[K[?25h[?2026l[?2026h[?25l[A[1Gpulling manifest [K
pulling a3de86cd1c13:  42% ▕███████           ▏ 2.2 GB/5.2 GB  9.3 MB/s   5m25s[K[?25h[?2026l[?2026h[?25l[A[1Gpulling manifest [K
pulling a3de86cd1c13:  42% ▕███████           ▏ 2.2 GB/5.2 GB  9.3 MB/s   5m25s[K[?25h[?2026l[?2026h[?25l[A[1Gpulling manifest [K
pulling a3de86cd1c13:  42% ▕███████           ▏ 2.2 GB/5.2 GB  9.3 MB/s   5m25s[K[?25h[?2026l[?2026h[?25l[A[1Gpulling manifest [K
pulling a3de86cd1c13:  42% ▕███████           ▏ 2.2 GB/5.2 GB  9.3 MB/s   5m25s[K[?25h[?2026l[?2026h[?25l[A[1Gpulling manifest [K
pulling a3de86cd1c13:  42% ▕███████           ▏ 2.2 GB/5.2 GB  9.3 MB/s   5m25s[K[?25h[?2026l[?2026h[?25l[A[1Gpulling manifest [K
pulling a3de86cd1c13:  42% ▕███████           ▏ 2.2 GB/5.2 GB  9.4 MB/s   5m23s[K[?25h[?2026l[?2026h[?25l[A[1Gpulling manifest [K
pulling a3de86cd1c13:  42% ▕███████           ▏ 2.2 GB/5.2 GB  9.4 MB/s   5m23s[K[?25h[?2026l[?2026h[?25l[A[1Gpulling manifest [K
pulling a3de86cd1c13:  42% ▕███████           ▏ 2.2 GB/5.2 GB  9.4 MB/s   5m23s[K[?25h[?2026l[?2026h[?25l[A[1Gpulling manifest [K
pulling a3de86cd1c13:  42% ▕███████           ▏ 2.2 GB/5.2 GB  9.4 MB/s   5m22s[K[?25h[?2026l[?2026h[?25l[A[1Gpulling manifest [K
pulling a3de86cd1c13:  42% ▕███████           ▏ 2.2 GB/5.2 GB  9.4 MB/s   5m22s[K[?25h[?2026l[?2026h[?25l[A[1Gpulling manifest [K
pulling a3de86cd1c13:  42% ▕███████           ▏ 2.2 GB/5.2 GB  9.4 MB/s   5m22s[K[?25h[?2026l[?2026h[?25l[A[1Gpulling manifest [K
pulling a3de86cd1c13:  42% ▕███████           ▏ 2.2 GB/5.2 GB  9.4 MB/s   5m22s[K[?25h[?2026l[?2026h[?25l[A[1Gpulling manifest [K
pulling a3de86cd1c13:  42% ▕███████           ▏ 2.2 GB/5.2 GB  9.4 MB/s   5m22s[K[?25h[?2026l[?2026h[?25l[A[1Gpulling manifest [K
pulling a3de86cd1c13:  42% ▕███████           ▏ 2.2 GB/5.2 GB  9.4 MB/s   5m22s[K[?25h[?2026l[?2026h[?25l[A[1Gpulling manifest [K
pulling a3de86cd1c13:  42% ▕███████           ▏ 2.2 GB/5.2 GB  9.4 MB/s   5m22s[K[?25h[?2026l[?2026h[?25l[A[1Gpulling manifest [K
pulling a3de86cd1c13:  42% ▕███████           ▏ 2.2 GB/5.2 GB  9.4 MB/s   5m22s[K[?25h[?2026l[?2026h[?25l[A[1Gpulling manifest [K
pulling a3de86cd1c13:  42% ▕███████           ▏ 2.2 GB/5.2 GB  9.5 MB/s   5m18s[K[?25h[?2026l[?2026h[?25l[A[1Gpulling manifest [K
pulling a3de86cd1c13:  42% ▕███████           ▏ 2.2 GB/5.2 GB  9.5 MB/s   5m17s[K[?25h[?2026l[?2026h[?25l[A[1Gpulling manifest [K
pulling a3de86cd1c13:  42% ▕███████           ▏ 2.2 GB/5.2 GB  9.5 MB/s   5m17s[K[?25h[?2026l[?2026h[?25l[A[1Gpulling manifest [K
pulling a3de86cd1c13:  42% ▕███████           ▏ 2.2 GB/5.2 GB  9.5 MB/s   5m17s[K[?25h[?2026l[?2026h[?25l[A[1Gpulling manifest [K
pulling a3de86cd1c13:  42% ▕███████           ▏ 2.2 GB/5.2 GB  9.5 MB/s   5m17s[K[?25h[?2026l[?2026h[?25l[A[1Gpulling manifest [K
pulling a3de86cd1c13:  42% ▕███████           ▏ 2.2 GB/5.2 GB  9.5 MB/s   5m17s[K[?25h[?2026l[?2026h[?25l[A[1Gpulling manifest [K
pulling a3de86cd1c13:  42% ▕███████           ▏ 2.2 GB/5.2 GB  9.5 MB/s   5m17s[K[?25h[?2026l[?2026h[?25l[A[1Gpulling manifest [K
pulling a3de86cd1c13:  42% ▕███████           ▏ 2.2 GB/5.2 GB  9.5 MB/s   5m17s[K[?25h[?2026l[?2026h[?25l[A[1Gpulling manifest [K
pulling a3de86cd1c13:  42% ▕███████           ▏ 2.2 GB/5.2 GB  9.5 MB/s   5m17s[K[?25h[?2026l[?2026h[?25l[A[1Gpulling manifest [K
pulling a3de86cd1c13:  42% ▕███████           ▏ 2.2 GB/5.2 GB  9.5 MB/s   5m17s[K[?25h[?2026l[?2026h[?25l[A[1Gpulling manifest [K
pulling a3de86cd1c13:  42% ▕███████           ▏ 2.2 GB/5.2 GB  9.6 MB/s   5m12s[K[?25h[?2026l[?2026h[?25l[A[1Gpulling manifest [K
pulling a3de86cd1c13:  42% ▕███████           ▏ 2.2 GB/5.2 GB  9.6 MB/s   5m12s[K[?25h[?2026l[?2026h[?25l[A[1Gpulling manifest [K
pulling a3de86cd1c13:  42% ▕███████           ▏ 2.2 GB/5.2 GB  9.6 MB/s   5m12s[K[?25h[?2026l[?2026h[?25l[A[1Gpulling manifest [K
pulling a3de86cd1c13:  43% ▕███████           ▏ 2.2 GB/5.2 GB  9.6 MB/s   5m12s[K[?25h[?2026l[?2026h[?25l[A[1Gpulling manifest [K
pulling a3de86cd1c13:  43% ▕███████           ▏ 2.2 GB/5.2 GB  9.6 MB/s   5m12s[K[?25h[?2026l[?2026h[?25l[A[1Gpulling manifest [K
pulling a3de86cd1c13:  43% ▕███████           ▏ 2.2 GB/5.2 GB  9.6 MB/s   5m12s[K[?25h[?2026l[?2026h[?25l[A[1Gpulling manifest [K
pulling a3de86cd1c13:  43% ▕███████           ▏ 2.2 GB/5.2 GB  9.6 MB/s   5m12s[K[?25h[?2026l[?2026h[?25l[A[1Gpulling manifest [K
pulling a3de86cd1c13:  43% ▕███████           ▏ 2.2 GB/5.2 GB  9.6 MB/s   5m12s[K[?25h[?2026l[?2026h[?25l[A[1Gpulling manifest [K
pulling a3de86cd1c13:  43% ▕███████           ▏ 2.2 GB/5.2 GB  9.6 MB/s   5m12s[K[?25h[?2026l[?2026h[?25l[A[1Gpulling manifest [K
pulling a3de86cd1c13:  43% ▕███████           ▏ 2.2 GB/5.2 GB  9.6 MB/s   5m11s[K[?25h[?2026l[?2026h[?25l[A[1Gpulling manifest [K
pulling a3de86cd1c13:  43% ▕███████           ▏ 2.2 GB/5.2 GB  9.7 MB/s    5m8s[K[?25h[?2026l[?2026h[?25l[A[1Gpulling manifest [K
pulling a3de86cd1c13:  43% ▕███████           ▏ 2.2 GB/5.2 GB  9.7 MB/s    5m8s[K[?25h[?2026l[?2026h[?25l[A[1Gpulling manifest [K
pulling a3de86cd1c13:  43% ▕███████           ▏ 2.2 GB/5.2 GB  9.7 MB/s    5m7s[K[?25h[?2026l[?2026h[?25l[A[1Gpulling manifest [K
pulling a3de86cd1c13:  43% ▕███████           ▏ 2.2 GB/5.2 GB  9.7 MB/s    5m7s[K[?25h[?2026l[?2026h[?25l[A[1Gpulling manifest [K
pulling a3de86cd1c13:  43% ▕███████           ▏ 2.2 GB/5.2 GB  9.7 MB/s    5m7s[K[?25h[?2026l[?2026h[?25l[A[1Gpulling manifest [K
pulling a3de86cd1c13:  43% ▕███████           ▏ 2.2 GB/5.2 GB  9.7 MB/s    5m7s[K[?25h[?2026l[?2026h[?25l[A[1Gpulling manifest [K
pulling a3de86cd1c13:  43% ▕███████           ▏ 2.2 GB/5.2 GB  9.7 MB/s    5m7s[K[?25h[?2026l[?2026h[?25l[A[1Gpulling manifest [K
pulling a3de86cd1c13:  43% ▕███████           ▏ 2.2 GB/5.2 GB  9.7 MB/s    5m7s[K[?25h[?2026l[?2026h[?25l[A[1Gpulling manifest [K
pulling a3de86cd1c13:  43% ▕███████           ▏ 2.2 GB/5.2 GB  9.7 MB/s    5m7s[K[?25h[?2026l[?2026h[?25l[A[1Gpulling manifest [K
pulling a3de86cd1c13:  43% ▕███████           ▏ 2.2 GB/5.2 GB  9.7 MB/s    5m7s[K[?25h[?2026l[?2026h[?25l[A[1Gpulling manifest [K
pulling a3de86cd1c13:  43% ▕███████           ▏ 2.2 GB/5.2 GB  9.8 MB/s    5m3s[K[?25h[?2026l[?2026h[?25l[A[1Gpulling manifest [K
pulling a3de86cd1c13:  43% ▕███████           ▏ 2.2 GB/5.2 GB  9.8 MB/s    5m3s[K[?25h[?2026l[?2026h[?25l[A[1Gpulling manifest [K
pulling a3de86cd1c13:  43% ▕███████           ▏ 2.2 GB/5.2 GB  9.8 MB/s    5m3s[K[?25h[?2026l[?2026h[?25l[A[1Gpulling manifest [K
pulling a3de86cd1c13:  43% ▕███████           ▏ 2.2 GB/5.2 GB  9.8 MB/s    5m3s[K[?25h[?2026l[?2026h[?25l[A[1Gpulling manifest [K
pulling a3de86cd1c13:  43% ▕███████           ▏ 2.2 GB/5.2 GB  9.8 MB/s    5m3s[K[?25h[?2026l[?2026h[?25l[A[1Gpulling manifest [K
pulling a3de86cd1c13:  43% ▕███████           ▏ 2.2 GB/5.2 GB  9.8 MB/s    5m3s[K[?25h[?2026l[?2026h[?25l[A[1Gpulling manifest [K
pulling a3de86cd1c13:  43% ▕███████           ▏ 2.2 GB/5.2 GB  9.8 MB/s    5m3s[K[?25h[?2026l[?2026h[?25l[A[1Gpulling manifest [K
pulling a3de86cd1c13:  43% ▕███████           ▏ 2.2 GB/5.2 GB  9.8 MB/s    5m2s[K[?25h[?2026l[?2026h[?25l[A[1Gpulling manifest [K
pulling a3de86cd1c13:  43% ▕███████           ▏ 2.2 GB/5.2 GB  9.8 MB/s    5m2s[K[?25h[?2026l[?2026h[?25l[A[1Gpulling manifest [K
pulling a3de86cd1c13:  43% ▕███████           ▏ 2.2 GB/5.2 GB  9.8 MB/s    5m2s[K[?25h[?2026l[?2026h[?25l[A[1Gpulling manifest [K
pulling a3de86cd1c13:  43% ▕███████           ▏ 2.2 GB/5.2 GB  9.8 MB/s    5m3s[K[?25h[?2026l[?2026h[?25l[A[1Gpulling manifest [K
pulling a3de86cd1c13:  43% ▕███████           ▏ 2.2 GB/5.2 GB  9.8 MB/s    5m3s[K[?25h[?2026l[?2026h[?25l[A[1Gpulling manifest [K
pulling a3de86cd1c13:  43% ▕███████           ▏ 2.2 GB/5.2 GB  9.8 MB/s    5m3s[K[?25h[?2026l[?2026h[?25l[A[1Gpulling manifest [K
pulling a3de86cd1c13:  43% ▕███████           ▏ 2.2 GB/5.2 GB  9.8 MB/s    5m3s[K[?25h[?2026l[?2026h[?25l[A[1Gpulling manifest [K
pulling a3de86cd1c13:  43% ▕███████           ▏ 2.3 GB/5.2 GB  9.8 MB/s    5m3s[K[?25h[?2026l[?2026h[?25l[A[1Gpulling manifest [K
pulling a3de86cd1c13:  43% ▕███████           ▏ 2.3 GB/5.2 GB  9.8 MB/s    5m3s[K[?25h[?2026l[?2026h[?25l[A[1Gpulling manifest [K
pulling a3de86cd1c13:  43% ▕███████           ▏ 2.3 GB/5.2 GB  9.8 MB/s    5m3s[K[?25h[?2026l[?2026h[?25l[A[1Gpulling manifest [K
pulling a3de86cd1c13:  43% ▕███████           ▏ 2.3 GB/5.2 GB  9.8 MB/s    5m3s[K[?25h[?2026l[?2026h[?25l[A[1Gpulling manifest [K
pulling a3de86cd1c13:  43% ▕███████           ▏ 2.3 GB/5.2 GB  9.8 MB/s    5m2s[K[?25h[?2026l[?2026h[?25l[A[1Gpulling manifest [K
pulling a3de86cd1c13:  43% ▕███████           ▏ 2.3 GB/5.2 GB  9.8 MB/s    5m2s[K[?25h[?2026l[?2026h[?25l[A[1Gpulling manifest [K
pulling a3de86cd1c13:  43% ▕███████           ▏ 2.3 GB/5.2 GB  9.8 MB/s    5m2s[K[?25h[?2026l[?2026h[?25l[A[1Gpulling manifest [K
pulling a3de86cd1c13:  43% ▕███████           ▏ 2.3 GB/5.2 GB  9.8 MB/s    5m1s[K[?25h[?2026l[?2026h[?25l[A[1Gpulling manifest [K
pulling a3de86cd1c13:  43% ▕███████           ▏ 2.3 GB/5.2 GB  9.8 MB/s    5m1s[K[?25h[?2026l[?2026h[?25l[A[1Gpulling manifest [K
pulling a3de86cd1c13:  43% ▕███████           ▏ 2.3 GB/5.2 GB  9.8 MB/s    5m1s[K[?25h[?2026l[?2026h[?25l[A[1Gpulling manifest [K
pulling a3de86cd1c13:  43% ▕███████           ▏ 2.3 GB/5.2 GB  9.8 MB/s    5m1s[K[?25h[?2026l[?2026h[?25l[A[1Gpulling manifest [K
pulling a3de86cd1c13:  43% ▕███████           ▏ 2.3 GB/5.2 GB  9.8 MB/s    5m1s[K[?25h[?2026l[?2026h[?25l[A[1Gpulling manifest [K
pulling a3de86cd1c13:  43% ▕███████           ▏ 2.3 GB/5.2 GB  9.8 MB/s    5m1s[K[?25h[?2026l[?2026h[?25l[A[1Gpulling manifest [K
pulling a3de86cd1c13:  43% ▕███████           ▏ 2.3 GB/5.2 GB  9.8 MB/s    5m1s[K[?25h[?2026l[?2026h[?25l[A[1Gpulling manifest [K
pulling a3de86cd1c13:  43% ▕███████           ▏ 2.3 GB/5.2 GB  9.8 MB/s    5m0s[K[?25h[?2026l[?2026h[?25l[A[1Gpulling manifest [K
pulling a3de86cd1c13:  43% ▕███████           ▏ 2.3 GB/5.2 GB  9.8 MB/s    5m0s[K[?25h[?2026l[?2026h[?25l[A[1Gpulling manifest [K
pulling a3de86cd1c13:  43% ▕███████           ▏ 2.3 GB/5.2 GB  9.8 MB/s    5m0s[K[?25h[?2026l[?2026h[?25l[A[1Gpulling manifest [K
pulling a3de86cd1c13:  43% ▕███████           ▏ 2.3 GB/5.2 GB  9.8 MB/s    5m2s[K[?25h[?2026l[?2026h[?25l[A[1Gpulling manifest [K
pulling a3de86cd1c13:  43% ▕███████           ▏ 2.3 GB/5.2 GB  9.8 MB/s    5m2s[K[?25h[?2026l[?2026h[?25l[A[1Gpulling manifest [K
pulling a3de86cd1c13:  43% ▕███████           ▏ 2.3 GB/5.2 GB  9.8 MB/s    5m2s[K[?25h[?2026l[?2026h[?25l[A[1Gpulling manifest [K
pulling a3de86cd1c13:  43% ▕███████           ▏ 2.3 GB/5.2 GB  9.8 MB/s    5m2s[K[?25h[?2026l[?2026h[?25l[A[1Gpulling manifest [K
pulling a3de86cd1c13:  43% ▕███████           ▏ 2.3 GB/5.2 GB  9.8 MB/s    5m2s[K[?25h[?2026l[?2026h[?25l[A[1Gpulling manifest [K
pulling a3de86cd1c13:  43% ▕███████           ▏ 2.3 GB/5.2 GB  9.8 MB/s    5m1s[K[?25h[?2026l[?2026h[?25l[A[1Gpulling manifest [K
pulling a3de86cd1c13:  43% ▕███████           ▏ 2.3 GB/5.2 GB  9.8 MB/s    5m1s[K[?25h[?2026l[?2026h[?25l[A[1Gpulling manifest [K
pulling a3de86cd1c13:  44% ▕███████           ▏ 2.3 GB/5.2 GB  9.8 MB/s    5m1s[K[?25h[?2026l[?2026h[?25l[A[1Gpulling manifest [K
pulling a3de86cd1c13:  44% ▕███████           ▏ 2.3 GB/5.2 GB  9.8 MB/s    5m1s[K[?25h[?2026l[?2026h[?25l[A[1Gpulling manifest [K
pulling a3de86cd1c13:  44% ▕███████           ▏ 2.3 GB/5.2 GB  9.8 MB/s    5m1s[K[?25h[?2026l[?2026h[?25l[A[1Gpulling manifest [K
pulling a3de86cd1c13:  44% ▕███████           ▏ 2.3 GB/5.2 GB  9.8 MB/s    5m0s[K[?25h[?2026l[?2026h[?25l[A[1Gpulling manifest [K
pulling a3de86cd1c13:  44% ▕███████           ▏ 2.3 GB/5.2 GB  9.8 MB/s   4m59s[K[?25h[?2026l[?2026h[?25l[A[1Gpulling manifest [K
pulling a3de86cd1c13:  44% ▕███████           ▏ 2.3 GB/5.2 GB  9.8 MB/s   4m59s[K[?25h[?2026l[?2026h[?25l[A[1Gpulling manifest [K
pulling a3de86cd1c13:  44% ▕███████           ▏ 2.3 GB/5.2 GB  9.8 MB/s   4m59s[K[?25h[?2026l[?2026h[?25l[A[1Gpulling manifest [K
pulling a3de86cd1c13:  44% ▕███████           ▏ 2.3 GB/5.2 GB  9.8 MB/s   4m59s[K[?25h[?2026l[?2026h[?25l[A[1Gpulling manifest [K
pulling a3de86cd1c13:  44% ▕███████           ▏ 2.3 GB/5.2 GB  9.8 MB/s   4m59s[K[?25h[?2026l[?2026h[?25l[A[1Gpulling manifest [K
pulling a3de86cd1c13:  44% ▕███████           ▏ 2.3 GB/5.2 GB  9.8 MB/s   4m59s[K[?25h[?2026l[?2026h[?25l[A[1Gpulling manifest [K
pulling a3de86cd1c13:  44% ▕███████           ▏ 2.3 GB/5.2 GB  9.8 MB/s   4m59s[K[?25h[?2026l[?2026h[?25l[A[1Gpulling manifest [K
pulling a3de86cd1c13:  44% ▕███████           ▏ 2.3 GB/5.2 GB  9.8 MB/s   4m59s[K[?25h[?2026l[?2026h[?25l[A[1Gpulling manifest [K
pulling a3de86cd1c13:  44% ▕███████           ▏ 2.3 GB/5.2 GB  9.8 MB/s   4m59s[K[?25h[?2026l[?2026h[?25l[A[1Gpulling manifest [K
pulling a3de86cd1c13:  44% ▕███████           ▏ 2.3 GB/5.2 GB  9.9 MB/s   4m56s[K[?25h[?2026l[?2026h[?25l[A[1Gpulling manifest [K
pulling a3de86cd1c13:  44% ▕███████           ▏ 2.3 GB/5.2 GB  9.9 MB/s   4m56s[K[?25h[?2026l[?2026h[?25l[A[1Gpulling manifest [K
pulling a3de86cd1c13:  44% ▕███████           ▏ 2.3 GB/5.2 GB  9.9 MB/s   4m56s[K[?25h[?2026l[?2026h[?25l[A[1Gpulling manifest [K
pulling a3de86cd1c13:  44% ▕███████           ▏ 2.3 GB/5.2 GB  9.9 MB/s   4m56s[K[?25h[?2026l[?2026h[?25l[A[1Gpulling manifest [K
pulling a3de86cd1c13:  44% ▕███████           ▏ 2.3 GB/5.2 GB  9.9 MB/s   4m56s[K[?25h[?2026l[?2026h[?25l[A[1Gpulling manifest [K
pulling a3de86cd1c13:  44% ▕███████           ▏ 2.3 GB/5.2 GB  9.9 MB/s   4m56s[K[?25h[?2026l[?2026h[?25l[A[1Gpulling manifest [K
pulling a3de86cd1c13:  44% ▕███████           ▏ 2.3 GB/5.2 GB  9.9 MB/s   4m55s[K[?25h[?2026l[?2026h[?25l[A[1Gpulling manifest [K
pulling a3de86cd1c13:  44% ▕███████           ▏ 2.3 GB/5.2 GB  9.9 MB/s   4m55s[K[?25h[?2026l[?2026h[?25l[A[1Gpulling manifest [K
pulling a3de86cd1c13:  44% ▕███████           ▏ 2.3 GB/5.2 GB  9.9 MB/s   4m55s[K[?25h[?2026l[?2026h[?25l[A[1Gpulling manifest [K
pulling a3de86cd1c13:  44% ▕███████           ▏ 2.3 GB/5.2 GB  9.9 MB/s   4m55s[K[?25h[?2026l[?2026h[?25l[A[1Gpulling manifest [K
pulling a3de86cd1c13:  44% ▕███████           ▏ 2.3 GB/5.2 GB  9.8 MB/s   4m59s[K[?25h[?2026l[?2026h[?25l[A[1Gpulling manifest [K
pulling a3de86cd1c13:  44% ▕███████           ▏ 2.3 GB/5.2 GB  9.8 MB/s   4m59s[K[?25h[?2026l[?2026h[?25l[A[1Gpulling manifest [K
pulling a3de86cd1c13:  44% ▕███████           ▏ 2.3 GB/5.2 GB  9.8 MB/s   4m59s[K[?25h[?2026l[?2026h[?25l[A[1Gpulling manifest [K
pulling a3de86cd1c13:  44% ▕███████           ▏ 2.3 GB/5.2 GB  9.8 MB/s   4m59s[K[?25h[?2026l[?2026h[?25l[A[1Gpulling manifest [K
pulling a3de86cd1c13:  44% ▕███████           ▏ 2.3 GB/5.2 GB  9.8 MB/s   4m59s[K[?25h[?2026l[?2026h[?25l[A[1Gpulling manifest [K
pulling a3de86cd1c13:  44% ▕███████           ▏ 2.3 GB/5.2 GB  9.8 MB/s   4m58s[K[?25h[?2026l[?2026h[?25l[A[1Gpulling manifest [K
pulling a3de86cd1c13:  44% ▕███████           ▏ 2.3 GB/5.2 GB  9.8 MB/s   4m58s[K[?25h[?2026l[?2026h[?25l[A[1Gpulling manifest [K
pulling a3de86cd1c13:  44% ▕███████           ▏ 2.3 GB/5.2 GB  9.8 MB/s   4m58s[K[?25h[?2026l[?2026h[?25l[A[1Gpulling manifest [K
pulling a3de86cd1c13:  44% ▕███████           ▏ 2.3 GB/5.2 GB  9.8 MB/s   4m58s[K[?25h[?2026l[?2026h[?25l[A[1Gpulling manifest [K
pulling a3de86cd1c13:  44% ▕███████           ▏ 2.3 GB/5.2 GB  9.8 MB/s   4m58s[K[?25h[?2026l[?2026h[?25l[A[1Gpulling manifest [K
pulling a3de86cd1c13:  44% ▕███████           ▏ 2.3 GB/5.2 GB  9.8 MB/s   4m58s[K[?25h[?2026l[?2026h[?25l[A[1Gpulling manifest [K
pulling a3de86cd1c13:  44% ▕███████           ▏ 2.3 GB/5.2 GB  9.8 MB/s   4m57s[K[?25h[?2026l[?2026h[?25l[A[1Gpulling manifest [K
pulling a3de86cd1c13:  44% ▕███████           ▏ 2.3 GB/5.2 GB  9.8 MB/s   4m57s[K[?25h[?2026l[?2026h[?25l[A[1Gpulling manifest [K
pulling a3de86cd1c13:  44% ▕███████           ▏ 2.3 GB/5.2 GB  9.8 MB/s   4m57s[K[?25h[?2026l[?2026h[?25l[A[1Gpulling manifest [K
pulling a3de86cd1c13:  44% ▕███████           ▏ 2.3 GB/5.2 GB  9.8 MB/s   4m57s[K[?25h[?2026l[?2026h[?25l[A[1Gpulling manifest [K
pulling a3de86cd1c13:  44% ▕███████           ▏ 2.3 GB/5.2 GB  9.8 MB/s   4m57s[K[?25h[?2026l[?2026h[?25l[A[1Gpulling manifest [K
pulling a3de86cd1c13:  44% ▕███████           ▏ 2.3 GB/5.2 GB  9.8 MB/s   4m57s[K[?25h[?2026l[?2026h[?25l[A[1Gpulling manifest [K
pulling a3de86cd1c13:  44% ▕███████           ▏ 2.3 GB/5.2 GB  9.8 MB/s   4m57s[K[?25h[?2026l[?2026h[?25l[A[1Gpulling manifest [K
pulling a3de86cd1c13:  44% ▕███████           ▏ 2.3 GB/5.2 GB  9.8 MB/s   4m56s[K[?25h[?2026l[?2026h[?25l[A[1Gpulling manifest [K
pulling a3de86cd1c13:  44% ▕███████           ▏ 2.3 GB/5.2 GB  9.8 MB/s   4m56s[K[?25h[?2026l[?2026h[?25l[A[1Gpulling manifest [K
pulling a3de86cd1c13:  44% ▕███████           ▏ 2.3 GB/5.2 GB  9.8 MB/s   4m56s[K[?25h[?2026l[?2026h[?25l[A[1Gpulling manifest [K
pulling a3de86cd1c13:  44% ▕███████           ▏ 2.3 GB/5.2 GB  9.7 MB/s   4m59s[K[?25h[?2026l[?2026h[?25l[A[1Gpulling manifest [K
pulling a3de86cd1c13:  44% ▕███████           ▏ 2.3 GB/5.2 GB  9.7 MB/s   4m59s[K[?25h[?2026l[?2026h[?25l[A[1Gpulling manifest [K
pulling a3de86cd1c13:  44% ▕███████           ▏ 2.3 GB/5.2 GB  9.7 MB/s   4m59s[K[?25h[?2026l[?2026h[?25l[A[1Gpulling manifest [K
pulling a3de86cd1c13:  44% ▕███████           ▏ 2.3 GB/5.2 GB  9.7 MB/s   4m58s[K[?25h[?2026l[?2026h[?25l[A[1Gpulling manifest [K
pulling a3de86cd1c13:  44% ▕███████           ▏ 2.3 GB/5.2 GB  9.7 MB/s   4m58s[K[?25h[?2026l[?2026h[?25l[A[1Gpulling manifest [K
pulling a3de86cd1c13:  44% ▕███████           ▏ 2.3 GB/5.2 GB  9.7 MB/s   4m58s[K[?25h[?2026l[?2026h[?25l[A[1Gpulling manifest [K
pulling a3de86cd1c13:  44% ▕███████           ▏ 2.3 GB/5.2 GB  9.7 MB/s   4m58s[K[?25h[?2026l[?2026h[?25l[A[1Gpulling manifest [K
pulling a3de86cd1c13:  44% ▕███████           ▏ 2.3 GB/5.2 GB  9.7 MB/s   4m58s[K[?25h[?2026l[?2026h[?25l[A[1Gpulling manifest [K
pulling a3de86cd1c13:  44% ▕████████          ▏ 2.3 GB/5.2 GB  9.7 MB/s   4m58s[K[?25h[?2026l[?2026h[?25l[A[1Gpulling manifest [K
pulling a3de86cd1c13:  44% ▕████████          ▏ 2.3 GB/5.2 GB  9.7 MB/s   4m58s[K[?25h[?2026l[?2026h[?25l[A[1Gpulling manifest [K
pulling a3de86cd1c13:  44% ▕████████          ▏ 2.3 GB/5.2 GB  9.6 MB/s    5m2s[K[?25h[?2026l[?2026h[?25l[A[1Gpulling manifest [K
pulling a3de86cd1c13:  44% ▕████████          ▏ 2.3 GB/5.2 GB  9.6 MB/s    5m2s[K[?25h[?2026l[?2026h[?25l[A[1Gpulling manifest [K
pulling a3de86cd1c13:  45% ▕████████          ▏ 2.3 GB/5.2 GB  9.6 MB/s    5m1s[K[?25h[?2026l[?2026h[?25l[A[1Gpulling manifest [K
pulling a3de86cd1c13:  45% ▕████████          ▏ 2.3 GB/5.2 GB  9.6 MB/s    5m1s[K[?25h[?2026l[?2026h[?25l[A[1Gpulling manifest [K
pulling a3de86cd1c13:  45% ▕████████          ▏ 2.3 GB/5.2 GB  9.6 MB/s    5m1s[K[?25h[?2026l[?2026h[?25l[A[1Gpulling manifest [K
pulling a3de86cd1c13:  45% ▕████████          ▏ 2.3 GB/5.2 GB  9.6 MB/s    5m1s[K[?25h[?2026l[?2026h[?25l[A[1Gpulling manifest [K
pulling a3de86cd1c13:  45% ▕████████          ▏ 2.3 GB/5.2 GB  9.6 MB/s    5m1s[K[?25h[?2026l[?2026h[?25l[A[1Gpulling manifest [K
pulling a3de86cd1c13:  45% ▕████████          ▏ 2.3 GB/5.2 GB  9.6 MB/s    5m1s[K[?25h[?2026l[?2026h[?25l[A[1Gpulling manifest [K
pulling a3de86cd1c13:  45% ▕████████          ▏ 2.3 GB/5.2 GB  9.6 MB/s    5m1s[K[?25h[?2026l[?2026h[?25l[A[1Gpulling manifest [K
pulling a3de86cd1c13:  45% ▕████████          ▏ 2.3 GB/5.2 GB  9.6 MB/s    5m1s[K[?25h[?2026l[?2026h[?25l[A[1Gpulling manifest [K
pulling a3de86cd1c13:  45% ▕████████          ▏ 2.3 GB/5.2 GB  9.6 MB/s   4m59s[K[?25h[?2026l[?2026h[?25l[A[1Gpulling manifest [K
pulling a3de86cd1c13:  45% ▕████████          ▏ 2.3 GB/5.2 GB  9.6 MB/s   4m59s[K[?25h[?2026l[?2026h[?25l[A[1Gpulling manifest [K
pulling a3de86cd1c13:  45% ▕████████          ▏ 2.3 GB/5.2 GB  9.6 MB/s   4m59s[K[?25h[?2026l[?2026h[?25l[A[1Gpulling manifest [K
pulling a3de86cd1c13:  45% ▕████████          ▏ 2.3 GB/5.2 GB  9.6 MB/s   4m59s[K[?25h[?2026l[?2026h[?25l[A[1Gpulling manifest [K
pulling a3de86cd1c13:  45% ▕████████          ▏ 2.3 GB/5.2 GB  9.6 MB/s   4m59s[K[?25h[?2026l[?2026h[?25l[A[1Gpulling manifest [K
pulling a3de86cd1c13:  45% ▕████████          ▏ 2.3 GB/5.2 GB  9.6 MB/s   4m59s[K[?25h[?2026l[?2026h[?25l[A[1Gpulling manifest [K
pulling a3de86cd1c13:  45% ▕████████          ▏ 2.3 GB/5.2 GB  9.6 MB/s   4m59s[K[?25h[?2026l[?2026h[?25l[A[1Gpulling manifest [K
pulling a3de86cd1c13:  45% ▕████████          ▏ 2.3 GB/5.2 GB  9.6 MB/s   4m59s[K[?25h[?2026l[?2026h[?25l[A[1Gpulling manifest [K
pulling a3de86cd1c13:  45% ▕████████          ▏ 2.3 GB/5.2 GB  9.6 MB/s   4m58s[K[?25h[?2026l[?2026h[?25l[A[1Gpulling manifest [K
pulling a3de86cd1c13:  45% ▕████████          ▏ 2.3 GB/5.2 GB  9.6 MB/s   4m58s[K[?25h[?2026l[?2026h[?25l[A[1Gpulling manifest [K
pulling a3de86cd1c13:  45% ▕████████          ▏ 2.3 GB/5.2 GB  9.6 MB/s    5m1s[K[?25h[?2026l[?2026h[?25l[A[1Gpulling manifest [K
pulling a3de86cd1c13:  45% ▕████████          ▏ 2.3 GB/5.2 GB  9.6 MB/s    5m1s[K[?25h[?2026l[?2026h[?25l[A[1Gpulling manifest [K
pulling a3de86cd1c13:  45% ▕████████          ▏ 2.3 GB/5.2 GB  9.6 MB/s    5m1s[K[?25h[?2026l[?2026h[?25l[A[1Gpulling manifest [K
pulling a3de86cd1c13:  45% ▕████████          ▏ 2.3 GB/5.2 GB  9.6 MB/s    5m1s[K[?25h[?2026l[?2026h[?25l[A[1Gpulling manifest [K
pulling a3de86cd1c13:  45% ▕████████          ▏ 2.3 GB/5.2 GB  9.6 MB/s    5m1s[K[?25h[?2026l[?2026h[?25l[A[1Gpulling manifest [K
pulling a3de86cd1c13:  45% ▕████████          ▏ 2.3 GB/5.2 GB  9.6 MB/s    5m1s[K[?25h[?2026l[?2026h[?25l[A[1Gpulling manifest [K
pulling a3de86cd1c13:  45% ▕████████          ▏ 2.3 GB/5.2 GB  9.6 MB/s    5m0s[K[?25h[?2026l[?2026h[?25l[A[1Gpulling manifest [K
pulling a3de86cd1c13:  45% ▕████████          ▏ 2.4 GB/5.2 GB  9.6 MB/s    5m0s[K[?25h[?2026l[?2026h[?25l[A[1Gpulling manifest [K
pulling a3de86cd1c13:  45% ▕████████          ▏ 2.4 GB/5.2 GB  9.6 MB/s    5m0s[K[?25h[?2026l[?2026h[?25l[A[1Gpulling manifest [K
pulling a3de86cd1c13:  45% ▕████████          ▏ 2.4 GB/5.2 GB  9.6 MB/s    5m0s[K[?25h[?2026l[?2026h[?25l[A[1Gpulling manifest [K
pulling a3de86cd1c13:  45% ▕████████          ▏ 2.4 GB/5.2 GB  9.6 MB/s    5m0s[K[?25h[?2026l[?2026h[?25l[A[1Gpulling manifest [K
pulling a3de86cd1c13:  45% ▕████████          ▏ 2.4 GB/5.2 GB  9.7 MB/s   4m54s[K[?25h[?2026l[?2026h[?25l[A[1Gpulling manifest [K
pulling a3de86cd1c13:  45% ▕████████          ▏ 2.4 GB/5.2 GB  9.7 MB/s   4m54s[K[?25h[?2026l[?2026h[?25l[A[1Gpulling manifest [K
pulling a3de86cd1c13:  45% ▕████████          ▏ 2.4 GB/5.2 GB  9.7 MB/s   4m54s[K[?25h[?2026l[?2026h[?25l[A[1Gpulling manifest [K
pulling a3de86cd1c13:  45% ▕████████          ▏ 2.4 GB/5.2 GB  9.7 MB/s   4m54s[K[?25h[?2026l[?2026h[?25l[A[1Gpulling manifest [K
pulling a3de86cd1c13:  45% ▕████████          ▏ 2.4 GB/5.2 GB  9.7 MB/s   4m54s[K[?25h[?2026l[?2026h[?25l[A[1Gpulling manifest [K
pulling a3de86cd1c13:  45% ▕████████          ▏ 2.4 GB/5.2 GB  9.7 MB/s   4m54s[K[?25h[?2026l[?2026h[?25l[A[1Gpulling manifest [K
pulling a3de86cd1c13:  45% ▕████████          ▏ 2.4 GB/5.2 GB  9.7 MB/s   4m54s[K[?25h[?2026l[?2026h[?25l[A[1Gpulling manifest [K
pulling a3de86cd1c13:  45% ▕████████          ▏ 2.4 GB/5.2 GB  9.7 MB/s   4m54s[K[?25h[?2026l[?2026h[?25l[A[1Gpulling manifest [K
pulling a3de86cd1c13:  45% ▕████████          ▏ 2.4 GB/5.2 GB  9.7 MB/s   4m54s[K[?25h[?2026l[?2026h[?25l[A[1Gpulling manifest [K
pulling a3de86cd1c13:  45% ▕████████          ▏ 2.4 GB/5.2 GB  9.7 MB/s   4m53s[K[?25h[?2026l[?2026h[?25l[A[1Gpulling manifest [K
pulling a3de86cd1c13:  45% ▕████████          ▏ 2.4 GB/5.2 GB  9.8 MB/s   4m52s[K[?25h[?2026l[?2026h[?25l[A[1Gpulling manifest [K
pulling a3de86cd1c13:  45% ▕████████          ▏ 2.4 GB/5.2 GB  9.8 MB/s   4m52s[K[?25h[?2026l[?2026h[?25l[A[1Gpulling manifest [K
pulling a3de86cd1c13:  45% ▕████████          ▏ 2.4 GB/5.2 GB  9.8 MB/s   4m52s[K[?25h[?2026l[?2026h[?25l[A[1Gpulling manifest [K
pulling a3de86cd1c13:  45% ▕████████          ▏ 2.4 GB/5.2 GB  9.8 MB/s   4m52s[K[?25h[?2026l[?2026h[?25l[A[1Gpulling manifest [K
pulling a3de86cd1c13:  45% ▕████████          ▏ 2.4 GB/5.2 GB  9.8 MB/s   4m52s[K[?25h[?2026l[?2026h[?25l[A[1Gpulling manifest [K
pulling a3de86cd1c13:  45% ▕████████          ▏ 2.4 GB/5.2 GB  9.8 MB/s   4m52s[K[?25h[?2026l[?2026h[?25l[A[1Gpulling manifest [K
pulling a3de86cd1c13:  45% ▕████████          ▏ 2.4 GB/5.2 GB  9.8 MB/s   4m51s[K[?25h[?2026l[?2026h[?25l[A[1Gpulling manifest [K
pulling a3de86cd1c13:  45% ▕████████          ▏ 2.4 GB/5.2 GB  9.8 MB/s   4m51s[K[?25h[?2026l[?2026h[?25l[A[1Gpulling manifest [K
pulling a3de86cd1c13:  45% ▕████████          ▏ 2.4 GB/5.2 GB  9.8 MB/s   4m51s[K[?25h[?2026l[?2026h[?25l[A[1Gpulling manifest [K
pulling a3de86cd1c13:  45% ▕████████          ▏ 2.4 GB/5.2 GB  9.8 MB/s   4m51s[K[?25h[?2026l[?2026h[?25l[A[1Gpulling manifest [K
pulling a3de86cd1c13:  45% ▕████████          ▏ 2.4 GB/5.2 GB  9.8 MB/s   4m49s[K[?25h[?2026l[?2026h[?25l[A[1Gpulling manifest [K
pulling a3de86cd1c13:  45% ▕████████          ▏ 2.4 GB/5.2 GB  9.8 MB/s   4m49s[K[?25h[?2026l[?2026h[?25l[A[1Gpulling manifest [K
pulling a3de86cd1c13:  46% ▕████████          ▏ 2.4 GB/5.2 GB  9.8 MB/s   4m49s[K[?25h[?2026l[?2026h[?25l[A[1Gpulling manifest [K
pulling a3de86cd1c13:  46% ▕████████          ▏ 2.4 GB/5.2 GB  9.8 MB/s   4m49s[K[?25h[?2026l[?2026h[?25l[A[1Gpulling manifest [K
pulling a3de86cd1c13:  46% ▕████████          ▏ 2.4 GB/5.2 GB  9.8 MB/s   4m48s[K[?25h[?2026l[?2026h[?25l[A[1Gpulling manifest [K
pulling a3de86cd1c13:  46% ▕████████          ▏ 2.4 GB/5.2 GB  9.8 MB/s   4m48s[K[?25h[?2026l[?2026h[?25l[A[1Gpulling manifest [K
pulling a3de86cd1c13:  46% ▕████████          ▏ 2.4 GB/5.2 GB  9.8 MB/s   4m48s[K[?25h[?2026l[?2026h[?25l[A[1Gpulling manifest [K
pulling a3de86cd1c13:  46% ▕████████          ▏ 2.4 GB/5.2 GB  9.8 MB/s   4m48s[K[?25h[?2026l[?2026h[?25l[A[1Gpulling manifest [K
pulling a3de86cd1c13:  46% ▕████████          ▏ 2.4 GB/5.2 GB  9.8 MB/s   4m48s[K[?25h[?2026l[?2026h[?25l[A[1Gpulling manifest [K
pulling a3de86cd1c13:  46% ▕████████          ▏ 2.4 GB/5.2 GB  9.8 MB/s   4m48s[K[?25h[?2026l[?2026h[?25l[A[1Gpulling manifest [K
pulling a3de86cd1c13:  46% ▕████████          ▏ 2.4 GB/5.2 GB   10 MB/s   4m43s[K[?25h[?2026l[?2026h[?25l[A[1Gpulling manifest [K
pulling a3de86cd1c13:  46% ▕████████          ▏ 2.4 GB/5.2 GB   10 MB/s   4m43s[K[?25h[?2026l[?2026h[?25l[A[1Gpulling manifest [K
pulling a3de86cd1c13:  46% ▕████████          ▏ 2.4 GB/5.2 GB   10 MB/s   4m43s[K[?25h[?2026l[?2026h[?25l[A[1Gpulling manifest [K
pulling a3de86cd1c13:  46% ▕████████          ▏ 2.4 GB/5.2 GB   10 MB/s   4m43s[K[?25h[?2026l[?2026h[?25l[A[1Gpulling manifest [K
pulling a3de86cd1c13:  46% ▕████████          ▏ 2.4 GB/5.2 GB   10 MB/s   4m43s[K[?25h[?2026l[?2026h[?25l[A[1Gpulling manifest [K
pulling a3de86cd1c13:  46% ▕████████          ▏ 2.4 GB/5.2 GB   10 MB/s   4m42s[K[?25h[?2026l[?2026h[?25l[A[1Gpulling manifest [K
pulling a3de86cd1c13:  46% ▕████████          ▏ 2.4 GB/5.2 GB   10 MB/s   4m42s[K[?25h[?2026l[?2026h[?25l[A[1Gpulling manifest [K
pulling a3de86cd1c13:  46% ▕████████          ▏ 2.4 GB/5.2 GB   10 MB/s   4m42s[K[?25h[?2026l[?2026h[?25l[A[1Gpulling manifest [K
pulling a3de86cd1c13:  46% ▕████████          ▏ 2.4 GB/5.2 GB   10 MB/s   4m42s[K[?25h[?2026l[?2026h[?25l[A[1Gpulling manifest [K
pulling a3de86cd1c13:  46% ▕████████          ▏ 2.4 GB/5.2 GB   10 MB/s   4m42s[K[?25h[?2026l[?2026h[?25l[A[1Gpulling manifest [K
pulling a3de86cd1c13:  46% ▕████████          ▏ 2.4 GB/5.2 GB   10 MB/s   4m42s[K[?25h[?2026l[?2026h[?25l[A[1Gpulling manifest [K
pulling a3de86cd1c13:  46% ▕████████          ▏ 2.4 GB/5.2 GB   10 MB/s   4m42s[K[?25h[?2026l[?2026h[?25l[A[1Gpulling manifest [K
pulling a3de86cd1c13:  46% ▕████████          ▏ 2.4 GB/5.2 GB   10 MB/s   4m42s[K[?25h[?2026l[?2026h[?25l[A[1Gpulling manifest [K
pulling a3de86cd1c13:  46% ▕████████          ▏ 2.4 GB/5.2 GB   10 MB/s   4m42s[K[?25h[?2026l[?2026h[?25l[A[1Gpulling manifest [K
pulling a3de86cd1c13:  46% ▕████████          ▏ 2.4 GB/5.2 GB   10 MB/s   4m42s[K[?25h[?2026l[?2026h[?25l[A[1Gpulling manifest [K
pulling a3de86cd1c13:  46% ▕████████          ▏ 2.4 GB/5.2 GB   10 MB/s   4m41s[K[?25h[?2026l[?2026h[?25l[A[1Gpulling manifest [K
pulling a3de86cd1c13:  46% ▕████████          ▏ 2.4 GB/5.2 GB   10 MB/s   4m41s[K[?25h[?2026l[?2026h[?25l[A[1Gpulling manifest [K
pulling a3de86cd1c13:  46% ▕████████          ▏ 2.4 GB/5.2 GB   10 MB/s   4m41s[K[?25h[?2026l[?2026h[?25l[A[1Gpulling manifest [K
pulling a3de86cd1c13:  46% ▕████████          ▏ 2.4 GB/5.2 GB   10 MB/s   4m41s[K[?25h[?2026l[?2026h[?25l[A[1Gpulling manifest [K
pulling a3de86cd1c13:  46% ▕████████          ▏ 2.4 GB/5.2 GB   10 MB/s   4m41s[K[?25h[?2026l[?2026h[?25l[A[1Gpulling manifest [K
pulling a3de86cd1c13:  46% ▕████████          ▏ 2.4 GB/5.2 GB   10 MB/s   4m41s[K[?25h[?2026l[?2026h[?25l[A[1Gpulling manifest [K
pulling a3de86cd1c13:  46% ▕████████          ▏ 2.4 GB/5.2 GB   10 MB/s   4m38s[K[?25h[?2026l[?2026h[?25l[A[1Gpulling manifest [K
pulling a3de86cd1c13:  46% ▕████████          ▏ 2.4 GB/5.2 GB   10 MB/s   4m37s[K[?25h[?2026l[?2026h[?25l[A[1Gpulling manifest [K
pulling a3de86cd1c13:  46% ▕████████          ▏ 2.4 GB/5.2 GB   10 MB/s   4m37s[K[?25h[?2026l[?2026h[?25l[A[1Gpulling manifest [K
pulling a3de86cd1c13:  46% ▕████████          ▏ 2.4 GB/5.2 GB   10 MB/s   4m37s[K[?25h[?2026l[?2026h[?25l[A[1Gpulling manifest [K
pulling a3de86cd1c13:  46% ▕████████          ▏ 2.4 GB/5.2 GB   10 MB/s   4m37s[K[?25h[?2026l[?2026h[?25l[A[1Gpulling manifest [K
pulling a3de86cd1c13:  46% ▕████████          ▏ 2.4 GB/5.2 GB   10 MB/s   4m37s[K[?25h[?2026l[?2026h[?25l[A[1Gpulling manifest [K
pulling a3de86cd1c13:  46% ▕████████          ▏ 2.4 GB/5.2 GB   10 MB/s   4m37s[K[?25h[?2026l[?2026h[?25l[A[1Gpulling manifest [K
pulling a3de86cd1c13:  46% ▕████████          ▏ 2.4 GB/5.2 GB   10 MB/s   4m37s[K[?25h[?2026l[?2026h[?25l[A[1Gpulling manifest [K
pulling a3de86cd1c13:  46% ▕████████          ▏ 2.4 GB/5.2 GB   10 MB/s   4m37s[K[?25h[?2026l[?2026h[?25l[A[1Gpulling manifest [K
pulling a3de86cd1c13:  46% ▕████████          ▏ 2.4 GB/5.2 GB   10 MB/s   4m37s[K[?25h[?2026l[?2026h[?25l[A[1Gpulling manifest [K
pulling a3de86cd1c13:  46% ▕████████          ▏ 2.4 GB/5.2 GB   10 MB/s   4m33s[K[?25h[?2026l[?2026h[?25l[A[1Gpulling manifest [K
pulling a3de86cd1c13:  46% ▕████████          ▏ 2.4 GB/5.2 GB   10 MB/s   4m33s[K[?25h[?2026l[?2026h[?25l[A[1Gpulling manifest [K
pulling a3de86cd1c13:  46% ▕████████          ▏ 2.4 GB/5.2 GB   10 MB/s   4m33s[K[?25h[?2026l[?2026h[?25l[A[1Gpulling manifest [K
pulling a3de86cd1c13:  46% ▕████████          ▏ 2.4 GB/5.2 GB   10 MB/s   4m33s[K[?25h[?2026l[?2026h[?25l[A[1Gpulling manifest [K
pulling a3de86cd1c13:  46% ▕████████          ▏ 2.4 GB/5.2 GB   10 MB/s   4m33s[K[?25h[?2026l[?2026h[?25l[A[1Gpulling manifest [K
pulling a3de86cd1c13:  46% ▕████████          ▏ 2.4 GB/5.2 GB   10 MB/s   4m33s[K[?25h[?2026l[?2026h[?25l[A[1Gpulling manifest [K
pulling a3de86cd1c13:  46% ▕████████          ▏ 2.4 GB/5.2 GB   10 MB/s   4m32s[K[?25h[?2026l[?2026h[?25l[A[1Gpulling manifest [K
pulling a3de86cd1c13:  46% ▕████████          ▏ 2.4 GB/5.2 GB   10 MB/s   4m32s[K[?25h[?2026l[?2026h[?25l[A[1Gpulling manifest [K
pulling a3de86cd1c13:  46% ▕████████          ▏ 2.4 GB/5.2 GB   10 MB/s   4m32s[K[?25h[?2026l[?2026h[?25l[A[1Gpulling manifest [K
pulling a3de86cd1c13:  46% ▕████████          ▏ 2.4 GB/5.2 GB   10 MB/s   4m32s[K[?25h[?2026l[?2026h[?25l[A[1Gpulling manifest [K
pulling a3de86cd1c13:  46% ▕████████          ▏ 2.4 GB/5.2 GB   10 MB/s   4m31s[K[?25h[?2026l[?2026h[?25l[A[1Gpulling manifest [K
pulling a3de86cd1c13:  46% ▕████████          ▏ 2.4 GB/5.2 GB   10 MB/s   4m31s[K[?25h[?2026l[?2026h[?25l[A[1Gpulling manifest [K
pulling a3de86cd1c13:  46% ▕████████          ▏ 2.4 GB/5.2 GB   10 MB/s   4m30s[K[?25h[?2026l[?2026h[?25l[A[1Gpulling manifest [K
pulling a3de86cd1c13:  47% ▕████████          ▏ 2.4 GB/5.2 GB   10 MB/s   4m30s[K[?25h[?2026l[?2026h[?25l[A[1Gpulling manifest [K
pulling a3de86cd1c13:  47% ▕████████          ▏ 2.4 GB/5.2 GB   10 MB/s   4m30s[K[?25h[?2026l[?2026h[?25l[A[1Gpulling manifest [K
pulling a3de86cd1c13:  47% ▕████████          ▏ 2.4 GB/5.2 GB   10 MB/s   4m30s[K[?25h[?2026l[?2026h[?25l[A[1Gpulling manifest [K
pulling a3de86cd1c13:  47% ▕████████          ▏ 2.4 GB/5.2 GB   10 MB/s   4m30s[K[?25h[?2026l[?2026h[?25l[A[1Gpulling manifest [K
pulling a3de86cd1c13:  47% ▕████████          ▏ 2.4 GB/5.2 GB   10 MB/s   4m30s[K[?25h[?2026l[?2026h[?25l[A[1Gpulling manifest [K
pulling a3de86cd1c13:  47% ▕████████          ▏ 2.4 GB/5.2 GB   10 MB/s   4m30s[K[?25h[?2026l[?2026h[?25l[A[1Gpulling manifest [K
pulling a3de86cd1c13:  47% ▕████████          ▏ 2.4 GB/5.2 GB   10 MB/s   4m30s[K[?25h[?2026l[?2026h[?25l[A[1Gpulling manifest [K
pulling a3de86cd1c13:  47% ▕████████          ▏ 2.4 GB/5.2 GB   10 MB/s   4m25s[K[?25h[?2026l[?2026h[?25l[A[1Gpulling manifest [K
pulling a3de86cd1c13:  47% ▕████████          ▏ 2.4 GB/5.2 GB   10 MB/s   4m25s[K[?25h[?2026l[?2026h[?25l[A[1Gpulling manifest [K
pulling a3de86cd1c13:  47% ▕████████          ▏ 2.4 GB/5.2 GB   10 MB/s   4m25s[K[?25h[?2026l[?2026h[?25l[A[1Gpulling manifest [K
pulling a3de86cd1c13:  47% ▕████████          ▏ 2.4 GB/5.2 GB   10 MB/s   4m25s[K[?25h[?2026l[?2026h[?25l[A[1Gpulling manifest [K
pulling a3de86cd1c13:  47% ▕████████          ▏ 2.4 GB/5.2 GB   10 MB/s   4m25s[K[?25h[?2026l[?2026h[?25l[A[1Gpulling manifest [K
pulling a3de86cd1c13:  47% ▕████████          ▏ 2.4 GB/5.2 GB   10 MB/s   4m25s[K[?25h[?2026l[?2026h[?25l[A[1Gpulling manifest [K
pulling a3de86cd1c13:  47% ▕████████          ▏ 2.4 GB/5.2 GB   10 MB/s   4m25s[K[?25h[?2026l[?2026h[?25l[A[1Gpulling manifest [K
pulling a3de86cd1c13:  47% ▕████████          ▏ 2.4 GB/5.2 GB   10 MB/s   4m24s[K[?25h[?2026l[?2026h[?25l[A[1Gpulling manifest [K
pulling a3de86cd1c13:  47% ▕████████          ▏ 2.4 GB/5.2 GB   10 MB/s   4m24s[K[?25h[?2026l[?2026h[?25l[A[1Gpulling manifest [K
pulling a3de86cd1c13:  47% ▕████████          ▏ 2.4 GB/5.2 GB   10 MB/s   4m24s[K[?25h[?2026l[?2026h[?25l[A[1Gpulling manifest [K
pulling a3de86cd1c13:  47% ▕████████          ▏ 2.4 GB/5.2 GB   10 MB/s   4m26s[K[?25h[?2026l[?2026h[?25l[A[1Gpulling manifest [K
pulling a3de86cd1c13:  47% ▕████████          ▏ 2.4 GB/5.2 GB   10 MB/s   4m26s[K[?25h[?2026l[?2026h[?25l[A[1Gpulling manifest [K
pulling a3de86cd1c13:  47% ▕████████          ▏ 2.4 GB/5.2 GB   10 MB/s   4m26s[K[?25h[?2026l[?2026h[?25l[A[1Gpulling manifest [K
pulling a3de86cd1c13:  47% ▕████████          ▏ 2.5 GB/5.2 GB   10 MB/s   4m26s[K[?25h[?2026l[?2026h[?25l[A[1Gpulling manifest [K
pulling a3de86cd1c13:  47% ▕████████          ▏ 2.5 GB/5.2 GB   10 MB/s   4m26s[K[?25h[?2026l[?2026h[?25l[A[1Gpulling manifest [K
pulling a3de86cd1c13:  47% ▕████████          ▏ 2.5 GB/5.2 GB   10 MB/s   4m26s[K[?25h[?2026l[?2026h[?25l[A[1Gpulling manifest [K
pulling a3de86cd1c13:  47% ▕████████          ▏ 2.5 GB/5.2 GB   10 MB/s   4m26s[K[?25h[?2026l[?2026h[?25l[A[1Gpulling manifest [K
pulling a3de86cd1c13:  47% ▕████████          ▏ 2.5 GB/5.2 GB   10 MB/s   4m25s[K[?25h[?2026l[?2026h[?25l[A[1Gpulling manifest [K
pulling a3de86cd1c13:  47% ▕████████          ▏ 2.5 GB/5.2 GB   10 MB/s   4m25s[K[?25h[?2026l[?2026h[?25l[A[1Gpulling manifest [K
pulling a3de86cd1c13:  47% ▕████████          ▏ 2.5 GB/5.2 GB   10 MB/s   4m25s[K[?25h[?2026l[?2026h[?25l[A[1Gpulling manifest [K
pulling a3de86cd1c13:  47% ▕████████          ▏ 2.5 GB/5.2 GB   10 MB/s   4m25s[K[?25h[?2026l[?2026h[?25l[A[1Gpulling manifest [K
pulling a3de86cd1c13:  47% ▕████████          ▏ 2.5 GB/5.2 GB   10 MB/s   4m24s[K[?25h[?2026l[?2026h[?25l[A[1Gpulling manifest [K
pulling a3de86cd1c13:  47% ▕████████          ▏ 2.5 GB/5.2 GB   10 MB/s   4m23s[K[?25h[?2026l[?2026h[?25l[A[1Gpulling manifest [K
pulling a3de86cd1c13:  47% ▕████████          ▏ 2.5 GB/5.2 GB   10 MB/s   4m23s[K[?25h[?2026l[?2026h[?25l[A[1Gpulling manifest [K
pulling a3de86cd1c13:  47% ▕████████          ▏ 2.5 GB/5.2 GB   10 MB/s   4m23s[K[?25h[?2026l[?2026h[?25l[A[1Gpulling manifest [K
pulling a3de86cd1c13:  47% ▕████████          ▏ 2.5 GB/5.2 GB   10 MB/s   4m23s[K[?25h[?2026l[?2026h[?25l[A[1Gpulling manifest [K
pulling a3de86cd1c13:  47% ▕████████          ▏ 2.5 GB/5.2 GB   10 MB/s   4m23s[K[?25h[?2026l[?2026h[?25l[A[1Gpulling manifest [K
pulling a3de86cd1c13:  47% ▕████████          ▏ 2.5 GB/5.2 GB   10 MB/s   4m23s[K[?25h[?2026l[?2026h[?25l[A[1Gpulling manifest [K
pulling a3de86cd1c13:  47% ▕████████          ▏ 2.5 GB/5.2 GB   10 MB/s   4m23s[K[?25h[?2026l[?2026h[?25l[A[1Gpulling manifest [K
pulling a3de86cd1c13:  47% ▕████████          ▏ 2.5 GB/5.2 GB   10 MB/s   4m23s[K[?25h[?2026l[?2026h[?25l[A[1Gpulling manifest [K
pulling a3de86cd1c13:  47% ▕████████          ▏ 2.5 GB/5.2 GB   10 MB/s   4m23s[K[?25h[?2026l[?2026h[?25l[A[1Gpulling manifest [K
pulling a3de86cd1c13:  47% ▕████████          ▏ 2.5 GB/5.2 GB   10 MB/s   4m25s[K[?25h[?2026l[?2026h[?25l[A[1Gpulling manifest [K
pulling a3de86cd1c13:  47% ▕████████          ▏ 2.5 GB/5.2 GB   10 MB/s   4m25s[K[?25h[?2026l[?2026h[?25l[A[1Gpulling manifest [K
pulling a3de86cd1c13:  47% ▕████████          ▏ 2.5 GB/5.2 GB   10 MB/s   4m25s[K[?25h[?2026l[?2026h[?25l[A[1Gpulling manifest [K
pulling a3de86cd1c13:  47% ▕████████          ▏ 2.5 GB/5.2 GB   10 MB/s   4m25s[K[?25h[?2026l[?2026h[?25l[A[1Gpulling manifest [K
pulling a3de86cd1c13:  47% ▕████████          ▏ 2.5 GB/5.2 GB   10 MB/s   4m25s[K[?25h[?2026l[?2026h[?25l[A[1Gpulling manifest [K
pulling a3de86cd1c13:  47% ▕████████          ▏ 2.5 GB/5.2 GB   10 MB/s   4m25s[K[?25h[?2026l[?2026h[?25l[A[1Gpulling manifest [K
pulling a3de86cd1c13:  47% ▕████████          ▏ 2.5 GB/5.2 GB   10 MB/s   4m25s[K[?25h[?2026l[?2026h[?25l[A[1Gpulling manifest [K
pulling a3de86cd1c13:  47% ▕████████          ▏ 2.5 GB/5.2 GB   10 MB/s   4m25s[K[?25h[?2026l[?2026h[?25l[A[1Gpulling manifest [K
pulling a3de86cd1c13:  47% ▕████████          ▏ 2.5 GB/5.2 GB   10 MB/s   4m25s[K[?25h[?2026l[?2026h[?25l[A[1Gpulling manifest [K
pulling a3de86cd1c13:  47% ▕████████          ▏ 2.5 GB/5.2 GB   10 MB/s   4m24s[K[?25h[?2026l[?2026h[?25l[A[1Gpulling manifest [K
pulling a3de86cd1c13:  47% ▕████████          ▏ 2.5 GB/5.2 GB   10 MB/s   4m27s[K[?25h[?2026l[?2026h[?25l[A[1Gpulling manifest [K
pulling a3de86cd1c13:  47% ▕████████          ▏ 2.5 GB/5.2 GB   10 MB/s   4m26s[K[?25h[?2026l[?2026h[?25l[A[1Gpulling manifest [K
pulling a3de86cd1c13:  47% ▕████████          ▏ 2.5 GB/5.2 GB   10 MB/s   4m26s[K[?25h[?2026l[?2026h[?25l[A[1Gpulling manifest [K
pulling a3de86cd1c13:  48% ▕████████          ▏ 2.5 GB/5.2 GB   10 MB/s   4m26s[K[?25h[?2026l[?2026h[?25l[A[1Gpulling manifest [K
pulling a3de86cd1c13:  48% ▕████████          ▏ 2.5 GB/5.2 GB   10 MB/s   4m26s[K[?25h[?2026l[?2026h[?25l[A[1Gpulling manifest [K
pulling a3de86cd1c13:  48% ▕████████          ▏ 2.5 GB/5.2 GB   10 MB/s   4m26s[K[?25h[?2026l[?2026h[?25l[A[1Gpulling manifest [K
pulling a3de86cd1c13:  48% ▕████████          ▏ 2.5 GB/5.2 GB   10 MB/s   4m26s[K[?25h[?2026l[?2026h[?25l[A[1Gpulling manifest [K
pulling a3de86cd1c13:  48% ▕████████          ▏ 2.5 GB/5.2 GB   10 MB/s   4m26s[K[?25h[?2026l[?2026h[?25l[A[1Gpulling manifest [K
pulling a3de86cd1c13:  48% ▕████████          ▏ 2.5 GB/5.2 GB   10 MB/s   4m26s[K[?25h[?2026l[?2026h[?25l[A[1Gpulling manifest [K
pulling a3de86cd1c13:  48% ▕████████          ▏ 2.5 GB/5.2 GB   10 MB/s   4m26s[K[?25h[?2026l[?2026h[?25l[A[1Gpulling manifest [K
pulling a3de86cd1c13:  48% ▕████████          ▏ 2.5 GB/5.2 GB   10 MB/s   4m22s[K[?25h[?2026l[?2026h[?25l[A[1Gpulling manifest [K
pulling a3de86cd1c13:  48% ▕████████          ▏ 2.5 GB/5.2 GB   10 MB/s   4m22s[K[?25h[?2026l[?2026h[?25l[A[1Gpulling manifest [K
pulling a3de86cd1c13:  48% ▕████████          ▏ 2.5 GB/5.2 GB   10 MB/s   4m22s[K[?25h[?2026l[?2026h[?25l[A[1Gpulling manifest [K
pulling a3de86cd1c13:  48% ▕████████          ▏ 2.5 GB/5.2 GB   10 MB/s   4m22s[K[?25h[?2026l[?2026h[?25l[A[1Gpulling manifest [K
pulling a3de86cd1c13:  48% ▕████████          ▏ 2.5 GB/5.2 GB   10 MB/s   4m21s[K[?25h[?2026l[?2026h[?25l[A[1Gpulling manifest [K
pulling a3de86cd1c13:  48% ▕████████          ▏ 2.5 GB/5.2 GB   10 MB/s   4m21s[K[?25h[?2026l[?2026h[?25l[A[1Gpulling manifest [K
pulling a3de86cd1c13:  48% ▕████████          ▏ 2.5 GB/5.2 GB   10 MB/s   4m21s[K[?25h[?2026l[?2026h[?25l[A[1Gpulling manifest [K
pulling a3de86cd1c13:  48% ▕████████          ▏ 2.5 GB/5.2 GB   10 MB/s   4m21s[K[?25h[?2026l[?2026h[?25l[A[1Gpulling manifest [K
pulling a3de86cd1c13:  48% ▕████████          ▏ 2.5 GB/5.2 GB   10 MB/s   4m21s[K[?25h[?2026l[?2026h[?25l[A[1Gpulling manifest [K
pulling a3de86cd1c13:  48% ▕████████          ▏ 2.5 GB/5.2 GB   10 MB/s   4m21s[K[?25h[?2026l[?2026h[?25l[A[1Gpulling manifest [K
pulling a3de86cd1c13:  48% ▕████████          ▏ 2.5 GB/5.2 GB   10 MB/s   4m22s[K[?25h[?2026l[?2026h[?25l[A[1Gpulling manifest [K
pulling a3de86cd1c13:  48% ▕████████          ▏ 2.5 GB/5.2 GB   10 MB/s   4m22s[K[?25h[?2026l[?2026h[?25l[A[1Gpulling manifest [K
pulling a3de86cd1c13:  48% ▕████████          ▏ 2.5 GB/5.2 GB   10 MB/s   4m22s[K[?25h[?2026l[?2026h[?25l[A[1Gpulling manifest [K
pulling a3de86cd1c13:  48% ▕████████          ▏ 2.5 GB/5.2 GB   10 MB/s   4m22s[K[?25h[?2026l[?2026h[?25l[A[1Gpulling manifest [K
pulling a3de86cd1c13:  48% ▕████████          ▏ 2.5 GB/5.2 GB   10 MB/s   4m22s[K[?25h[?2026l[?2026h[?25l[A[1Gpulling manifest [K
pulling a3de86cd1c13:  48% ▕████████          ▏ 2.5 GB/5.2 GB   10 MB/s   4m21s[K[?25h[?2026l[?2026h[?25l[A[1Gpulling manifest [K
pulling a3de86cd1c13:  48% ▕████████          ▏ 2.5 GB/5.2 GB   10 MB/s   4m21s[K[?25h[?2026l[?2026h[?25l[A[1Gpulling manifest [K
pulling a3de86cd1c13:  48% ▕████████          ▏ 2.5 GB/5.2 GB   10 MB/s   4m21s[K[?25h[?2026l[?2026h[?25l[A[1Gpulling manifest [K
pulling a3de86cd1c13:  48% ▕████████          ▏ 2.5 GB/5.2 GB   10 MB/s   4m21s[K[?25h[?2026l[?2026h[?25l[A[1Gpulling manifest [K
pulling a3de86cd1c13:  48% ▕████████          ▏ 2.5 GB/5.2 GB   10 MB/s   4m21s[K[?25h[?2026l[?2026h[?25l[A[1Gpulling manifest [K
pulling a3de86cd1c13:  48% ▕████████          ▏ 2.5 GB/5.2 GB   10 MB/s   4m21s[K[?25h[?2026l[?2026h[?25l[A[1Gpulling manifest [K
pulling a3de86cd1c13:  48% ▕████████          ▏ 2.5 GB/5.2 GB   10 MB/s   4m25s[K[?25h[?2026l[?2026h[?25l[A[1Gpulling manifest [K
pulling a3de86cd1c13:  48% ▕████████          ▏ 2.5 GB/5.2 GB   10 MB/s   4m25s[K[?25h[?2026l[?2026h[?25l[A[1Gpulling manifest [K
pulling a3de86cd1c13:  48% ▕████████          ▏ 2.5 GB/5.2 GB   10 MB/s   4m25s[K[?25h[?2026l[?2026h[?25l[A[1Gpulling manifest [K
pulling a3de86cd1c13:  48% ▕████████          ▏ 2.5 GB/5.2 GB   10 MB/s   4m25s[K[?25h[?2026l[?2026h[?25l[A[1Gpulling manifest [K
pulling a3de86cd1c13:  48% ▕████████          ▏ 2.5 GB/5.2 GB   10 MB/s   4m25s[K[?25h[?2026l[?2026h[?25l[A[1Gpulling manifest [K
pulling a3de86cd1c13:  48% ▕████████          ▏ 2.5 GB/5.2 GB   10 MB/s   4m25s[K[?25h[?2026l[?2026h[?25l[A[1Gpulling manifest [K
pulling a3de86cd1c13:  48% ▕████████          ▏ 2.5 GB/5.2 GB   10 MB/s   4m25s[K[?25h[?2026l[?2026h[?25l[A[1Gpulling manifest [K
pulling a3de86cd1c13:  48% ▕████████          ▏ 2.5 GB/5.2 GB   10 MB/s   4m24s[K[?25h[?2026l[?2026h[?25l[A[1Gpulling manifest [K
pulling a3de86cd1c13:  48% ▕████████          ▏ 2.5 GB/5.2 GB   10 MB/s   4m24s[K[?25h[?2026l[?2026h[?25l[A[1Gpulling manifest [K
pulling a3de86cd1c13:  48% ▕████████          ▏ 2.5 GB/5.2 GB   10 MB/s   4m24s[K[?25h[?2026l[?2026h[?25l[A[1Gpulling manifest [K
pulling a3de86cd1c13:  48% ▕████████          ▏ 2.5 GB/5.2 GB   10 MB/s   4m23s[K[?25h[?2026l[?2026h[?25l[A[1Gpulling manifest [K
pulling a3de86cd1c13:  48% ▕████████          ▏ 2.5 GB/5.2 GB   10 MB/s   4m23s[K[?25h[?2026l[?2026h[?25l[A[1Gpulling manifest [K
pulling a3de86cd1c13:  48% ▕████████          ▏ 2.5 GB/5.2 GB   10 MB/s   4m23s[K[?25h[?2026l[?2026h[?25l[A[1Gpulling manifest [K
pulling a3de86cd1c13:  48% ▕████████          ▏ 2.5 GB/5.2 GB   10 MB/s   4m23s[K[?25h[?2026l[?2026h[?25l[A[1Gpulling manifest [K
pulling a3de86cd1c13:  48% ▕████████          ▏ 2.5 GB/5.2 GB   10 MB/s   4m23s[K[?25h[?2026l[?2026h[?25l[A[1Gpulling manifest [K
pulling a3de86cd1c13:  48% ▕████████          ▏ 2.5 GB/5.2 GB   10 MB/s   4m23s[K[?25h[?2026l[?2026h[?25l[A[1Gpulling manifest [K
pulling a3de86cd1c13:  48% ▕████████          ▏ 2.5 GB/5.2 GB   10 MB/s   4m23s[K[?25h[?2026l[?2026h[?25l[A[1Gpulling manifest [K
pulling a3de86cd1c13:  48% ▕████████          ▏ 2.5 GB/5.2 GB   10 MB/s   4m22s[K[?25h[?2026l[?2026h[?25l[A[1Gpulling manifest [K
pulling a3de86cd1c13:  48% ▕████████          ▏ 2.5 GB/5.2 GB   10 MB/s   4m22s[K[?25h[?2026l[?2026h[?25l[A[1Gpulling manifest [K
pulling a3de86cd1c13:  48% ▕████████          ▏ 2.5 GB/5.2 GB   10 MB/s   4m22s[K[?25h[?2026l[?2026h[?25l[A[1Gpulling manifest [K
pulling a3de86cd1c13:  48% ▕████████          ▏ 2.5 GB/5.2 GB   10 MB/s   4m24s[K[?25h[?2026l[?2026h[?25l[A[1Gpulling manifest [K
pulling a3de86cd1c13:  48% ▕████████          ▏ 2.5 GB/5.2 GB   10 MB/s   4m24s[K[?25h[?2026l[?2026h[?25l[A[1Gpulling manifest [K
pulling a3de86cd1c13:  48% ▕████████          ▏ 2.5 GB/5.2 GB   10 MB/s   4m23s[K[?25h[?2026l[?2026h[?25l[A[1Gpulling manifest [K
pulling a3de86cd1c13:  48% ▕████████          ▏ 2.5 GB/5.2 GB   10 MB/s   4m23s[K[?25h[?2026l[?2026h[?25l[A[1Gpulling manifest [K
pulling a3de86cd1c13:  48% ▕████████          ▏ 2.5 GB/5.2 GB   10 MB/s   4m23s[K[?25h[?2026l[?2026h[?25l[A[1Gpulling manifest [K
pulling a3de86cd1c13:  49% ▕████████          ▏ 2.5 GB/5.2 GB   10 MB/s   4m23s[K[?25h[?2026l[?2026h[?25l[A[1Gpulling manifest [K
pulling a3de86cd1c13:  49% ▕████████          ▏ 2.5 GB/5.2 GB   10 MB/s   4m23s[K[?25h[?2026l[?2026h[?25l[A[1Gpulling manifest [K
pulling a3de86cd1c13:  49% ▕████████          ▏ 2.5 GB/5.2 GB   10 MB/s   4m23s[K[?25h[?2026l[?2026h[?25l[A[1Gpulling manifest [K
pulling a3de86cd1c13:  49% ▕████████          ▏ 2.5 GB/5.2 GB   10 MB/s   4m23s[K[?25h[?2026l[?2026h[?25l[A[1Gpulling manifest [K
pulling a3de86cd1c13:  49% ▕████████          ▏ 2.5 GB/5.2 GB   10 MB/s   4m23s[K[?25h[?2026l[?2026h[?25l[A[1Gpulling manifest [K
pulling a3de86cd1c13:  49% ▕████████          ▏ 2.5 GB/5.2 GB   10 MB/s   4m23s[K[?25h[?2026l[?2026h[?25l[A[1Gpulling manifest [K
pulling a3de86cd1c13:  49% ▕████████          ▏ 2.5 GB/5.2 GB   10 MB/s   4m23s[K[?25h[?2026l[?2026h[?25l[A[1Gpulling manifest [K
pulling a3de86cd1c13:  49% ▕████████          ▏ 2.5 GB/5.2 GB   10 MB/s   4m23s[K[?25h[?2026l[?2026h[?25l[A[1Gpulling manifest [K
pulling a3de86cd1c13:  49% ▕████████          ▏ 2.5 GB/5.2 GB   10 MB/s   4m23s[K[?25h[?2026l[?2026h[?25l[A[1Gpulling manifest [K
pulling a3de86cd1c13:  49% ▕████████          ▏ 2.5 GB/5.2 GB   10 MB/s   4m23s[K[?25h[?2026l[?2026h[?25l[A[1Gpulling manifest [K
pulling a3de86cd1c13:  49% ▕████████          ▏ 2.5 GB/5.2 GB   10 MB/s   4m23s[K[?25h[?2026l[?2026h[?25l[A[1Gpulling manifest [K
pulling a3de86cd1c13:  49% ▕████████          ▏ 2.5 GB/5.2 GB   10 MB/s   4m23s[K[?25h[?2026l[?2026h[?25l[A[1Gpulling manifest [K
pulling a3de86cd1c13:  49% ▕████████          ▏ 2.5 GB/5.2 GB   10 MB/s   4m23s[K[?25h[?2026l[?2026h[?25l[A[1Gpulling manifest [K
pulling a3de86cd1c13:  49% ▕████████          ▏ 2.5 GB/5.2 GB   10 MB/s   4m23s[K[?25h[?2026l[?2026h[?25l[A[1Gpulling manifest [K
pulling a3de86cd1c13:  49% ▕████████          ▏ 2.5 GB/5.2 GB   10 MB/s   4m23s[K[?25h[?2026l[?2026h[?25l[A[1Gpulling manifest [K
pulling a3de86cd1c13:  49% ▕████████          ▏ 2.5 GB/5.2 GB   10 MB/s   4m23s[K[?25h[?2026l[?2026h[?25l[A[1Gpulling manifest [K
pulling a3de86cd1c13:  49% ▕████████          ▏ 2.6 GB/5.2 GB   10 MB/s   4m23s[K[?25h[?2026l[?2026h[?25l[A[1Gpulling manifest [K
pulling a3de86cd1c13:  49% ▕████████          ▏ 2.6 GB/5.2 GB   10 MB/s   4m23s[K[?25h[?2026l[?2026h[?25l[A[1Gpulling manifest [K
pulling a3de86cd1c13:  49% ▕████████          ▏ 2.6 GB/5.2 GB   10 MB/s   4m23s[K[?25h[?2026l[?2026h[?25l[A[1Gpulling manifest [K
pulling a3de86cd1c13:  49% ▕████████          ▏ 2.6 GB/5.2 GB   10 MB/s   4m23s[K[?25h[?2026l[?2026h[?25l[A[1Gpulling manifest [K
pulling a3de86cd1c13:  49% ▕████████          ▏ 2.6 GB/5.2 GB   10 MB/s   4m23s[K[?25h[?2026l[?2026h[?25l[A[1Gpulling manifest [K
pulling a3de86cd1c13:  49% ▕████████          ▏ 2.6 GB/5.2 GB   10 MB/s   4m23s[K[?25h[?2026l[?2026h[?25l[A[1Gpulling manifest [K
pulling a3de86cd1c13:  49% ▕████████          ▏ 2.6 GB/5.2 GB   10 MB/s   4m23s[K[?25h[?2026l[?2026h[?25l[A[1Gpulling manifest [K
pulling a3de86cd1c13:  49% ▕████████          ▏ 2.6 GB/5.2 GB   10 MB/s   4m23s[K[?25h[?2026l[?2026h[?25l[A[1Gpulling manifest [K
pulling a3de86cd1c13:  49% ▕████████          ▏ 2.6 GB/5.2 GB   10 MB/s   4m22s[K[?25h[?2026l[?2026h[?25l[A[1Gpulling manifest [K
pulling a3de86cd1c13:  49% ▕████████          ▏ 2.6 GB/5.2 GB   10 MB/s   4m22s[K[?25h[?2026l[?2026h[?25l[A[1Gpulling manifest [K
pulling a3de86cd1c13:  49% ▕████████          ▏ 2.6 GB/5.2 GB   10 MB/s   4m21s[K[?25h[?2026l[?2026h[?25l[A[1Gpulling manifest [K
pulling a3de86cd1c13:  49% ▕████████          ▏ 2.6 GB/5.2 GB   10 MB/s   4m21s[K[?25h[?2026l[?2026h[?25l[A[1Gpulling manifest [K
pulling a3de86cd1c13:  49% ▕████████          ▏ 2.6 GB/5.2 GB   10 MB/s   4m21s[K[?25h[?2026l[?2026h[?25l[A[1Gpulling manifest [K
pulling a3de86cd1c13:  49% ▕████████          ▏ 2.6 GB/5.2 GB   10 MB/s   4m21s[K[?25h[?2026l[?2026h[?25l[A[1Gpulling manifest [K
pulling a3de86cd1c13:  49% ▕████████          ▏ 2.6 GB/5.2 GB   10 MB/s   4m21s[K[?25h[?2026l[?2026h[?25l[A[1Gpulling manifest [K
pulling a3de86cd1c13:  49% ▕████████          ▏ 2.6 GB/5.2 GB   10 MB/s   4m20s[K[?25h[?2026l[?2026h[?25l[A[1Gpulling manifest [K
pulling a3de86cd1c13:  49% ▕████████          ▏ 2.6 GB/5.2 GB   10 MB/s   4m20s[K[?25h[?2026l[?2026h[?25l[A[1Gpulling manifest [K
pulling a3de86cd1c13:  49% ▕████████          ▏ 2.6 GB/5.2 GB   10 MB/s   4m20s[K[?25h[?2026l[?2026h[?25l[A[1Gpulling manifest [K
pulling a3de86cd1c13:  49% ▕████████          ▏ 2.6 GB/5.2 GB   10 MB/s   4m20s[K[?25h[?2026l[?2026h[?25l[A[1Gpulling manifest [K
pulling a3de86cd1c13:  49% ▕████████          ▏ 2.6 GB/5.2 GB   10 MB/s   4m20s[K[?25h[?2026l[?2026h[?25l[A[1Gpulling manifest [K
pulling a3de86cd1c13:  49% ▕████████          ▏ 2.6 GB/5.2 GB   10 MB/s   4m22s[K[?25h[?2026l[?2026h[?25l[A[1Gpulling manifest [K
pulling a3de86cd1c13:  49% ▕████████          ▏ 2.6 GB/5.2 GB   10 MB/s   4m22s[K[?25h[?2026l[?2026h[?25l[A[1Gpulling manifest [K
pulling a3de86cd1c13:  49% ▕████████          ▏ 2.6 GB/5.2 GB   10 MB/s   4m22s[K[?25h[?2026l[?2026h[?25l[A[1Gpulling manifest [K
pulling a3de86cd1c13:  49% ▕████████          ▏ 2.6 GB/5.2 GB   10 MB/s   4m22s[K[?25h[?2026l[?2026h[?25l[A[1Gpulling manifest [K
pulling a3de86cd1c13:  49% ▕████████          ▏ 2.6 GB/5.2 GB   10 MB/s   4m22s[K[?25h[?2026l[?2026h[?25l[A[1Gpulling manifest [K
pulling a3de86cd1c13:  49% ▕████████          ▏ 2.6 GB/5.2 GB   10 MB/s   4m22s[K[?25h[?2026l[?2026h[?25l[A[1Gpulling manifest [K
pulling a3de86cd1c13:  49% ▕████████          ▏ 2.6 GB/5.2 GB   10 MB/s   4m21s[K[?25h[?2026l[?2026h[?25l[A[1Gpulling manifest [K
pulling a3de86cd1c13:  49% ▕████████          ▏ 2.6 GB/5.2 GB   10 MB/s   4m21s[K[?25h[?2026l[?2026h[?25l[A[1Gpulling manifest [K
pulling a3de86cd1c13:  49% ▕████████          ▏ 2.6 GB/5.2 GB   10 MB/s   4m21s[K[?25h[?2026l[?2026h[?25l[A[1Gpulling manifest [K
pulling a3de86cd1c13:  49% ▕████████          ▏ 2.6 GB/5.2 GB   10 MB/s   4m21s[K[?25h[?2026l[?2026h[?25l[A[1Gpulling manifest [K
pulling a3de86cd1c13:  49% ▕████████         ▏ 2.6 GB/5.2 GB  10.0 MB/s   4m24s[K[?25h[?2026l[?2026h[?25l[A[1Gpulling manifest [K
pulling a3de86cd1c13:  49% ▕████████         ▏ 2.6 GB/5.2 GB  10.0 MB/s   4m24s[K[?25h[?2026l[?2026h[?25l[A[1Gpulling manifest [K
pulling a3de86cd1c13:  49% ▕████████         ▏ 2.6 GB/5.2 GB  10.0 MB/s   4m24s[K[?25h[?2026l[?2026h[?25l[A[1Gpulling manifest [K
pulling a3de86cd1c13:  49% ▕████████         ▏ 2.6 GB/5.2 GB  10.0 MB/s   4m24s[K[?25h[?2026l[?2026h[?25l[A[1Gpulling manifest [K
pulling a3de86cd1c13:  49% ▕████████         ▏ 2.6 GB/5.2 GB  10.0 MB/s   4m24s[K[?25h[?2026l[?2026h[?25l[A[1Gpulling manifest [K
pulling a3de86cd1c13:  49% ▕████████         ▏ 2.6 GB/5.2 GB  10.0 MB/s   4m24s[K[?25h[?2026l[?2026h[?25l[A[1Gpulling manifest [K
pulling a3de86cd1c13:  49% ▕████████         ▏ 2.6 GB/5.2 GB  10.0 MB/s   4m23s[K[?25h[?2026l[?2026h[?25l[A[1Gpulling manifest [K
pulling a3de86cd1c13:  50% ▕████████         ▏ 2.6 GB/5.2 GB  10.0 MB/s   4m23s[K[?25h[?2026l[?2026h[?25l[A[1Gpulling manifest [K
pulling a3de86cd1c13:  50% ▕████████         ▏ 2.6 GB/5.2 GB  10.0 MB/s   4m23s[K[?25h[?2026l[?2026h[?25l[A[1Gpulling manifest [K
pulling a3de86cd1c13:  50% ▕████████         ▏ 2.6 GB/5.2 GB  10.0 MB/s   4m23s[K[?25h[?2026l[?2026h[?25l[A[1Gpulling manifest [K
pulling a3de86cd1c13:  50% ▕████████          ▏ 2.6 GB/5.2 GB   10 MB/s   4m19s[K[?25h[?2026l[?2026h[?25l[A[1Gpulling manifest [K
pulling a3de86cd1c13:  50% ▕████████          ▏ 2.6 GB/5.2 GB   10 MB/s   4m19s[K[?25h[?2026l[?2026h[?25l[A[1Gpulling manifest [K
pulling a3de86cd1c13:  50% ▕████████          ▏ 2.6 GB/5.2 GB   10 MB/s   4m19s[K[?25h[?2026l[?2026h[?25l[A[1Gpulling manifest [K
pulling a3de86cd1c13:  50% ▕████████          ▏ 2.6 GB/5.2 GB   10 MB/s   4m19s[K[?25h[?2026l[?2026h[?25l[A[1Gpulling manifest [K
pulling a3de86cd1c13:  50% ▕████████          ▏ 2.6 GB/5.2 GB   10 MB/s   4m19s[K[?25h[?2026l[?2026h[?25l[A[1Gpulling manifest [K
pulling a3de86cd1c13:  50% ▕████████          ▏ 2.6 GB/5.2 GB   10 MB/s   4m18s[K[?25h[?2026l[?2026h[?25l[A[1Gpulling manifest [K
pulling a3de86cd1c13:  50% ▕████████          ▏ 2.6 GB/5.2 GB   10 MB/s   4m18s[K[?25h[?2026l[?2026h[?25l[A[1Gpulling manifest [K
pulling a3de86cd1c13:  50% ▕████████          ▏ 2.6 GB/5.2 GB   10 MB/s   4m18s[K[?25h[?2026l[?2026h[?25l[A[1Gpulling manifest [K
pulling a3de86cd1c13:  50% ▕████████          ▏ 2.6 GB/5.2 GB   10 MB/s   4m18s[K[?25h[?2026l[?2026h[?25l[A[1Gpulling manifest [K
pulling a3de86cd1c13:  50% ▕████████          ▏ 2.6 GB/5.2 GB   10 MB/s   4m18s[K[?25h[?2026l[?2026h[?25l[A[1Gpulling manifest [K
pulling a3de86cd1c13:  50% ▕████████          ▏ 2.6 GB/5.2 GB   10 MB/s   4m12s[K[?25h[?2026l[?2026h[?25l[A[1Gpulling manifest [K
pulling a3de86cd1c13:  50% ▕████████          ▏ 2.6 GB/5.2 GB   10 MB/s   4m12s[K[?25h[?2026l[?2026h[?25l[A[1Gpulling manifest [K
pulling a3de86cd1c13:  50% ▕████████          ▏ 2.6 GB/5.2 GB   10 MB/s   4m12s[K[?25h[?2026l[?2026h[?25l[A[1Gpulling manifest [K
pulling a3de86cd1c13:  50% ▕████████          ▏ 2.6 GB/5.2 GB   10 MB/s   4m12s[K[?25h[?2026l[?2026h[?25l[A[1Gpulling manifest [K
pulling a3de86cd1c13:  50% ▕████████          ▏ 2.6 GB/5.2 GB   10 MB/s   4m12s[K[?25h[?2026l[?2026h[?25l[A[1Gpulling manifest [K
pulling a3de86cd1c13:  50% ▕████████          ▏ 2.6 GB/5.2 GB   10 MB/s   4m12s[K[?25h[?2026l[?2026h[?25l[A[1Gpulling manifest [K
pulling a3de86cd1c13:  50% ▕████████          ▏ 2.6 GB/5.2 GB   10 MB/s   4m12s[K[?25h[?2026l[?2026h[?25l[A[1Gpulling manifest [K
pulling a3de86cd1c13:  50% ▕████████          ▏ 2.6 GB/5.2 GB   10 MB/s   4m11s[K[?25h[?2026l[?2026h[?25l[A[1Gpulling manifest [K
pulling a3de86cd1c13:  50% ▕████████          ▏ 2.6 GB/5.2 GB   10 MB/s   4m11s[K[?25h[?2026l[?2026h[?25l[A[1Gpulling manifest [K
pulling a3de86cd1c13:  50% ▕████████          ▏ 2.6 GB/5.2 GB   10 MB/s   4m11s[K[?25h[?2026l[?2026h[?25l[A[1Gpulling manifest [K
pulling a3de86cd1c13:  50% ▕████████          ▏ 2.6 GB/5.2 GB   10 MB/s   4m11s[K[?25h[?2026l[?2026h[?25l[A[1Gpulling manifest [K
pulling a3de86cd1c13:  50% ▕█████████         ▏ 2.6 GB/5.2 GB   10 MB/s    4m7s[K[?25h[?2026l[?2026h[?25l[A[1Gpulling manifest [K
pulling a3de86cd1c13:  50% ▕█████████         ▏ 2.6 GB/5.2 GB   10 MB/s    4m7s[K[?25h[?2026l[?2026h[?25l[A[1Gpulling manifest [K
pulling a3de86cd1c13:  50% ▕█████████         ▏ 2.6 GB/5.2 GB   10 MB/s    4m7s[K[?25h[?2026l[?2026h[?25l[A[1Gpulling manifest [K
pulling a3de86cd1c13:  50% ▕█████████         ▏ 2.6 GB/5.2 GB   10 MB/s    4m7s[K[?25h[?2026l[?2026h[?25l[A[1Gpulling manifest [K
pulling a3de86cd1c13:  50% ▕█████████         ▏ 2.6 GB/5.2 GB   10 MB/s    4m7s[K[?25h[?2026l[?2026h[?25l[A[1Gpulling manifest [K
pulling a3de86cd1c13:  50% ▕█████████         ▏ 2.6 GB/5.2 GB   10 MB/s    4m7s[K[?25h[?2026l[?2026h[?25l[A[1Gpulling manifest [K
pulling a3de86cd1c13:  50% ▕█████████         ▏ 2.6 GB/5.2 GB   10 MB/s    4m7s[K[?25h[?2026l[?2026h[?25l[A[1Gpulling manifest [K
pulling a3de86cd1c13:  50% ▕█████████         ▏ 2.6 GB/5.2 GB   10 MB/s    4m7s[K[?25h[?2026l[?2026h[?25l[A[1Gpulling manifest [K
pulling a3de86cd1c13:  50% ▕█████████         ▏ 2.6 GB/5.2 GB   10 MB/s    4m7s[K[?25h[?2026l[?2026h[?25l[A[1Gpulling manifest [K
pulling a3de86cd1c13:  50% ▕█████████         ▏ 2.6 GB/5.2 GB   10 MB/s    4m6s[K[?25h[?2026l[?2026h[?25l[A[1Gpulling manifest [K
pulling a3de86cd1c13:  50% ▕█████████         ▏ 2.6 GB/5.2 GB   10 MB/s    4m4s[K[?25h[?2026l[?2026h[?25l[A[1Gpulling manifest [K
pulling a3de86cd1c13:  50% ▕█████████         ▏ 2.6 GB/5.2 GB   10 MB/s    4m4s[K[?25h[?2026l[?2026h[?25l[A[1Gpulling manifest [K
pulling a3de86cd1c13:  50% ▕█████████         ▏ 2.6 GB/5.2 GB   10 MB/s    4m4s[K[?25h[?2026l[?2026h[?25l[A[1Gpulling manifest [K
pulling a3de86cd1c13:  50% ▕█████████         ▏ 2.6 GB/5.2 GB   10 MB/s    4m4s[K[?25h[?2026l[?2026h[?25l[A[1Gpulling manifest [K
pulling a3de86cd1c13:  50% ▕█████████         ▏ 2.6 GB/5.2 GB   10 MB/s    4m4s[K[?25h[?2026l[?2026h[?25l[A[1Gpulling manifest [K
pulling a3de86cd1c13:  50% ▕█████████         ▏ 2.6 GB/5.2 GB   10 MB/s    4m3s[K[?25h[?2026l[?2026h[?25l[A[1Gpulling manifest [K
pulling a3de86cd1c13:  50% ▕█████████         ▏ 2.6 GB/5.2 GB   10 MB/s    4m3s[K[?25h[?2026l[?2026h[?25l[A[1Gpulling manifest [K
pulling a3de86cd1c13:  50% ▕█████████         ▏ 2.6 GB/5.2 GB   10 MB/s    4m3s[K[?25h[?2026l[?2026h[?25l[A[1Gpulling manifest [K
pulling a3de86cd1c13:  50% ▕█████████         ▏ 2.6 GB/5.2 GB   10 MB/s    4m3s[K[?25h[?2026l[?2026h[?25l[A[1Gpulling manifest [K
pulling a3de86cd1c13:  50% ▕█████████         ▏ 2.6 GB/5.2 GB   10 MB/s    4m3s[K[?25h[?2026l[?2026h[?25l[A[1Gpulling manifest [K
pulling a3de86cd1c13:  50% ▕█████████         ▏ 2.6 GB/5.2 GB   10 MB/s    4m0s[K[?25h[?2026l[?2026h[?25l[A[1Gpulling manifest [K
pulling a3de86cd1c13:  50% ▕█████████         ▏ 2.6 GB/5.2 GB   10 MB/s    4m0s[K[?25h[?2026l[?2026h[?25l[A[1Gpulling manifest [K
pulling a3de86cd1c13:  50% ▕█████████         ▏ 2.6 GB/5.2 GB   10 MB/s    4m0s[K[?25h[?2026l[?2026h[?25l[A[1Gpulling manifest [K
pulling a3de86cd1c13:  51% ▕█████████         ▏ 2.6 GB/5.2 GB   10 MB/s    4m0s[K[?25h[?2026l[?2026h[?25l[A[1Gpulling manifest [K
pulling a3de86cd1c13:  51% ▕█████████         ▏ 2.6 GB/5.2 GB   10 MB/s   3m59s[K[?25h[?2026l[?2026h[?25l[A[1Gpulling manifest [K
pulling a3de86cd1c13:  51% ▕█████████         ▏ 2.6 GB/5.2 GB   10 MB/s   3m59s[K[?25h[?2026l[?2026h[?25l[A[1Gpulling manifest [K
pulling a3de86cd1c13:  51% ▕█████████         ▏ 2.6 GB/5.2 GB   10 MB/s   3m59s[K[?25h[?2026l[?2026h[?25l[A[1Gpulling manifest [K
pulling a3de86cd1c13:  51% ▕█████████         ▏ 2.6 GB/5.2 GB   10 MB/s   3m59s[K[?25h[?2026l[?2026h[?25l[A[1Gpulling manifest [K
pulling a3de86cd1c13:  51% ▕█████████         ▏ 2.6 GB/5.2 GB   10 MB/s   3m59s[K[?25h[?2026l[?2026h[?25l[A[1Gpulling manifest [K
pulling a3de86cd1c13:  51% ▕█████████         ▏ 2.6 GB/5.2 GB   10 MB/s   3m59s[K[?25h[?2026l[?2026h[?25l[A[1Gpulling manifest [K
pulling a3de86cd1c13:  51% ▕█████████         ▏ 2.6 GB/5.2 GB   10 MB/s   3m56s[K[?25h[?2026l[?2026h[?25l[A[1Gpulling manifest [K
pulling a3de86cd1c13:  51% ▕█████████         ▏ 2.6 GB/5.2 GB   10 MB/s   3m56s[K[?25h[?2026l[?2026h[?25l[A[1Gpulling manifest [K
pulling a3de86cd1c13:  51% ▕█████████         ▏ 2.6 GB/5.2 GB   10 MB/s   3m56s[K[?25h[?2026l[?2026h[?25l[A[1Gpulling manifest [K
pulling a3de86cd1c13:  51% ▕█████████         ▏ 2.7 GB/5.2 GB   10 MB/s   3m56s[K[?25h[?2026l[?2026h[?25l[A[1Gpulling manifest [K
pulling a3de86cd1c13:  51% ▕█████████         ▏ 2.7 GB/5.2 GB   10 MB/s   3m56s[K[?25h[?2026l[?2026h[?25l[A[1Gpulling manifest [K
pulling a3de86cd1c13:  51% ▕█████████         ▏ 2.7 GB/5.2 GB   10 MB/s   3m56s[K[?25h[?2026l[?2026h[?25l[A[1Gpulling manifest [K
pulling a3de86cd1c13:  51% ▕█████████         ▏ 2.7 GB/5.2 GB   10 MB/s   3m56s[K[?25h[?2026l[?2026h[?25l[A[1Gpulling manifest [K
pulling a3de86cd1c13:  51% ▕█████████         ▏ 2.7 GB/5.2 GB   10 MB/s   3m56s[K[?25h[?2026l[?2026h[?25l[A[1Gpulling manifest [K
pulling a3de86cd1c13:  51% ▕█████████         ▏ 2.7 GB/5.2 GB   10 MB/s   3m56s[K[?25h[?2026l[?2026h[?25l[A[1Gpulling manifest [K
pulling a3de86cd1c13:  51% ▕█████████         ▏ 2.7 GB/5.2 GB   10 MB/s   3m55s[K[?25h[?2026l[?2026h[?25l[A[1Gpulling manifest [K
pulling a3de86cd1c13:  51% ▕█████████         ▏ 2.7 GB/5.2 GB   11 MB/s   3m51s[K[?25h[?2026l[?2026h[?25l[A[1Gpulling manifest [K
pulling a3de86cd1c13:  51% ▕█████████         ▏ 2.7 GB/5.2 GB   11 MB/s   3m51s[K[?25h[?2026l[?2026h[?25l[A[1Gpulling manifest [K
pulling a3de86cd1c13:  51% ▕█████████         ▏ 2.7 GB/5.2 GB   11 MB/s   3m51s[K[?25h[?2026l[?2026h[?25l[A[1Gpulling manifest [K
pulling a3de86cd1c13:  51% ▕█████████         ▏ 2.7 GB/5.2 GB   11 MB/s   3m51s[K[?25h[?2026l[?2026h[?25l[A[1Gpulling manifest [K
pulling a3de86cd1c13:  51% ▕█████████         ▏ 2.7 GB/5.2 GB   11 MB/s   3m50s[K[?25h[?2026l[?2026h[?25l[A[1Gpulling manifest [K
pulling a3de86cd1c13:  51% ▕█████████         ▏ 2.7 GB/5.2 GB   11 MB/s   3m50s[K[?25h[?2026l[?2026h[?25l[A[1Gpulling manifest [K
pulling a3de86cd1c13:  51% ▕█████████         ▏ 2.7 GB/5.2 GB   11 MB/s   3m50s[K[?25h[?2026l[?2026h[?25l[A[1Gpulling manifest [K
pulling a3de86cd1c13:  51% ▕█████████         ▏ 2.7 GB/5.2 GB   11 MB/s   3m50s[K[?25h[?2026l[?2026h[?25l[A[1Gpulling manifest [K
pulling a3de86cd1c13:  51% ▕█████████         ▏ 2.7 GB/5.2 GB   11 MB/s   3m50s[K[?25h[?2026l[?2026h[?25l[A[1Gpulling manifest [K
pulling a3de86cd1c13:  51% ▕█████████         ▏ 2.7 GB/5.2 GB   11 MB/s   3m50s[K[?25h[?2026l[?2026h[?25l[A[1Gpulling manifest [K
pulling a3de86cd1c13:  51% ▕█████████         ▏ 2.7 GB/5.2 GB   11 MB/s   3m50s[K[?25h[?2026l[?2026h[?25l[A[1Gpulling manifest [K
pulling a3de86cd1c13:  51% ▕█████████         ▏ 2.7 GB/5.2 GB   11 MB/s   3m42s[K[?25h[?2026l[?2026h[?25l[A[1Gpulling manifest [K
pulling a3de86cd1c13:  51% ▕█████████         ▏ 2.7 GB/5.2 GB   11 MB/s   3m42s[K[?25h[?2026l[?2026h[?25l[A[1Gpulling manifest [K
pulling a3de86cd1c13:  51% ▕█████████         ▏ 2.7 GB/5.2 GB   11 MB/s   3m42s[K[?25h[?2026l[?2026h[?25l[A[1Gpulling manifest [K
pulling a3de86cd1c13:  51% ▕█████████         ▏ 2.7 GB/5.2 GB   11 MB/s   3m42s[K[?25h[?2026l[?2026h[?25l[A[1Gpulling manifest [K
pulling a3de86cd1c13:  51% ▕█████████         ▏ 2.7 GB/5.2 GB   11 MB/s   3m42s[K[?25h[?2026l[?2026h[?25l[A[1Gpulling manifest [K
pulling a3de86cd1c13:  51% ▕█████████         ▏ 2.7 GB/5.2 GB   11 MB/s   3m42s[K[?25h[?2026l[?2026h[?25l[A[1Gpulling manifest [K
pulling a3de86cd1c13:  51% ▕█████████         ▏ 2.7 GB/5.2 GB   11 MB/s   3m42s[K[?25h[?2026l[?2026h[?25l[A[1Gpulling manifest [K
pulling a3de86cd1c13:  51% ▕█████████         ▏ 2.7 GB/5.2 GB   11 MB/s   3m42s[K[?25h[?2026l[?2026h[?25l[A[1Gpulling manifest [K
pulling a3de86cd1c13:  51% ▕█████████         ▏ 2.7 GB/5.2 GB   11 MB/s   3m42s[K[?25h[?2026l[?2026h[?25l[A[1Gpulling manifest [K
pulling a3de86cd1c13:  51% ▕█████████         ▏ 2.7 GB/5.2 GB   11 MB/s   3m41s[K[?25h[?2026l[?2026h[?25l[A[1Gpulling manifest [K
pulling a3de86cd1c13:  51% ▕█████████         ▏ 2.7 GB/5.2 GB   11 MB/s   3m35s[K[?25h[?2026l[?2026h[?25l[A[1Gpulling manifest [K
pulling a3de86cd1c13:  51% ▕█████████         ▏ 2.7 GB/5.2 GB   11 MB/s   3m35s[K[?25h[?2026l[?2026h[?25l[A[1Gpulling manifest [K
pulling a3de86cd1c13:  51% ▕█████████         ▏ 2.7 GB/5.2 GB   11 MB/s   3m35s[K[?25h[?2026l[?2026h[?25l[A[1Gpulling manifest [K
pulling a3de86cd1c13:  51% ▕█████████         ▏ 2.7 GB/5.2 GB   11 MB/s   3m34s[K[?25h[?2026l[?2026h[?25l[A[1Gpulling manifest [K
pulling a3de86cd1c13:  51% ▕█████████         ▏ 2.7 GB/5.2 GB   11 MB/s   3m34s[K[?25h[?2026l[?2026h[?25l[A[1Gpulling manifest [K
pulling a3de86cd1c13:  52% ▕█████████         ▏ 2.7 GB/5.2 GB   11 MB/s   3m34s[K[?25h[?2026l[?2026h[?25l[A[1Gpulling manifest [K
pulling a3de86cd1c13:  52% ▕█████████         ▏ 2.7 GB/5.2 GB   11 MB/s   3m34s[K[?25h[?2026l[?2026h[?25l[A[1Gpulling manifest [K
pulling a3de86cd1c13:  52% ▕█████████         ▏ 2.7 GB/5.2 GB   11 MB/s   3m34s[K[?25h[?2026l[?2026h[?25l[A[1Gpulling manifest [K
pulling a3de86cd1c13:  52% ▕█████████         ▏ 2.7 GB/5.2 GB   11 MB/s   3m34s[K[?25h[?2026l[?2026h[?25l[A[1Gpulling manifest [K
pulling a3de86cd1c13:  52% ▕█████████         ▏ 2.7 GB/5.2 GB   11 MB/s   3m34s[K[?25h[?2026l[?2026h[?25l[A[1Gpulling manifest [K
pulling a3de86cd1c13:  52% ▕█████████         ▏ 2.7 GB/5.2 GB   11 MB/s   3m30s[K[?25h[?2026l[?2026h[?25l[A[1Gpulling manifest [K
pulling a3de86cd1c13:  52% ▕█████████         ▏ 2.7 GB/5.2 GB   11 MB/s   3m30s[K[?25h[?2026l[?2026h[?25l[A[1Gpulling manifest [K
pulling a3de86cd1c13:  52% ▕█████████         ▏ 2.7 GB/5.2 GB   11 MB/s   3m30s[K[?25h[?2026l[?2026h[?25l[A[1Gpulling manifest [K
pulling a3de86cd1c13:  52% ▕█████████         ▏ 2.7 GB/5.2 GB   11 MB/s   3m30s[K[?25h[?2026l[?2026h[?25l[A[1Gpulling manifest [K
pulling a3de86cd1c13:  52% ▕█████████         ▏ 2.7 GB/5.2 GB   11 MB/s   3m30s[K[?25h[?2026l[?2026h[?25l[A[1Gpulling manifest [K
pulling a3de86cd1c13:  52% ▕█████████         ▏ 2.7 GB/5.2 GB   11 MB/s   3m30s[K[?25h[?2026l[?2026h[?25l[A[1Gpulling manifest [K
pulling a3de86cd1c13:  52% ▕█████████         ▏ 2.7 GB/5.2 GB   11 MB/s   3m30s[K[?25h[?2026l[?2026h[?25l[A[1Gpulling manifest [K
pulling a3de86cd1c13:  52% ▕█████████         ▏ 2.7 GB/5.2 GB   11 MB/s   3m30s[K[?25h[?2026l[?2026h[?25l[A[1Gpulling manifest [K
pulling a3de86cd1c13:  52% ▕█████████         ▏ 2.7 GB/5.2 GB   11 MB/s   3m29s[K[?25h[?2026l[?2026h[?25l[A[1Gpulling manifest [K
pulling a3de86cd1c13:  52% ▕█████████         ▏ 2.7 GB/5.2 GB   11 MB/s   3m29s[K[?25h[?2026l[?2026h[?25l[A[1Gpulling manifest [K
pulling a3de86cd1c13:  52% ▕█████████         ▏ 2.7 GB/5.2 GB   12 MB/s   3m24s[K[?25h[?2026l[?2026h[?25l[A[1Gpulling manifest [K
pulling a3de86cd1c13:  52% ▕█████████         ▏ 2.7 GB/5.2 GB   12 MB/s   3m24s[K[?25h[?2026l[?2026h[?25l[A[1Gpulling manifest [K
pulling a3de86cd1c13:  52% ▕█████████         ▏ 2.7 GB/5.2 GB   12 MB/s   3m24s[K[?25h[?2026l[?2026h[?25l[A[1Gpulling manifest [K
pulling a3de86cd1c13:  52% ▕█████████         ▏ 2.7 GB/5.2 GB   12 MB/s   3m24s[K[?25h[?2026l[?2026h[?25l[A[1Gpulling manifest [K
pulling a3de86cd1c13:  52% ▕█████████         ▏ 2.7 GB/5.2 GB   12 MB/s   3m23s[K[?25h[?2026l[?2026h[?25l[A[1Gpulling manifest [K
pulling a3de86cd1c13:  52% ▕█████████         ▏ 2.7 GB/5.2 GB   12 MB/s   3m23s[K[?25h[?2026l[?2026h[?25l[A[1Gpulling manifest [K
pulling a3de86cd1c13:  52% ▕█████████         ▏ 2.7 GB/5.2 GB   12 MB/s   3m23s[K[?25h[?2026l[?2026h[?25l[A[1Gpulling manifest [K
pulling a3de86cd1c13:  52% ▕█████████         ▏ 2.7 GB/5.2 GB   12 MB/s   3m23s[K[?25h[?2026l[?2026h[?25l[A[1Gpulling manifest [K
pulling a3de86cd1c13:  52% ▕█████████         ▏ 2.7 GB/5.2 GB   12 MB/s   3m23s[K[?25h[?2026l[?2026h[?25l[A[1Gpulling manifest [K
pulling a3de86cd1c13:  52% ▕█████████         ▏ 2.7 GB/5.2 GB   12 MB/s   3m23s[K[?25h[?2026l[?2026h[?25l[A[1Gpulling manifest [K
pulling a3de86cd1c13:  52% ▕█████████         ▏ 2.7 GB/5.2 GB   12 MB/s   3m21s[K[?25h[?2026l[?2026h[?25l[A[1Gpulling manifest [K
pulling a3de86cd1c13:  52% ▕█████████         ▏ 2.7 GB/5.2 GB   12 MB/s   3m21s[K[?25h[?2026l[?2026h[?25l[A[1Gpulling manifest [K
pulling a3de86cd1c13:  52% ▕█████████         ▏ 2.7 GB/5.2 GB   12 MB/s   3m21s[K[?25h[?2026l[?2026h[?25l[A[1Gpulling manifest [K
pulling a3de86cd1c13:  52% ▕█████████         ▏ 2.7 GB/5.2 GB   12 MB/s   3m21s[K[?25h[?2026l[?2026h[?25l[A[1Gpulling manifest [K
pulling a3de86cd1c13:  52% ▕█████████         ▏ 2.7 GB/5.2 GB   12 MB/s   3m21s[K[?25h[?2026l[?2026h[?25l[A[1Gpulling manifest [K
pulling a3de86cd1c13:  52% ▕█████████         ▏ 2.7 GB/5.2 GB   12 MB/s   3m21s[K[?25h[?2026l[?2026h[?25l[A[1Gpulling manifest [K
pulling a3de86cd1c13:  52% ▕█████████         ▏ 2.7 GB/5.2 GB   12 MB/s   3m20s[K[?25h[?2026l[?2026h[?25l[A[1Gpulling manifest [K
pulling a3de86cd1c13:  52% ▕█████████         ▏ 2.7 GB/5.2 GB   12 MB/s   3m20s[K[?25h[?2026l[?2026h[?25l[A[1Gpulling manifest [K
pulling a3de86cd1c13:  52% ▕█████████         ▏ 2.7 GB/5.2 GB   12 MB/s   3m20s[K[?25h[?2026l[?2026h[?25l[A[1Gpulling manifest [K
pulling a3de86cd1c13:  52% ▕█████████         ▏ 2.7 GB/5.2 GB   12 MB/s   3m20s[K[?25h[?2026l[?2026h[?25l[A[1Gpulling manifest [K
pulling a3de86cd1c13:  52% ▕█████████         ▏ 2.7 GB/5.2 GB   12 MB/s   3m20s[K[?25h[?2026l[?2026h[?25l[A[1Gpulling manifest [K
pulling a3de86cd1c13:  52% ▕█████████         ▏ 2.7 GB/5.2 GB   12 MB/s   3m14s[K[?25h[?2026l[?2026h[?25l[A[1Gpulling manifest [K
pulling a3de86cd1c13:  52% ▕█████████         ▏ 2.7 GB/5.2 GB   12 MB/s   3m14s[K[?25h[?2026l[?2026h[?25l[A[1Gpulling manifest [K
pulling a3de86cd1c13:  52% ▕█████████         ▏ 2.7 GB/5.2 GB   12 MB/s   3m14s[K[?25h[?2026l[?2026h[?25l[A[1Gpulling manifest [K
pulling a3de86cd1c13:  53% ▕█████████         ▏ 2.7 GB/5.2 GB   12 MB/s   3m14s[K[?25h[?2026l[?2026h[?25l[A[1Gpulling manifest [K
pulling a3de86cd1c13:  53% ▕█████████         ▏ 2.7 GB/5.2 GB   12 MB/s   3m13s[K[?25h[?2026l[?2026h[?25l[A[1Gpulling manifest [K
pulling a3de86cd1c13:  53% ▕█████████         ▏ 2.7 GB/5.2 GB   12 MB/s   3m13s[K[?25h[?2026l[?2026h[?25l[A[1Gpulling manifest [K
pulling a3de86cd1c13:  53% ▕█████████         ▏ 2.7 GB/5.2 GB   12 MB/s   3m13s[K[?25h[?2026l[?2026h[?25l[A[1Gpulling manifest [K
pulling a3de86cd1c13:  53% ▕█████████         ▏ 2.8 GB/5.2 GB   12 MB/s   3m13s[K[?25h[?2026l[?2026h[?25l[A[1Gpulling manifest [K
pulling a3de86cd1c13:  53% ▕█████████         ▏ 2.8 GB/5.2 GB   12 MB/s   3m13s[K[?25h[?2026l[?2026h[?25l[A[1Gpulling manifest [K
pulling a3de86cd1c13:  53% ▕█████████         ▏ 2.8 GB/5.2 GB   12 MB/s   3m13s[K[?25h[?2026l[?2026h[?25l[A[1Gpulling manifest [K
pulling a3de86cd1c13:  53% ▕█████████         ▏ 2.8 GB/5.2 GB   12 MB/s   3m10s[K[?25h[?2026l[?2026h[?25l[A[1Gpulling manifest [K
pulling a3de86cd1c13:  53% ▕█████████         ▏ 2.8 GB/5.2 GB   12 MB/s   3m10s[K[?25h[?2026l[?2026h[?25l[A[1Gpulling manifest [K
pulling a3de86cd1c13:  53% ▕█████████         ▏ 2.8 GB/5.2 GB   12 MB/s   3m10s[K[?25h[?2026l[?2026h[?25l[A[1Gpulling manifest [K
pulling a3de86cd1c13:  53% ▕█████████         ▏ 2.8 GB/5.2 GB   12 MB/s   3m10s[K[?25h[?2026l[?2026h[?25l[A[1Gpulling manifest [K
pulling a3de86cd1c13:  53% ▕█████████         ▏ 2.8 GB/5.2 GB   12 MB/s   3m10s[K[?25h[?2026l[?2026h[?25l[A[1Gpulling manifest [K
pulling a3de86cd1c13:  53% ▕█████████         ▏ 2.8 GB/5.2 GB   12 MB/s   3m10s[K[?25h[?2026l[?2026h[?25l[A[1Gpulling manifest [K
pulling a3de86cd1c13:  53% ▕█████████         ▏ 2.8 GB/5.2 GB   12 MB/s   3m10s[K[?25h[?2026l[?2026h[?25l[A[1Gpulling manifest [K
pulling a3de86cd1c13:  53% ▕█████████         ▏ 2.8 GB/5.2 GB   12 MB/s   3m10s[K[?25h[?2026l[?2026h[?25l[A[1Gpulling manifest [K
pulling a3de86cd1c13:  53% ▕█████████         ▏ 2.8 GB/5.2 GB   12 MB/s    3m9s[K[?25h[?2026l[?2026h[?25l[A[1Gpulling manifest [K
pulling a3de86cd1c13:  53% ▕█████████         ▏ 2.8 GB/5.2 GB   12 MB/s    3m9s[K[?25h[?2026l[?2026h[?25l[A[1Gpulling manifest [K
pulling a3de86cd1c13:  53% ▕█████████         ▏ 2.8 GB/5.2 GB   13 MB/s    3m7s[K[?25h[?2026l[?2026h[?25l[A[1Gpulling manifest [K
pulling a3de86cd1c13:  53% ▕█████████         ▏ 2.8 GB/5.2 GB   13 MB/s    3m7s[K[?25h[?2026l[?2026h[?25l[A[1Gpulling manifest [K
pulling a3de86cd1c13:  53% ▕█████████         ▏ 2.8 GB/5.2 GB   13 MB/s    3m6s[K[?25h[?2026l[?2026h[?25l[A[1Gpulling manifest [K
pulling a3de86cd1c13:  53% ▕█████████         ▏ 2.8 GB/5.2 GB   13 MB/s    3m6s[K[?25h[?2026l[?2026h[?25l[A[1Gpulling manifest [K
pulling a3de86cd1c13:  53% ▕█████████         ▏ 2.8 GB/5.2 GB   13 MB/s    3m6s[K[?25h[?2026l[?2026h[?25l[A[1Gpulling manifest [K
pulling a3de86cd1c13:  53% ▕█████████         ▏ 2.8 GB/5.2 GB   13 MB/s    3m6s[K[?25h[?2026l[?2026h[?25l[A[1Gpulling manifest [K
pulling a3de86cd1c13:  53% ▕█████████         ▏ 2.8 GB/5.2 GB   13 MB/s    3m6s[K[?25h[?2026l[?2026h[?25l[A[1Gpulling manifest [K
pulling a3de86cd1c13:  53% ▕█████████         ▏ 2.8 GB/5.2 GB   13 MB/s    3m6s[K[?25h[?2026l[?2026h[?25l[A[1Gpulling manifest [K
pulling a3de86cd1c13:  53% ▕█████████         ▏ 2.8 GB/5.2 GB   13 MB/s    3m6s[K[?25h[?2026l[?2026h[?25l[A[1Gpulling manifest [K
pulling a3de86cd1c13:  53% ▕█████████         ▏ 2.8 GB/5.2 GB   13 MB/s    3m6s[K[?25h[?2026l[?2026h[?25l[A[1Gpulling manifest [K
pulling a3de86cd1c13:  53% ▕█████████         ▏ 2.8 GB/5.2 GB   13 MB/s    3m5s[K[?25h[?2026l[?2026h[?25l[A[1Gpulling manifest [K
pulling a3de86cd1c13:  53% ▕█████████         ▏ 2.8 GB/5.2 GB   13 MB/s    3m5s[K[?25h[?2026l[?2026h[?25l[A[1Gpulling manifest [K
pulling a3de86cd1c13:  53% ▕█████████         ▏ 2.8 GB/5.2 GB   13 MB/s    3m5s[K[?25h[?2026l[?2026h[?25l[A[1Gpulling manifest [K
pulling a3de86cd1c13:  53% ▕█████████         ▏ 2.8 GB/5.2 GB   13 MB/s    3m5s[K[?25h[?2026l[?2026h[?25l[A[1Gpulling manifest [K
pulling a3de86cd1c13:  53% ▕█████████         ▏ 2.8 GB/5.2 GB   13 MB/s    3m5s[K[?25h[?2026l[?2026h[?25l[A[1Gpulling manifest [K
pulling a3de86cd1c13:  53% ▕█████████         ▏ 2.8 GB/5.2 GB   13 MB/s    3m5s[K[?25h[?2026l[?2026h[?25l[A[1Gpulling manifest [K
pulling a3de86cd1c13:  53% ▕█████████         ▏ 2.8 GB/5.2 GB   13 MB/s    3m5s[K[?25h[?2026l[?2026h[?25l[A[1Gpulling manifest [K
pulling a3de86cd1c13:  53% ▕█████████         ▏ 2.8 GB/5.2 GB   13 MB/s    3m5s[K[?25h[?2026l[?2026h[?25l[A[1Gpulling manifest [K
pulling a3de86cd1c13:  53% ▕█████████         ▏ 2.8 GB/5.2 GB   13 MB/s    3m5s[K[?25h[?2026l[?2026h[?25l[A[1Gpulling manifest [K
pulling a3de86cd1c13:  53% ▕█████████         ▏ 2.8 GB/5.2 GB   13 MB/s    3m4s[K[?25h[?2026l[?2026h[?25l[A[1Gpulling manifest [K
pulling a3de86cd1c13:  53% ▕█████████         ▏ 2.8 GB/5.2 GB   13 MB/s    3m4s[K[?25h[?2026l[?2026h[?25l[A[1Gpulling manifest [K
pulling a3de86cd1c13:  53% ▕█████████         ▏ 2.8 GB/5.2 GB   13 MB/s    3m4s[K[?25h[?2026l[?2026h[?25l[A[1Gpulling manifest [K
pulling a3de86cd1c13:  53% ▕█████████         ▏ 2.8 GB/5.2 GB   13 MB/s    3m4s[K[?25h[?2026l[?2026h[?25l[A[1Gpulling manifest [K
pulling a3de86cd1c13:  54% ▕█████████         ▏ 2.8 GB/5.2 GB   13 MB/s    3m4s[K[?25h[?2026l[?2026h[?25l[A[1Gpulling manifest [K
pulling a3de86cd1c13:  54% ▕█████████         ▏ 2.8 GB/5.2 GB   13 MB/s    3m4s[K[?25h[?2026l[?2026h[?25l[A[1Gpulling manifest [K
pulling a3de86cd1c13:  54% ▕█████████         ▏ 2.8 GB/5.2 GB   13 MB/s    3m4s[K[?25h[?2026l[?2026h[?25l[A[1Gpulling manifest [K
pulling a3de86cd1c13:  54% ▕█████████         ▏ 2.8 GB/5.2 GB   13 MB/s    3m4s[K[?25h[?2026l[?2026h[?25l[A[1Gpulling manifest [K
pulling a3de86cd1c13:  54% ▕█████████         ▏ 2.8 GB/5.2 GB   13 MB/s    3m4s[K[?25h[?2026l[?2026h[?25l[A[1Gpulling manifest [K
pulling a3de86cd1c13:  54% ▕█████████         ▏ 2.8 GB/5.2 GB   13 MB/s    3m4s[K[?25h[?2026l[?2026h[?25l[A[1Gpulling manifest [K
pulling a3de86cd1c13:  54% ▕█████████         ▏ 2.8 GB/5.2 GB   13 MB/s    3m3s[K[?25h[?2026l[?2026h[?25l[A[1Gpulling manifest [K
pulling a3de86cd1c13:  54% ▕█████████         ▏ 2.8 GB/5.2 GB   13 MB/s    3m3s[K[?25h[?2026l[?2026h[?25l[A[1Gpulling manifest [K
pulling a3de86cd1c13:  54% ▕█████████         ▏ 2.8 GB/5.2 GB   13 MB/s    3m3s[K[?25h[?2026l[?2026h[?25l[A[1Gpulling manifest [K
pulling a3de86cd1c13:  54% ▕█████████         ▏ 2.8 GB/5.2 GB   13 MB/s    3m3s[K[?25h[?2026l[?2026h[?25l[A[1Gpulling manifest [K
pulling a3de86cd1c13:  54% ▕█████████         ▏ 2.8 GB/5.2 GB   13 MB/s    3m3s[K[?25h[?2026l[?2026h[?25l[A[1Gpulling manifest [K
pulling a3de86cd1c13:  54% ▕█████████         ▏ 2.8 GB/5.2 GB   13 MB/s    3m3s[K[?25h[?2026l[?2026h[?25l[A[1Gpulling manifest [K
pulling a3de86cd1c13:  54% ▕█████████         ▏ 2.8 GB/5.2 GB   13 MB/s    3m3s[K[?25h[?2026l[?2026h[?25l[A[1Gpulling manifest [K
pulling a3de86cd1c13:  54% ▕█████████         ▏ 2.8 GB/5.2 GB   13 MB/s    3m2s[K[?25h[?2026l[?2026h[?25l[A[1Gpulling manifest [K
pulling a3de86cd1c13:  54% ▕█████████         ▏ 2.8 GB/5.2 GB   13 MB/s    3m2s[K[?25h[?2026l[?2026h[?25l[A[1Gpulling manifest [K
pulling a3de86cd1c13:  54% ▕█████████         ▏ 2.8 GB/5.2 GB   13 MB/s    3m2s[K[?25h[?2026l[?2026h[?25l[A[1Gpulling manifest [K
pulling a3de86cd1c13:  54% ▕█████████         ▏ 2.8 GB/5.2 GB   13 MB/s    3m2s[K[?25h[?2026l[?2026h[?25l[A[1Gpulling manifest [K
pulling a3de86cd1c13:  54% ▕█████████         ▏ 2.8 GB/5.2 GB   13 MB/s    3m2s[K[?25h[?2026l[?2026h[?25l[A[1Gpulling manifest [K
pulling a3de86cd1c13:  54% ▕█████████         ▏ 2.8 GB/5.2 GB   13 MB/s    3m2s[K[?25h[?2026l[?2026h[?25l[A[1Gpulling manifest [K
pulling a3de86cd1c13:  54% ▕█████████         ▏ 2.8 GB/5.2 GB   13 MB/s    3m2s[K[?25h[?2026l[?2026h[?25l[A[1Gpulling manifest [K
pulling a3de86cd1c13:  54% ▕█████████         ▏ 2.8 GB/5.2 GB   13 MB/s    3m2s[K[?25h[?2026l[?2026h[?25l[A[1Gpulling manifest [K
pulling a3de86cd1c13:  54% ▕█████████         ▏ 2.8 GB/5.2 GB   13 MB/s    3m2s[K[?25h[?2026l[?2026h[?25l[A[1Gpulling manifest [K
pulling a3de86cd1c13:  54% ▕█████████         ▏ 2.8 GB/5.2 GB   13 MB/s    3m1s[K[?25h[?2026l[?2026h[?25l[A[1Gpulling manifest [K
pulling a3de86cd1c13:  54% ▕█████████         ▏ 2.8 GB/5.2 GB   13 MB/s    3m1s[K[?25h[?2026l[?2026h[?25l[A[1Gpulling manifest [K
pulling a3de86cd1c13:  54% ▕█████████         ▏ 2.8 GB/5.2 GB   13 MB/s    3m1s[K[?25h[?2026l[?2026h[?25l[A[1Gpulling manifest [K
pulling a3de86cd1c13:  54% ▕█████████         ▏ 2.8 GB/5.2 GB   13 MB/s    3m1s[K[?25h[?2026l[?2026h[?25l[A[1Gpulling manifest [K
pulling a3de86cd1c13:  54% ▕█████████         ▏ 2.8 GB/5.2 GB   13 MB/s    3m1s[K[?25h[?2026l[?2026h[?25l[A[1Gpulling manifest [K
pulling a3de86cd1c13:  54% ▕█████████         ▏ 2.8 GB/5.2 GB   13 MB/s    3m1s[K[?25h[?2026l[?2026h[?25l[A[1Gpulling manifest [K
pulling a3de86cd1c13:  54% ▕█████████         ▏ 2.8 GB/5.2 GB   13 MB/s    3m2s[K[?25h[?2026l[?2026h[?25l[A[1Gpulling manifest [K
pulling a3de86cd1c13:  54% ▕█████████         ▏ 2.8 GB/5.2 GB   13 MB/s    3m2s[K[?25h[?2026l[?2026h[?25l[A[1Gpulling manifest [K
pulling a3de86cd1c13:  54% ▕█████████         ▏ 2.8 GB/5.2 GB   13 MB/s    3m1s[K[?25h[?2026l[?2026h[?25l[A[1Gpulling manifest [K
pulling a3de86cd1c13:  54% ▕█████████         ▏ 2.8 GB/5.2 GB   13 MB/s    3m1s[K[?25h[?2026l[?2026h[?25l[A[1Gpulling manifest [K
pulling a3de86cd1c13:  54% ▕█████████         ▏ 2.8 GB/5.2 GB   13 MB/s    3m1s[K[?25h[?2026l[?2026h[?25l[A[1Gpulling manifest [K
pulling a3de86cd1c13:  54% ▕█████████         ▏ 2.8 GB/5.2 GB   13 MB/s    3m1s[K[?25h[?2026l[?2026h[?25l[A[1Gpulling manifest [K
pulling a3de86cd1c13:  54% ▕█████████         ▏ 2.8 GB/5.2 GB   13 MB/s    3m1s[K[?25h[?2026l[?2026h[?25l[A[1Gpulling manifest [K
pulling a3de86cd1c13:  54% ▕█████████         ▏ 2.8 GB/5.2 GB   13 MB/s    3m1s[K[?25h[?2026l[?2026h[?25l[A[1Gpulling manifest [K
pulling a3de86cd1c13:  54% ▕█████████         ▏ 2.8 GB/5.2 GB   13 MB/s    3m1s[K[?25h[?2026l[?2026h[?25l[A[1Gpulling manifest [K
pulling a3de86cd1c13:  54% ▕█████████         ▏ 2.8 GB/5.2 GB   13 MB/s    3m1s[K[?25h[?2026l[?2026h[?25l[A[1Gpulling manifest [K
pulling a3de86cd1c13:  54% ▕█████████         ▏ 2.8 GB/5.2 GB   13 MB/s   2m57s[K[?25h[?2026l[?2026h[?25l[A[1Gpulling manifest [K
pulling a3de86cd1c13:  54% ▕█████████         ▏ 2.8 GB/5.2 GB   13 MB/s   2m57s[K[?25h[?2026l[?2026h[?25l[A[1Gpulling manifest [K
pulling a3de86cd1c13:  55% ▕█████████         ▏ 2.8 GB/5.2 GB   13 MB/s   2m57s[K[?25h[?2026l[?2026h[?25l[A[1Gpulling manifest [K
pulling a3de86cd1c13:  55% ▕█████████         ▏ 2.8 GB/5.2 GB   13 MB/s   2m57s[K[?25h[?2026l[?2026h[?25l[A[1Gpulling manifest [K
pulling a3de86cd1c13:  55% ▕█████████         ▏ 2.9 GB/5.2 GB   13 MB/s   2m57s[K[?25h[?2026l[?2026h[?25l[A[1Gpulling manifest [K
pulling a3de86cd1c13:  55% ▕█████████         ▏ 2.9 GB/5.2 GB   13 MB/s   2m57s[K[?25h[?2026l[?2026h[?25l[A[1Gpulling manifest [K
pulling a3de86cd1c13:  55% ▕█████████         ▏ 2.9 GB/5.2 GB   13 MB/s   2m57s[K[?25h[?2026l[?2026h[?25l[A[1Gpulling manifest [K
pulling a3de86cd1c13:  55% ▕█████████         ▏ 2.9 GB/5.2 GB   13 MB/s   2m56s[K[?25h[?2026l[?2026h[?25l[A[1Gpulling manifest [K
pulling a3de86cd1c13:  55% ▕█████████         ▏ 2.9 GB/5.2 GB   13 MB/s   2m56s[K[?25h[?2026l[?2026h[?25l[A[1Gpulling manifest [K
pulling a3de86cd1c13:  55% ▕█████████         ▏ 2.9 GB/5.2 GB   13 MB/s   2m56s[K[?25h[?2026l[?2026h[?25l[A[1Gpulling manifest [K
pulling a3de86cd1c13:  55% ▕█████████         ▏ 2.9 GB/5.2 GB   13 MB/s    3m0s[K[?25h[?2026l[?2026h[?25l[A[1Gpulling manifest [K
pulling a3de86cd1c13:  55% ▕█████████         ▏ 2.9 GB/5.2 GB   13 MB/s   2m59s[K[?25h[?2026l[?2026h[?25l[A[1Gpulling manifest [K
pulling a3de86cd1c13:  55% ▕█████████         ▏ 2.9 GB/5.2 GB   13 MB/s   2m59s[K[?25h[?2026l[?2026h[?25l[A[1Gpulling manifest [K
pulling a3de86cd1c13:  55% ▕█████████         ▏ 2.9 GB/5.2 GB   13 MB/s   2m59s[K[?25h[?2026l[?2026h[?25l[A[1Gpulling manifest [K
pulling a3de86cd1c13:  55% ▕█████████         ▏ 2.9 GB/5.2 GB   13 MB/s   2m59s[K[?25h[?2026l[?2026h[?25l[A[1Gpulling manifest [K
pulling a3de86cd1c13:  55% ▕█████████         ▏ 2.9 GB/5.2 GB   13 MB/s   2m59s[K[?25h[?2026l[?2026h[?25l[A[1Gpulling manifest [K
pulling a3de86cd1c13:  55% ▕█████████         ▏ 2.9 GB/5.2 GB   13 MB/s   2m59s[K[?25h[?2026l[?2026h[?25l[A[1Gpulling manifest [K
pulling a3de86cd1c13:  55% ▕█████████         ▏ 2.9 GB/5.2 GB   13 MB/s   2m59s[K[?25h[?2026l[?2026h[?25l[A[1Gpulling manifest [K
pulling a3de86cd1c13:  55% ▕█████████         ▏ 2.9 GB/5.2 GB   13 MB/s   2m59s[K[?25h[?2026l[?2026h[?25l[A[1Gpulling manifest [K
pulling a3de86cd1c13:  55% ▕█████████         ▏ 2.9 GB/5.2 GB   13 MB/s   2m59s[K[?25h[?2026l[?2026h[?25l[A[1Gpulling manifest [K
pulling a3de86cd1c13:  55% ▕█████████         ▏ 2.9 GB/5.2 GB   13 MB/s   2m59s[K[?25h[?2026l[?2026h[?25l[A[1Gpulling manifest [K
pulling a3de86cd1c13:  55% ▕█████████         ▏ 2.9 GB/5.2 GB   13 MB/s   2m59s[K[?25h[?2026l[?2026h[?25l[A[1Gpulling manifest [K
pulling a3de86cd1c13:  55% ▕█████████         ▏ 2.9 GB/5.2 GB   13 MB/s   2m59s[K[?25h[?2026l[?2026h[?25l[A[1Gpulling manifest [K
pulling a3de86cd1c13:  55% ▕█████████         ▏ 2.9 GB/5.2 GB   13 MB/s   2m59s[K[?25h[?2026l[?2026h[?25l[A[1Gpulling manifest [K
pulling a3de86cd1c13:  55% ▕█████████         ▏ 2.9 GB/5.2 GB   13 MB/s   2m58s[K[?25h[?2026l[?2026h[?25l[A[1Gpulling manifest [K
pulling a3de86cd1c13:  55% ▕█████████         ▏ 2.9 GB/5.2 GB   13 MB/s   2m58s[K[?25h[?2026l[?2026h[?25l[A[1Gpulling manifest [K
pulling a3de86cd1c13:  55% ▕█████████         ▏ 2.9 GB/5.2 GB   13 MB/s   2m58s[K[?25h[?2026l[?2026h[?25l[A[1Gpulling manifest [K
pulling a3de86cd1c13:  55% ▕█████████         ▏ 2.9 GB/5.2 GB   13 MB/s   2m58s[K[?25h[?2026l[?2026h[?25l[A[1Gpulling manifest [K
pulling a3de86cd1c13:  55% ▕█████████         ▏ 2.9 GB/5.2 GB   13 MB/s   2m58s[K[?25h[?2026l[?2026h[?25l[A[1Gpulling manifest [K
pulling a3de86cd1c13:  55% ▕█████████         ▏ 2.9 GB/5.2 GB   13 MB/s   2m58s[K[?25h[?2026l[?2026h[?25l[A[1Gpulling manifest [K
pulling a3de86cd1c13:  55% ▕█████████         ▏ 2.9 GB/5.2 GB   13 MB/s   2m58s[K[?25h[?2026l[?2026h[?25l[A[1Gpulling manifest [K
pulling a3de86cd1c13:  55% ▕█████████         ▏ 2.9 GB/5.2 GB   13 MB/s   2m58s[K[?25h[?2026l[?2026h[?25l[A[1Gpulling manifest [K
pulling a3de86cd1c13:  55% ▕█████████         ▏ 2.9 GB/5.2 GB   13 MB/s   2m58s[K[?25h[?2026l[?2026h[?25l[A[1Gpulling manifest [K
pulling a3de86cd1c13:  55% ▕█████████         ▏ 2.9 GB/5.2 GB   13 MB/s   2m58s[K[?25h[?2026l[?2026h[?25l[A[1Gpulling manifest [K
pulling a3de86cd1c13:  55% ▕█████████         ▏ 2.9 GB/5.2 GB   13 MB/s   2m58s[K[?25h[?2026l[?2026h[?25l[A[1Gpulling manifest [K
pulling a3de86cd1c13:  55% ▕█████████         ▏ 2.9 GB/5.2 GB   13 MB/s   2m58s[K[?25h[?2026l[?2026h[?25l[A[1Gpulling manifest [K
pulling a3de86cd1c13:  55% ▕█████████         ▏ 2.9 GB/5.2 GB   13 MB/s   2m58s[K[?25h[?2026l[?2026h[?25l[A[1Gpulling manifest [K
pulling a3de86cd1c13:  55% ▕█████████         ▏ 2.9 GB/5.2 GB   13 MB/s   2m58s[K[?25h[?2026l[?2026h[?25l[A[1Gpulling manifest [K
pulling a3de86cd1c13:  55% ▕█████████         ▏ 2.9 GB/5.2 GB   13 MB/s   2m58s[K[?25h[?2026l[?2026h[?25l[A[1Gpulling manifest [K
pulling a3de86cd1c13:  55% ▕█████████         ▏ 2.9 GB/5.2 GB   13 MB/s   2m58s[K[?25h[?2026l[?2026h[?25l[A[1Gpulling manifest [K
pulling a3de86cd1c13:  55% ▕█████████         ▏ 2.9 GB/5.2 GB   13 MB/s   2m57s[K[?25h[?2026l[?2026h[?25l[A[1Gpulling manifest [K
pulling a3de86cd1c13:  55% ▕█████████         ▏ 2.9 GB/5.2 GB   13 MB/s   2m59s[K[?25h[?2026l[?2026h[?25l[A[1Gpulling manifest [K
pulling a3de86cd1c13:  55% ▕█████████         ▏ 2.9 GB/5.2 GB   13 MB/s   2m59s[K[?25h[?2026l[?2026h[?25l[A[1Gpulling manifest [K
pulling a3de86cd1c13:  55% ▕█████████         ▏ 2.9 GB/5.2 GB   13 MB/s   2m58s[K[?25h[?2026l[?2026h[?25l[A[1Gpulling manifest [K
pulling a3de86cd1c13:  56% ▕█████████         ▏ 2.9 GB/5.2 GB   13 MB/s   2m58s[K[?25h[?2026l[?2026h[?25l[A[1Gpulling manifest [K
pulling a3de86cd1c13:  56% ▕█████████         ▏ 2.9 GB/5.2 GB   13 MB/s   2m58s[K[?25h[?2026l[?2026h[?25l[A[1Gpulling manifest [K
pulling a3de86cd1c13:  56% ▕█████████         ▏ 2.9 GB/5.2 GB   13 MB/s   2m58s[K[?25h[?2026l[?2026h[?25l[A[1Gpulling manifest [K
pulling a3de86cd1c13:  56% ▕█████████         ▏ 2.9 GB/5.2 GB   13 MB/s   2m58s[K[?25h[?2026l[?2026h[?25l[A[1Gpulling manifest [K
pulling a3de86cd1c13:  56% ▕██████████        ▏ 2.9 GB/5.2 GB   13 MB/s   2m58s[K[?25h[?2026l[?2026h[?25l[A[1Gpulling manifest [K
pulling a3de86cd1c13:  56% ▕██████████        ▏ 2.9 GB/5.2 GB   13 MB/s   2m58s[K[?25h[?2026l[?2026h[?25l[A[1Gpulling manifest [K
pulling a3de86cd1c13:  56% ▕██████████        ▏ 2.9 GB/5.2 GB   13 MB/s   2m58s[K[?25h[?2026l[?2026h[?25l[A[1Gpulling manifest [K
pulling a3de86cd1c13:  56% ▕██████████        ▏ 2.9 GB/5.2 GB   12 MB/s   2m59s[K[?25h[?2026l[?2026h[?25l[A[1Gpulling manifest [K
pulling a3de86cd1c13:  56% ▕██████████        ▏ 2.9 GB/5.2 GB   12 MB/s   2m59s[K[?25h[?2026l[?2026h[?25l[A[1Gpulling manifest [K
pulling a3de86cd1c13:  56% ▕██████████        ▏ 2.9 GB/5.2 GB   12 MB/s   2m59s[K[?25h[?2026l[?2026h[?25l[A[1Gpulling manifest [K
pulling a3de86cd1c13:  56% ▕██████████        ▏ 2.9 GB/5.2 GB   12 MB/s   2m58s[K[?25h[?2026l[?2026h[?25l[A[1Gpulling manifest [K
pulling a3de86cd1c13:  56% ▕██████████        ▏ 2.9 GB/5.2 GB   12 MB/s   2m58s[K[?25h[?2026l[?2026h[?25l[A[1Gpulling manifest [K
pulling a3de86cd1c13:  56% ▕██████████        ▏ 2.9 GB/5.2 GB   12 MB/s   2m58s[K[?25h[?2026l[?2026h[?25l[A[1Gpulling manifest [K
pulling a3de86cd1c13:  56% ▕██████████        ▏ 2.9 GB/5.2 GB   12 MB/s   2m58s[K[?25h[?2026l[?2026h[?25l[A[1Gpulling manifest [K
pulling a3de86cd1c13:  56% ▕██████████        ▏ 2.9 GB/5.2 GB   12 MB/s   2m58s[K[?25h[?2026l[?2026h[?25l[A[1Gpulling manifest [K
pulling a3de86cd1c13:  56% ▕██████████        ▏ 2.9 GB/5.2 GB   12 MB/s   2m58s[K[?25h[?2026l[?2026h[?25l[A[1Gpulling manifest [K
pulling a3de86cd1c13:  56% ▕██████████        ▏ 2.9 GB/5.2 GB   12 MB/s   2m58s[K[?25h[?2026l[?2026h[?25l[A[1Gpulling manifest [K
pulling a3de86cd1c13:  56% ▕██████████        ▏ 2.9 GB/5.2 GB   12 MB/s   2m58s[K[?25h[?2026l[?2026h[?25l[A[1Gpulling manifest [K
pulling a3de86cd1c13:  56% ▕██████████        ▏ 2.9 GB/5.2 GB   12 MB/s   2m58s[K[?25h[?2026l[?2026h[?25l[A[1Gpulling manifest [K
pulling a3de86cd1c13:  56% ▕██████████        ▏ 2.9 GB/5.2 GB   12 MB/s   2m58s[K[?25h[?2026l[?2026h[?25l[A[1Gpulling manifest [K
pulling a3de86cd1c13:  56% ▕██████████        ▏ 2.9 GB/5.2 GB   12 MB/s   2m58s[K[?25h[?2026l[?2026h[?25l[A[1Gpulling manifest [K
pulling a3de86cd1c13:  56% ▕██████████        ▏ 2.9 GB/5.2 GB   12 MB/s   2m58s[K[?25h[?2026l[?2026h[?25l[A[1Gpulling manifest [K
pulling a3de86cd1c13:  56% ▕██████████        ▏ 2.9 GB/5.2 GB   12 MB/s   2m58s[K[?25h[?2026l[?2026h[?25l[A[1Gpulling manifest [K
pulling a3de86cd1c13:  56% ▕██████████        ▏ 2.9 GB/5.2 GB   12 MB/s   2m58s[K[?25h[?2026l[?2026h[?25l[A[1Gpulling manifest [K
pulling a3de86cd1c13:  56% ▕██████████        ▏ 2.9 GB/5.2 GB   12 MB/s   2m58s[K[?25h[?2026l[?2026h[?25l[A[1Gpulling manifest [K
pulling a3de86cd1c13:  56% ▕██████████        ▏ 2.9 GB/5.2 GB   12 MB/s   2m58s[K[?25h[?2026l[?2026h[?25l[A[1Gpulling manifest [K
pulling a3de86cd1c13:  56% ▕██████████        ▏ 2.9 GB/5.2 GB   12 MB/s   2m57s[K[?25h[?2026l[?2026h[?25l[A[1Gpulling manifest [K
pulling a3de86cd1c13:  56% ▕██████████        ▏ 2.9 GB/5.2 GB   12 MB/s   2m57s[K[?25h[?2026l[?2026h[?25l[A[1Gpulling manifest [K
pulling a3de86cd1c13:  56% ▕██████████        ▏ 2.9 GB/5.2 GB   12 MB/s   2m57s[K[?25h[?2026l[?2026h[?25l[A[1Gpulling manifest [K
pulling a3de86cd1c13:  56% ▕██████████        ▏ 2.9 GB/5.2 GB   12 MB/s   2m57s[K[?25h[?2026l[?2026h[?25l[A[1Gpulling manifest [K
pulling a3de86cd1c13:  56% ▕██████████        ▏ 2.9 GB/5.2 GB   12 MB/s   2m57s[K[?25h[?2026l[?2026h[?25l[A[1Gpulling manifest [K
pulling a3de86cd1c13:  56% ▕██████████        ▏ 2.9 GB/5.2 GB   12 MB/s   2m57s[K[?25h[?2026l[?2026h[?25l[A[1Gpulling manifest [K
pulling a3de86cd1c13:  56% ▕██████████        ▏ 2.9 GB/5.2 GB   12 MB/s   2m56s[K[?25h[?2026l[?2026h[?25l[A[1Gpulling manifest [K
pulling a3de86cd1c13:  56% ▕██████████        ▏ 2.9 GB/5.2 GB   12 MB/s   2m56s[K[?25h[?2026l[?2026h[?25l[A[1Gpulling manifest [K
pulling a3de86cd1c13:  56% ▕██████████        ▏ 2.9 GB/5.2 GB   12 MB/s   2m56s[K[?25h[?2026l[?2026h[?25l[A[1Gpulling manifest [K
pulling a3de86cd1c13:  56% ▕██████████        ▏ 2.9 GB/5.2 GB   12 MB/s   2m56s[K[?25h[?2026l[?2026h[?25l[A[1Gpulling manifest [K
pulling a3de86cd1c13:  56% ▕██████████        ▏ 2.9 GB/5.2 GB   12 MB/s   2m56s[K[?25h[?2026l[?2026h[?25l[A[1Gpulling manifest [K
pulling a3de86cd1c13:  56% ▕██████████        ▏ 2.9 GB/5.2 GB   12 MB/s   2m56s[K[?25h[?2026l[?2026h[?25l[A[1Gpulling manifest [K
pulling a3de86cd1c13:  56% ▕██████████        ▏ 2.9 GB/5.2 GB   13 MB/s   2m55s[K[?25h[?2026l[?2026h[?25l[A[1Gpulling manifest [K
pulling a3de86cd1c13:  56% ▕██████████        ▏ 2.9 GB/5.2 GB   13 MB/s   2m54s[K[?25h[?2026l[?2026h[?25l[A[1Gpulling manifest [K
pulling a3de86cd1c13:  56% ▕██████████        ▏ 3.0 GB/5.2 GB   13 MB/s   2m54s[K[?25h[?2026l[?2026h[?25l[A[1Gpulling manifest [K
pulling a3de86cd1c13:  57% ▕██████████        ▏ 3.0 GB/5.2 GB   13 MB/s   2m54s[K[?25h[?2026l[?2026h[?25l[A[1Gpulling manifest [K
pulling a3de86cd1c13:  57% ▕██████████        ▏ 3.0 GB/5.2 GB   13 MB/s   2m54s[K[?25h[?2026l[?2026h[?25l[A[1Gpulling manifest [K
pulling a3de86cd1c13:  57% ▕██████████        ▏ 3.0 GB/5.2 GB   13 MB/s   2m54s[K[?25h[?2026l[?2026h[?25l[A[1Gpulling manifest [K
pulling a3de86cd1c13:  57% ▕██████████        ▏ 3.0 GB/5.2 GB   13 MB/s   2m54s[K[?25h[?2026l[?2026h[?25l[A[1Gpulling manifest [K
pulling a3de86cd1c13:  57% ▕██████████        ▏ 3.0 GB/5.2 GB   13 MB/s   2m54s[K[?25h[?2026l[?2026h[?25l[A[1Gpulling manifest [K
pulling a3de86cd1c13:  57% ▕██████████        ▏ 3.0 GB/5.2 GB   13 MB/s   2m54s[K[?25h[?2026l[?2026h[?25l[A[1Gpulling manifest [K
pulling a3de86cd1c13:  57% ▕██████████        ▏ 3.0 GB/5.2 GB   13 MB/s   2m54s[K[?25h[?2026l[?2026h[?25l[A[1Gpulling manifest [K
pulling a3de86cd1c13:  57% ▕██████████        ▏ 3.0 GB/5.2 GB   12 MB/s   2m57s[K[?25h[?2026l[?2026h[?25l[A[1Gpulling manifest [K
pulling a3de86cd1c13:  57% ▕██████████        ▏ 3.0 GB/5.2 GB   12 MB/s   2m56s[K[?25h[?2026l[?2026h[?25l[A[1Gpulling manifest [K
pulling a3de86cd1c13:  57% ▕██████████        ▏ 3.0 GB/5.2 GB   12 MB/s   2m56s[K[?25h[?2026l[?2026h[?25l[A[1Gpulling manifest [K
pulling a3de86cd1c13:  57% ▕██████████        ▏ 3.0 GB/5.2 GB   12 MB/s   2m56s[K[?25h[?2026l[?2026h[?25l[A[1Gpulling manifest [K
pulling a3de86cd1c13:  57% ▕██████████        ▏ 3.0 GB/5.2 GB   12 MB/s   2m56s[K[?25h[?2026l[?2026h[?25l[A[1Gpulling manifest [K
pulling a3de86cd1c13:  57% ▕██████████        ▏ 3.0 GB/5.2 GB   12 MB/s   2m56s[K[?25h[?2026l[?2026h[?25l[A[1Gpulling manifest [K
pulling a3de86cd1c13:  57% ▕██████████        ▏ 3.0 GB/5.2 GB   12 MB/s   2m56s[K[?25h[?2026l[?2026h[?25l[A[1Gpulling manifest [K
pulling a3de86cd1c13:  57% ▕██████████        ▏ 3.0 GB/5.2 GB   12 MB/s   2m56s[K[?25h[?2026l[?2026h[?25l[A[1Gpulling manifest [K
pulling a3de86cd1c13:  57% ▕██████████        ▏ 3.0 GB/5.2 GB   12 MB/s   2m56s[K[?25h[?2026l[?2026h[?25l[A[1Gpulling manifest [K
pulling a3de86cd1c13:  57% ▕██████████        ▏ 3.0 GB/5.2 GB   12 MB/s   2m56s[K[?25h[?2026l[?2026h[?25l[A[1Gpulling manifest [K
pulling a3de86cd1c13:  57% ▕██████████        ▏ 3.0 GB/5.2 GB   12 MB/s   2m53s[K[?25h[?2026l[?2026h[?25l[A[1Gpulling manifest [K
pulling a3de86cd1c13:  57% ▕██████████        ▏ 3.0 GB/5.2 GB   12 MB/s   2m53s[K[?25h[?2026l[?2026h[?25l[A[1Gpulling manifest [K
pulling a3de86cd1c13:  57% ▕██████████        ▏ 3.0 GB/5.2 GB   12 MB/s   2m53s[K[?25h[?2026l[?2026h[?25l[A[1Gpulling manifest [K
pulling a3de86cd1c13:  57% ▕██████████        ▏ 3.0 GB/5.2 GB   12 MB/s   2m53s[K[?25h[?2026l[?2026h[?25l[A[1Gpulling manifest [K
pulling a3de86cd1c13:  57% ▕██████████        ▏ 3.0 GB/5.2 GB   12 MB/s   2m53s[K[?25h[?2026l[?2026h[?25l[A[1Gpulling manifest [K
pulling a3de86cd1c13:  57% ▕██████████        ▏ 3.0 GB/5.2 GB   12 MB/s   2m53s[K[?25h[?2026l[?2026h[?25l[A[1Gpulling manifest [K
pulling a3de86cd1c13:  57% ▕██████████        ▏ 3.0 GB/5.2 GB   12 MB/s   2m53s[K[?25h[?2026l[?2026h[?25l[A[1Gpulling manifest [K
pulling a3de86cd1c13:  57% ▕██████████        ▏ 3.0 GB/5.2 GB   12 MB/s   2m53s[K[?25h[?2026l[?2026h[?25l[A[1Gpulling manifest [K
pulling a3de86cd1c13:  57% ▕██████████        ▏ 3.0 GB/5.2 GB   12 MB/s   2m53s[K[?25h[?2026l[?2026h[?25l[A[1Gpulling manifest [K
pulling a3de86cd1c13:  57% ▕██████████        ▏ 3.0 GB/5.2 GB   12 MB/s   2m53s[K[?25h[?2026l[?2026h[?25l[A[1Gpulling manifest [K
pulling a3de86cd1c13:  57% ▕██████████        ▏ 3.0 GB/5.2 GB   13 MB/s   2m50s[K[?25h[?2026l[?2026h[?25l[A[1Gpulling manifest [K
pulling a3de86cd1c13:  57% ▕██████████        ▏ 3.0 GB/5.2 GB   13 MB/s   2m50s[K[?25h[?2026l[?2026h[?25l[A[1Gpulling manifest [K
pulling a3de86cd1c13:  57% ▕██████████        ▏ 3.0 GB/5.2 GB   13 MB/s   2m50s[K[?25h[?2026l[?2026h[?25l[A[1Gpulling manifest [K
pulling a3de86cd1c13:  57% ▕██████████        ▏ 3.0 GB/5.2 GB   13 MB/s   2m50s[K[?25h[?2026l[?2026h[?25l[A[1Gpulling manifest [K
pulling a3de86cd1c13:  57% ▕██████████        ▏ 3.0 GB/5.2 GB   13 MB/s   2m50s[K[?25h[?2026l[?2026h[?25l[A[1Gpulling manifest [K
pulling a3de86cd1c13:  57% ▕██████████        ▏ 3.0 GB/5.2 GB   13 MB/s   2m50s[K[?25h[?2026l[?2026h[?25l[A[1Gpulling manifest [K
pulling a3de86cd1c13:  57% ▕██████████        ▏ 3.0 GB/5.2 GB   13 MB/s   2m50s[K[?25h[?2026l[?2026h[?25l[A[1Gpulling manifest [K
pulling a3de86cd1c13:  57% ▕██████████        ▏ 3.0 GB/5.2 GB   13 MB/s   2m50s[K[?25h[?2026l[?2026h[?25l[A[1Gpulling manifest [K
pulling a3de86cd1c13:  57% ▕██████████        ▏ 3.0 GB/5.2 GB   13 MB/s   2m50s[K[?25h[?2026l[?2026h[?25l[A[1Gpulling manifest [K
pulling a3de86cd1c13:  57% ▕██████████        ▏ 3.0 GB/5.2 GB   13 MB/s   2m49s[K[?25h[?2026l[?2026h[?25l[A[1Gpulling manifest [K
pulling a3de86cd1c13:  57% ▕██████████        ▏ 3.0 GB/5.2 GB   13 MB/s   2m49s[K[?25h[?2026l[?2026h[?25l[A[1Gpulling manifest [K
pulling a3de86cd1c13:  57% ▕██████████        ▏ 3.0 GB/5.2 GB   13 MB/s   2m47s[K[?25h[?2026l[?2026h[?25l[A[1Gpulling manifest [K
pulling a3de86cd1c13:  58% ▕██████████        ▏ 3.0 GB/5.2 GB   13 MB/s   2m47s[K[?25h[?2026l[?2026h[?25l[A[1Gpulling manifest [K
pulling a3de86cd1c13:  58% ▕██████████        ▏ 3.0 GB/5.2 GB   13 MB/s   2m47s[K[?25h[?2026l[?2026h[?25l[A[1Gpulling manifest [K
pulling a3de86cd1c13:  58% ▕██████████        ▏ 3.0 GB/5.2 GB   13 MB/s   2m47s[K[?25h[?2026l[?2026h[?25l[A[1Gpulling manifest [K
pulling a3de86cd1c13:  58% ▕██████████        ▏ 3.0 GB/5.2 GB   13 MB/s   2m47s[K[?25h[?2026l[?2026h[?25l[A[1Gpulling manifest [K
pulling a3de86cd1c13:  58% ▕██████████        ▏ 3.0 GB/5.2 GB   13 MB/s   2m47s[K[?25h[?2026l[?2026h[?25l[A[1Gpulling manifest [K
pulling a3de86cd1c13:  58% ▕██████████        ▏ 3.0 GB/5.2 GB   13 MB/s   2m47s[K[?25h[?2026l[?2026h[?25l[A[1Gpulling manifest [K
pulling a3de86cd1c13:  58% ▕██████████        ▏ 3.0 GB/5.2 GB   13 MB/s   2m47s[K[?25h[?2026l[?2026h[?25l[A[1Gpulling manifest [K
pulling a3de86cd1c13:  58% ▕██████████        ▏ 3.0 GB/5.2 GB   13 MB/s   2m47s[K[?25h[?2026l[?2026h[?25l[A[1Gpulling manifest [K
pulling a3de86cd1c13:  58% ▕██████████        ▏ 3.0 GB/5.2 GB   13 MB/s   2m46s[K[?25h[?2026l[?2026h[?25l[A[1Gpulling manifest [K
pulling a3de86cd1c13:  58% ▕██████████        ▏ 3.0 GB/5.2 GB   13 MB/s   2m42s[K[?25h[?2026l[?2026h[?25l[A[1Gpulling manifest [K
pulling a3de86cd1c13:  58% ▕██████████        ▏ 3.0 GB/5.2 GB   13 MB/s   2m42s[K[?25h[?2026l[?2026h[?25l[A[1Gpulling manifest [K
pulling a3de86cd1c13:  58% ▕██████████        ▏ 3.0 GB/5.2 GB   13 MB/s   2m42s[K[?25h[?2026l[?2026h[?25l[A[1Gpulling manifest [K
pulling a3de86cd1c13:  58% ▕██████████        ▏ 3.0 GB/5.2 GB   13 MB/s   2m41s[K[?25h[?2026l[?2026h[?25l[A[1Gpulling manifest [K
pulling a3de86cd1c13:  58% ▕██████████        ▏ 3.0 GB/5.2 GB   13 MB/s   2m41s[K[?25h[?2026l[?2026h[?25l[A[1Gpulling manifest [K
pulling a3de86cd1c13:  58% ▕██████████        ▏ 3.0 GB/5.2 GB   13 MB/s   2m41s[K[?25h[?2026l[?2026h[?25l[A[1Gpulling manifest [K
pulling a3de86cd1c13:  58% ▕██████████        ▏ 3.0 GB/5.2 GB   13 MB/s   2m41s[K[?25h[?2026l[?2026h[?25l[A[1Gpulling manifest [K
pulling a3de86cd1c13:  58% ▕██████████        ▏ 3.0 GB/5.2 GB   13 MB/s   2m41s[K[?25h[?2026l[?2026h[?25l[A[1Gpulling manifest [K
pulling a3de86cd1c13:  58% ▕██████████        ▏ 3.0 GB/5.2 GB   13 MB/s   2m41s[K[?25h[?2026l[?2026h[?25l[A[1Gpulling manifest [K
pulling a3de86cd1c13:  58% ▕██████████        ▏ 3.0 GB/5.2 GB   13 MB/s   2m41s[K[?25h[?2026l[?2026h[?25l[A[1Gpulling manifest [K
pulling a3de86cd1c13:  58% ▕██████████        ▏ 3.0 GB/5.2 GB   14 MB/s   2m35s[K[?25h[?2026l[?2026h[?25l[A[1Gpulling manifest [K
pulling a3de86cd1c13:  58% ▕██████████        ▏ 3.0 GB/5.2 GB   14 MB/s   2m35s[K[?25h[?2026l[?2026h[?25l[A[1Gpulling manifest [K
pulling a3de86cd1c13:  58% ▕██████████        ▏ 3.0 GB/5.2 GB   14 MB/s   2m35s[K[?25h[?2026l[?2026h[?25l[A[1Gpulling manifest [K
pulling a3de86cd1c13:  58% ▕██████████        ▏ 3.0 GB/5.2 GB   14 MB/s   2m35s[K[?25h[?2026l[?2026h[?25l[A[1Gpulling manifest [K
pulling a3de86cd1c13:  58% ▕██████████        ▏ 3.0 GB/5.2 GB   14 MB/s   2m35s[K[?25h[?2026l[?2026h[?25l[A[1Gpulling manifest [K
pulling a3de86cd1c13:  58% ▕██████████        ▏ 3.0 GB/5.2 GB   14 MB/s   2m35s[K[?25h[?2026l[?2026h[?25l[A[1Gpulling manifest [K
pulling a3de86cd1c13:  58% ▕██████████        ▏ 3.0 GB/5.2 GB   14 MB/s   2m35s[K[?25h[?2026l[?2026h[?25l[A[1Gpulling manifest [K
pulling a3de86cd1c13:  58% ▕██████████        ▏ 3.0 GB/5.2 GB   14 MB/s   2m35s[K[?25h[?2026l[?2026h[?25l[A[1Gpulling manifest [K
pulling a3de86cd1c13:  58% ▕██████████        ▏ 3.0 GB/5.2 GB   14 MB/s   2m34s[K[?25h[?2026l[?2026h[?25l[A[1Gpulling manifest [K
pulling a3de86cd1c13:  58% ▕██████████        ▏ 3.0 GB/5.2 GB   14 MB/s   2m34s[K[?25h[?2026l[?2026h[?25l[A[1Gpulling manifest [K
pulling a3de86cd1c13:  58% ▕██████████        ▏ 3.0 GB/5.2 GB   14 MB/s   2m31s[K[?25h[?2026l[?2026h[?25l[A[1Gpulling manifest [K
pulling a3de86cd1c13:  58% ▕██████████        ▏ 3.1 GB/5.2 GB   14 MB/s   2m31s[K[?25h[?2026l[?2026h[?25l[A[1Gpulling manifest [K
pulling a3de86cd1c13:  58% ▕██████████        ▏ 3.1 GB/5.2 GB   14 MB/s   2m31s[K[?25h[?2026l[?2026h[?25l[A[1Gpulling manifest [K
pulling a3de86cd1c13:  58% ▕██████████        ▏ 3.1 GB/5.2 GB   14 MB/s   2m31s[K[?25h[?2026l[?2026h[?25l[A[1Gpulling manifest [K
pulling a3de86cd1c13:  58% ▕██████████        ▏ 3.1 GB/5.2 GB   14 MB/s   2m31s[K[?25h[?2026l[?2026h[?25l[A[1Gpulling manifest [K
pulling a3de86cd1c13:  58% ▕██████████        ▏ 3.1 GB/5.2 GB   14 MB/s   2m31s[K[?25h[?2026l[?2026h[?25l[A[1Gpulling manifest [K
pulling a3de86cd1c13:  59% ▕██████████        ▏ 3.1 GB/5.2 GB   14 MB/s   2m31s[K[?25h[?2026l[?2026h[?25l[A[1Gpulling manifest [K
pulling a3de86cd1c13:  59% ▕██████████        ▏ 3.1 GB/5.2 GB   14 MB/s   2m31s[K[?25h[?2026l[?2026h[?25l[A[1Gpulling manifest [K
pulling a3de86cd1c13:  59% ▕██████████        ▏ 3.1 GB/5.2 GB   14 MB/s   2m30s[K[?25h[?2026l[?2026h[?25l[A[1Gpulling manifest [K
pulling a3de86cd1c13:  59% ▕██████████        ▏ 3.1 GB/5.2 GB   14 MB/s   2m30s[K[?25h[?2026l[?2026h[?25l[A[1Gpulling manifest [K
pulling a3de86cd1c13:  59% ▕██████████        ▏ 3.1 GB/5.2 GB   14 MB/s   2m29s[K[?25h[?2026l[?2026h[?25l[A[1Gpulling manifest [K
pulling a3de86cd1c13:  59% ▕██████████        ▏ 3.1 GB/5.2 GB   14 MB/s   2m29s[K[?25h[?2026l[?2026h[?25l[A[1Gpulling manifest [K
pulling a3de86cd1c13:  59% ▕██████████        ▏ 3.1 GB/5.2 GB   14 MB/s   2m28s[K[?25h[?2026l[?2026h[?25l[A[1Gpulling manifest [K
pulling a3de86cd1c13:  59% ▕██████████        ▏ 3.1 GB/5.2 GB   14 MB/s   2m28s[K[?25h[?2026l[?2026h[?25l[A[1Gpulling manifest [K
pulling a3de86cd1c13:  59% ▕██████████        ▏ 3.1 GB/5.2 GB   14 MB/s   2m28s[K[?25h[?2026l[?2026h[?25l[A[1Gpulling manifest [K
pulling a3de86cd1c13:  59% ▕██████████        ▏ 3.1 GB/5.2 GB   14 MB/s   2m28s[K[?25h[?2026l[?2026h[?25l[A[1Gpulling manifest [K
pulling a3de86cd1c13:  59% ▕██████████        ▏ 3.1 GB/5.2 GB   14 MB/s   2m28s[K[?25h[?2026l[?2026h[?25l[A[1Gpulling manifest [K
pulling a3de86cd1c13:  59% ▕██████████        ▏ 3.1 GB/5.2 GB   14 MB/s   2m28s[K[?25h[?2026l[?2026h[?25l[A[1Gpulling manifest [K
pulling a3de86cd1c13:  59% ▕██████████        ▏ 3.1 GB/5.2 GB   14 MB/s   2m28s[K[?25h[?2026l[?2026h[?25l[A[1Gpulling manifest [K
pulling a3de86cd1c13:  59% ▕██████████        ▏ 3.1 GB/5.2 GB   14 MB/s   2m28s[K[?25h[?2026l[?2026h[?25l[A[1Gpulling manifest [K
pulling a3de86cd1c13:  59% ▕██████████        ▏ 3.1 GB/5.2 GB   14 MB/s   2m27s[K[?25h[?2026l[?2026h[?25l[A[1Gpulling manifest [K
pulling a3de86cd1c13:  59% ▕██████████        ▏ 3.1 GB/5.2 GB   14 MB/s   2m24s[K[?25h[?2026l[?2026h[?25l[A[1Gpulling manifest [K
pulling a3de86cd1c13:  59% ▕██████████        ▏ 3.1 GB/5.2 GB   14 MB/s   2m24s[K[?25h[?2026l[?2026h[?25l[A[1Gpulling manifest [K
pulling a3de86cd1c13:  59% ▕██████████        ▏ 3.1 GB/5.2 GB   14 MB/s   2m24s[K[?25h[?2026l[?2026h[?25l[A[1Gpulling manifest [K
pulling a3de86cd1c13:  59% ▕██████████        ▏ 3.1 GB/5.2 GB   14 MB/s   2m24s[K[?25h[?2026l[?2026h[?25l[A[1Gpulling manifest [K
pulling a3de86cd1c13:  59% ▕██████████        ▏ 3.1 GB/5.2 GB   14 MB/s   2m24s[K[?25h[?2026l[?2026h[?25l[A[1Gpulling manifest [K
pulling a3de86cd1c13:  59% ▕██████████        ▏ 3.1 GB/5.2 GB   14 MB/s   2m24s[K[?25h[?2026l[?2026h[?25l[A[1Gpulling manifest [K
pulling a3de86cd1c13:  59% ▕██████████        ▏ 3.1 GB/5.2 GB   14 MB/s   2m24s[K[?25h[?2026l[?2026h[?25l[A[1Gpulling manifest [K
pulling a3de86cd1c13:  59% ▕██████████        ▏ 3.1 GB/5.2 GB   14 MB/s   2m24s[K[?25h[?2026l[?2026h[?25l[A[1Gpulling manifest [K
pulling a3de86cd1c13:  59% ▕██████████        ▏ 3.1 GB/5.2 GB   14 MB/s   2m23s[K[?25h[?2026l[?2026h[?25l[A[1Gpulling manifest [K
pulling a3de86cd1c13:  59% ▕██████████        ▏ 3.1 GB/5.2 GB   14 MB/s   2m23s[K[?25h[?2026l[?2026h[?25l[A[1Gpulling manifest [K
pulling a3de86cd1c13:  59% ▕██████████        ▏ 3.1 GB/5.2 GB   15 MB/s   2m21s[K[?25h[?2026l[?2026h[?25l[A[1Gpulling manifest [K
pulling a3de86cd1c13:  59% ▕██████████        ▏ 3.1 GB/5.2 GB   15 MB/s   2m21s[K[?25h[?2026l[?2026h[?25l[A[1Gpulling manifest [K
pulling a3de86cd1c13:  59% ▕██████████        ▏ 3.1 GB/5.2 GB   15 MB/s   2m20s[K[?25h[?2026l[?2026h[?25l[A[1Gpulling manifest [K
pulling a3de86cd1c13:  59% ▕██████████        ▏ 3.1 GB/5.2 GB   15 MB/s   2m20s[K[?25h[?2026l[?2026h[?25l[A[1Gpulling manifest [K
pulling a3de86cd1c13:  59% ▕██████████        ▏ 3.1 GB/5.2 GB   15 MB/s   2m20s[K[?25h[?2026l[?2026h[?25l[A[1Gpulling manifest [K
pulling a3de86cd1c13:  59% ▕██████████        ▏ 3.1 GB/5.2 GB   15 MB/s   2m20s[K[?25h[?2026l[?2026h[?25l[A[1Gpulling manifest [K
pulling a3de86cd1c13:  59% ▕██████████        ▏ 3.1 GB/5.2 GB   15 MB/s   2m20s[K[?25h[?2026l[?2026h[?25l[A[1Gpulling manifest [K
pulling a3de86cd1c13:  59% ▕██████████        ▏ 3.1 GB/5.2 GB   15 MB/s   2m20s[K[?25h[?2026l[?2026h[?25l[A[1Gpulling manifest [K
pulling a3de86cd1c13:  60% ▕██████████        ▏ 3.1 GB/5.2 GB   15 MB/s   2m20s[K[?25h[?2026l[?2026h[?25l[A[1Gpulling manifest [K
pulling a3de86cd1c13:  60% ▕██████████        ▏ 3.1 GB/5.2 GB   15 MB/s   2m20s[K[?25h[?2026l[?2026h[?25l[A[1Gpulling manifest [K
pulling a3de86cd1c13:  60% ▕██████████        ▏ 3.1 GB/5.2 GB   15 MB/s   2m17s[K[?25h[?2026l[?2026h[?25l[A[1Gpulling manifest [K
pulling a3de86cd1c13:  60% ▕██████████        ▏ 3.1 GB/5.2 GB   15 MB/s   2m17s[K[?25h[?2026l[?2026h[?25l[A[1Gpulling manifest [K
pulling a3de86cd1c13:  60% ▕██████████        ▏ 3.1 GB/5.2 GB   15 MB/s   2m17s[K[?25h[?2026l[?2026h[?25l[A[1Gpulling manifest [K
pulling a3de86cd1c13:  60% ▕██████████        ▏ 3.1 GB/5.2 GB   15 MB/s   2m17s[K[?25h[?2026l[?2026h[?25l[A[1Gpulling manifest [K
pulling a3de86cd1c13:  60% ▕██████████        ▏ 3.1 GB/5.2 GB   15 MB/s   2m17s[K[?25h[?2026l[?2026h[?25l[A[1Gpulling manifest [K
pulling a3de86cd1c13:  60% ▕██████████        ▏ 3.1 GB/5.2 GB   15 MB/s   2m17s[K[?25h[?2026l[?2026h[?25l[A[1Gpulling manifest [K
pulling a3de86cd1c13:  60% ▕██████████        ▏ 3.1 GB/5.2 GB   15 MB/s   2m17s[K[?25h[?2026l[?2026h[?25l[A[1Gpulling manifest [K
pulling a3de86cd1c13:  60% ▕██████████        ▏ 3.1 GB/5.2 GB   15 MB/s   2m17s[K[?25h[?2026l[?2026h[?25l[A[1Gpulling manifest [K
pulling a3de86cd1c13:  60% ▕██████████        ▏ 3.1 GB/5.2 GB   15 MB/s   2m17s[K[?25h[?2026l[?2026h[?25l[A[1Gpulling manifest [K
pulling a3de86cd1c13:  60% ▕██████████        ▏ 3.1 GB/5.2 GB   15 MB/s   2m16s[K[?25h[?2026l[?2026h[?25l[A[1Gpulling manifest [K
pulling a3de86cd1c13:  60% ▕██████████        ▏ 3.1 GB/5.2 GB   15 MB/s   2m16s[K[?25h[?2026l[?2026h[?25l[A[1Gpulling manifest [K
pulling a3de86cd1c13:  60% ▕██████████        ▏ 3.1 GB/5.2 GB   15 MB/s   2m16s[K[?25h[?2026l[?2026h[?25l[A[1Gpulling manifest [K
pulling a3de86cd1c13:  60% ▕██████████        ▏ 3.1 GB/5.2 GB   15 MB/s   2m16s[K[?25h[?2026l[?2026h[?25l[A[1Gpulling manifest [K
pulling a3de86cd1c13:  60% ▕██████████        ▏ 3.1 GB/5.2 GB   15 MB/s   2m16s[K[?25h[?2026l[?2026h[?25l[A[1Gpulling manifest [K
pulling a3de86cd1c13:  60% ▕██████████        ▏ 3.1 GB/5.2 GB   15 MB/s   2m16s[K[?25h[?2026l[?2026h[?25l[A[1Gpulling manifest [K
pulling a3de86cd1c13:  60% ▕██████████        ▏ 3.1 GB/5.2 GB   15 MB/s   2m16s[K[?25h[?2026l[?2026h[?25l[A[1Gpulling manifest [K
pulling a3de86cd1c13:  60% ▕██████████        ▏ 3.1 GB/5.2 GB   15 MB/s   2m16s[K[?25h[?2026l[?2026h[?25l[A[1Gpulling manifest [K
pulling a3de86cd1c13:  60% ▕██████████        ▏ 3.1 GB/5.2 GB   15 MB/s   2m16s[K[?25h[?2026l[?2026h[?25l[A[1Gpulling manifest [K
pulling a3de86cd1c13:  60% ▕██████████        ▏ 3.1 GB/5.2 GB   15 MB/s   2m15s[K[?25h[?2026l[?2026h[?25l[A[1Gpulling manifest [K
pulling a3de86cd1c13:  60% ▕██████████        ▏ 3.1 GB/5.2 GB   15 MB/s   2m15s[K[?25h[?2026l[?2026h[?25l[A[1Gpulling manifest [K
pulling a3de86cd1c13:  60% ▕██████████        ▏ 3.1 GB/5.2 GB   15 MB/s   2m14s[K[?25h[?2026l[?2026h[?25l[A[1Gpulling manifest [K
pulling a3de86cd1c13:  60% ▕██████████        ▏ 3.1 GB/5.2 GB   15 MB/s   2m14s[K[?25h[?2026l[?2026h[?25l[A[1Gpulling manifest [K
pulling a3de86cd1c13:  60% ▕██████████        ▏ 3.1 GB/5.2 GB   15 MB/s   2m14s[K[?25h[?2026l[?2026h[?25l[A[1Gpulling manifest [K
pulling a3de86cd1c13:  60% ▕██████████        ▏ 3.1 GB/5.2 GB   15 MB/s   2m14s[K[?25h[?2026l[?2026h[?25l[A[1Gpulling manifest [K
pulling a3de86cd1c13:  60% ▕██████████        ▏ 3.1 GB/5.2 GB   15 MB/s   2m14s[K[?25h[?2026l[?2026h[?25l[A[1Gpulling manifest [K
pulling a3de86cd1c13:  60% ▕██████████        ▏ 3.2 GB/5.2 GB   15 MB/s   2m14s[K[?25h[?2026l[?2026h[?25l[A[1Gpulling manifest [K
pulling a3de86cd1c13:  60% ▕██████████        ▏ 3.2 GB/5.2 GB   15 MB/s   2m14s[K[?25h[?2026l[?2026h[?25l[A[1Gpulling manifest [K
pulling a3de86cd1c13:  60% ▕██████████        ▏ 3.2 GB/5.2 GB   15 MB/s   2m14s[K[?25h[?2026l[?2026h[?25l[A[1Gpulling manifest [K
pulling a3de86cd1c13:  60% ▕██████████        ▏ 3.2 GB/5.2 GB   15 MB/s   2m14s[K[?25h[?2026l[?2026h[?25l[A[1Gpulling manifest [K
pulling a3de86cd1c13:  60% ▕██████████        ▏ 3.2 GB/5.2 GB   15 MB/s   2m13s[K[?25h[?2026l[?2026h[?25l[A[1Gpulling manifest [K
pulling a3de86cd1c13:  60% ▕██████████        ▏ 3.2 GB/5.2 GB   15 MB/s   2m13s[K[?25h[?2026l[?2026h[?25l[A[1Gpulling manifest [K
pulling a3de86cd1c13:  60% ▕██████████        ▏ 3.2 GB/5.2 GB   15 MB/s   2m12s[K[?25h[?2026l[?2026h[?25l[A[1Gpulling manifest [K
pulling a3de86cd1c13:  60% ▕██████████        ▏ 3.2 GB/5.2 GB   15 MB/s   2m12s[K[?25h[?2026l[?2026h[?25l[A[1Gpulling manifest [K
pulling a3de86cd1c13:  61% ▕██████████        ▏ 3.2 GB/5.2 GB   15 MB/s   2m12s[K[?25h[?2026l[?2026h[?25l[A[1Gpulling manifest [K
pulling a3de86cd1c13:  61% ▕██████████        ▏ 3.2 GB/5.2 GB   15 MB/s   2m12s[K[?25h[?2026l[?2026h[?25l[A[1Gpulling manifest [K
pulling a3de86cd1c13:  61% ▕██████████        ▏ 3.2 GB/5.2 GB   15 MB/s   2m12s[K[?25h[?2026l[?2026h[?25l[A[1Gpulling manifest [K
pulling a3de86cd1c13:  61% ▕██████████        ▏ 3.2 GB/5.2 GB   15 MB/s   2m12s[K[?25h[?2026l[?2026h[?25l[A[1Gpulling manifest [K
pulling a3de86cd1c13:  61% ▕██████████        ▏ 3.2 GB/5.2 GB   15 MB/s   2m12s[K[?25h[?2026l[?2026h[?25l[A[1Gpulling manifest [K
pulling a3de86cd1c13:  61% ▕██████████        ▏ 3.2 GB/5.2 GB   15 MB/s   2m11s[K[?25h[?2026l[?2026h[?25l[A[1Gpulling manifest [K
pulling a3de86cd1c13:  61% ▕██████████        ▏ 3.2 GB/5.2 GB   15 MB/s   2m11s[K[?25h[?2026l[?2026h[?25l[A[1Gpulling manifest [K
pulling a3de86cd1c13:  61% ▕██████████        ▏ 3.2 GB/5.2 GB   15 MB/s   2m11s[K[?25h[?2026l[?2026h[?25l[A[1Gpulling manifest [K
pulling a3de86cd1c13:  61% ▕██████████        ▏ 3.2 GB/5.2 GB   15 MB/s   2m11s[K[?25h[?2026l[?2026h[?25l[A[1Gpulling manifest [K
pulling a3de86cd1c13:  61% ▕██████████        ▏ 3.2 GB/5.2 GB   15 MB/s   2m11s[K[?25h[?2026l[?2026h[?25l[A[1Gpulling manifest [K
pulling a3de86cd1c13:  61% ▕██████████        ▏ 3.2 GB/5.2 GB   15 MB/s   2m11s[K[?25h[?2026l[?2026h[?25l[A[1Gpulling manifest [K
pulling a3de86cd1c13:  61% ▕██████████        ▏ 3.2 GB/5.2 GB   15 MB/s   2m11s[K[?25h[?2026l[?2026h[?25l[A[1Gpulling manifest [K
pulling a3de86cd1c13:  61% ▕██████████        ▏ 3.2 GB/5.2 GB   15 MB/s   2m11s[K[?25h[?2026l[?2026h[?25l[A[1Gpulling manifest [K
pulling a3de86cd1c13:  61% ▕██████████        ▏ 3.2 GB/5.2 GB   15 MB/s   2m10s[K[?25h[?2026l[?2026h[?25l[A[1Gpulling manifest [K
pulling a3de86cd1c13:  61% ▕██████████        ▏ 3.2 GB/5.2 GB   15 MB/s   2m10s[K[?25h[?2026l[?2026h[?25l[A[1Gpulling manifest [K
pulling a3de86cd1c13:  61% ▕██████████        ▏ 3.2 GB/5.2 GB   15 MB/s   2m10s[K[?25h[?2026l[?2026h[?25l[A[1Gpulling manifest [K
pulling a3de86cd1c13:  61% ▕██████████        ▏ 3.2 GB/5.2 GB   15 MB/s   2m10s[K[?25h[?2026l[?2026h[?25l[A[1Gpulling manifest [K
pulling a3de86cd1c13:  61% ▕██████████        ▏ 3.2 GB/5.2 GB   15 MB/s   2m10s[K[?25h[?2026l[?2026h[?25l[A[1Gpulling manifest [K
pulling a3de86cd1c13:  61% ▕██████████        ▏ 3.2 GB/5.2 GB   15 MB/s   2m10s[K[?25h[?2026l[?2026h[?25l[A[1Gpulling manifest [K
pulling a3de86cd1c13:  61% ▕██████████        ▏ 3.2 GB/5.2 GB   15 MB/s   2m10s[K[?25h[?2026l[?2026h[?25l[A[1Gpulling manifest [K
pulling a3de86cd1c13:  61% ▕███████████       ▏ 3.2 GB/5.2 GB   15 MB/s    2m9s[K[?25h[?2026l[?2026h[?25l[A[1Gpulling manifest [K
pulling a3de86cd1c13:  61% ▕███████████       ▏ 3.2 GB/5.2 GB   15 MB/s    2m9s[K[?25h[?2026l[?2026h[?25l[A[1Gpulling manifest [K
pulling a3de86cd1c13:  61% ▕███████████       ▏ 3.2 GB/5.2 GB   15 MB/s    2m9s[K[?25h[?2026l[?2026h[?25l[A[1Gpulling manifest [K
pulling a3de86cd1c13:  61% ▕███████████       ▏ 3.2 GB/5.2 GB   15 MB/s    2m9s[K[?25h[?2026l[?2026h[?25l[A[1Gpulling manifest [K
pulling a3de86cd1c13:  61% ▕███████████       ▏ 3.2 GB/5.2 GB   15 MB/s    2m9s[K[?25h[?2026l[?2026h[?25l[A[1Gpulling manifest [K
pulling a3de86cd1c13:  61% ▕███████████       ▏ 3.2 GB/5.2 GB   15 MB/s    2m9s[K[?25h[?2026l[?2026h[?25l[A[1Gpulling manifest [K
pulling a3de86cd1c13:  61% ▕███████████       ▏ 3.2 GB/5.2 GB   15 MB/s    2m9s[K[?25h[?2026l[?2026h[?25l[A[1Gpulling manifest [K
pulling a3de86cd1c13:  61% ▕███████████       ▏ 3.2 GB/5.2 GB   15 MB/s    2m9s[K[?25h[?2026l[?2026h[?25l[A[1Gpulling manifest [K
pulling a3de86cd1c13:  61% ▕███████████       ▏ 3.2 GB/5.2 GB   15 MB/s    2m8s[K[?25h[?2026l[?2026h[?25l[A[1Gpulling manifest [K
pulling a3de86cd1c13:  61% ▕███████████       ▏ 3.2 GB/5.2 GB   15 MB/s    2m8s[K[?25h[?2026l[?2026h[?25l[A[1Gpulling manifest [K
pulling a3de86cd1c13:  61% ▕███████████       ▏ 3.2 GB/5.2 GB   15 MB/s    2m8s[K[?25h[?2026l[?2026h[?25l[A[1Gpulling manifest [K
pulling a3de86cd1c13:  61% ▕███████████       ▏ 3.2 GB/5.2 GB   15 MB/s    2m8s[K[?25h[?2026l[?2026h[?25l[A[1Gpulling manifest [K
pulling a3de86cd1c13:  61% ▕███████████       ▏ 3.2 GB/5.2 GB   15 MB/s    2m8s[K[?25h[?2026l[?2026h[?25l[A[1Gpulling manifest [K
pulling a3de86cd1c13:  61% ▕███████████       ▏ 3.2 GB/5.2 GB   15 MB/s    2m8s[K[?25h[?2026l[?2026h[?25l[A[1Gpulling manifest [K
pulling a3de86cd1c13:  62% ▕███████████       ▏ 3.2 GB/5.2 GB   15 MB/s    2m7s[K[?25h[?2026l[?2026h[?25l[A[1Gpulling manifest [K
pulling a3de86cd1c13:  62% ▕███████████       ▏ 3.2 GB/5.2 GB   15 MB/s    2m7s[K[?25h[?2026l[?2026h[?25l[A[1Gpulling manifest [K
pulling a3de86cd1c13:  62% ▕███████████       ▏ 3.2 GB/5.2 GB   15 MB/s    2m7s[K[?25h[?2026l[?2026h[?25l[A[1Gpulling manifest [K
pulling a3de86cd1c13:  62% ▕███████████       ▏ 3.2 GB/5.2 GB   15 MB/s    2m7s[K[?25h[?2026l[?2026h[?25l[A[1Gpulling manifest [K
pulling a3de86cd1c13:  62% ▕███████████       ▏ 3.2 GB/5.2 GB   15 MB/s    2m7s[K[?25h[?2026l[?2026h[?25l[A[1Gpulling manifest [K
pulling a3de86cd1c13:  62% ▕███████████       ▏ 3.2 GB/5.2 GB   15 MB/s    2m7s[K[?25h[?2026l[?2026h[?25l[A[1Gpulling manifest [K
pulling a3de86cd1c13:  62% ▕███████████       ▏ 3.2 GB/5.2 GB   15 MB/s    2m7s[K[?25h[?2026l[?2026h[?25l[A[1Gpulling manifest [K
pulling a3de86cd1c13:  62% ▕███████████       ▏ 3.2 GB/5.2 GB   15 MB/s    2m7s[K[?25h[?2026l[?2026h[?25l[A[1Gpulling manifest [K
pulling a3de86cd1c13:  62% ▕███████████       ▏ 3.2 GB/5.2 GB   15 MB/s    2m7s[K[?25h[?2026l[?2026h[?25l[A[1Gpulling manifest [K
pulling a3de86cd1c13:  62% ▕███████████       ▏ 3.2 GB/5.2 GB   15 MB/s    2m7s[K[?25h[?2026l[?2026h[?25l[A[1Gpulling manifest [K
pulling a3de86cd1c13:  62% ▕███████████       ▏ 3.2 GB/5.2 GB   15 MB/s    2m7s[K[?25h[?2026l[?2026h[?25l[A[1Gpulling manifest [K
pulling a3de86cd1c13:  62% ▕███████████       ▏ 3.2 GB/5.2 GB   15 MB/s    2m7s[K[?25h[?2026l[?2026h[?25l[A[1Gpulling manifest [K
pulling a3de86cd1c13:  62% ▕███████████       ▏ 3.2 GB/5.2 GB   15 MB/s    2m7s[K[?25h[?2026l[?2026h[?25l[A[1Gpulling manifest [K
pulling a3de86cd1c13:  62% ▕███████████       ▏ 3.2 GB/5.2 GB   15 MB/s    2m6s[K[?25h[?2026l[?2026h[?25l[A[1Gpulling manifest [K
pulling a3de86cd1c13:  62% ▕███████████       ▏ 3.2 GB/5.2 GB   15 MB/s    2m6s[K[?25h[?2026l[?2026h[?25l[A[1Gpulling manifest [K
pulling a3de86cd1c13:  62% ▕███████████       ▏ 3.2 GB/5.2 GB   15 MB/s    2m6s[K[?25h[?2026l[?2026h[?25l[A[1Gpulling manifest [K
pulling a3de86cd1c13:  62% ▕███████████       ▏ 3.2 GB/5.2 GB   15 MB/s    2m6s[K[?25h[?2026l[?2026h[?25l[A[1Gpulling manifest [K
pulling a3de86cd1c13:  62% ▕███████████       ▏ 3.2 GB/5.2 GB   15 MB/s    2m6s[K[?25h[?2026l[?2026h[?25l[A[1Gpulling manifest [K
pulling a3de86cd1c13:  62% ▕███████████       ▏ 3.2 GB/5.2 GB   15 MB/s    2m6s[K[?25h[?2026l[?2026h[?25l[A[1Gpulling manifest [K
pulling a3de86cd1c13:  62% ▕███████████       ▏ 3.2 GB/5.2 GB   15 MB/s    2m6s[K[?25h[?2026l[?2026h[?25l[A[1Gpulling manifest [K
pulling a3de86cd1c13:  62% ▕███████████       ▏ 3.2 GB/5.2 GB   15 MB/s    2m6s[K[?25h[?2026l[?2026h[?25l[A[1Gpulling manifest [K
pulling a3de86cd1c13:  62% ▕███████████       ▏ 3.2 GB/5.2 GB   15 MB/s    2m6s[K[?25h[?2026l[?2026h[?25l[A[1Gpulling manifest [K
pulling a3de86cd1c13:  62% ▕███████████       ▏ 3.2 GB/5.2 GB   15 MB/s    2m6s[K[?25h[?2026l[?2026h[?25l[A[1Gpulling manifest [K
pulling a3de86cd1c13:  62% ▕███████████       ▏ 3.3 GB/5.2 GB   15 MB/s    2m6s[K[?25h[?2026l[?2026h[?25l[A[1Gpulling manifest [K
pulling a3de86cd1c13:  62% ▕███████████       ▏ 3.3 GB/5.2 GB   15 MB/s    2m5s[K[?25h[?2026l[?2026h[?25l[A[1Gpulling manifest [K
pulling a3de86cd1c13:  62% ▕███████████       ▏ 3.3 GB/5.2 GB   15 MB/s    2m6s[K[?25h[?2026l[?2026h[?25l[A[1Gpulling manifest [K
pulling a3de86cd1c13:  62% ▕███████████       ▏ 3.3 GB/5.2 GB   15 MB/s    2m5s[K[?25h[?2026l[?2026h[?25l[A[1Gpulling manifest [K
pulling a3de86cd1c13:  62% ▕███████████       ▏ 3.3 GB/5.2 GB   15 MB/s    2m5s[K[?25h[?2026l[?2026h[?25l[A[1Gpulling manifest [K
pulling a3de86cd1c13:  62% ▕███████████       ▏ 3.3 GB/5.2 GB   15 MB/s    2m5s[K[?25h[?2026l[?2026h[?25l[A[1Gpulling manifest [K
pulling a3de86cd1c13:  62% ▕███████████       ▏ 3.3 GB/5.2 GB   15 MB/s    2m5s[K[?25h[?2026l[?2026h[?25l[A[1Gpulling manifest [K
pulling a3de86cd1c13:  62% ▕███████████       ▏ 3.3 GB/5.2 GB   15 MB/s    2m5s[K[?25h[?2026l[?2026h[?25l[A[1Gpulling manifest [K
pulling a3de86cd1c13:  62% ▕███████████       ▏ 3.3 GB/5.2 GB   15 MB/s    2m5s[K[?25h[?2026l[?2026h[?25l[A[1Gpulling manifest [K
pulling a3de86cd1c13:  62% ▕███████████       ▏ 3.3 GB/5.2 GB   15 MB/s    2m5s[K[?25h[?2026l[?2026h[?25l[A[1Gpulling manifest [K
pulling a3de86cd1c13:  63% ▕███████████       ▏ 3.3 GB/5.2 GB   15 MB/s    2m5s[K[?25h[?2026l[?2026h[?25l[A[1Gpulling manifest [K
pulling a3de86cd1c13:  63% ▕███████████       ▏ 3.3 GB/5.2 GB   15 MB/s    2m5s[K[?25h[?2026l[?2026h[?25l[A[1Gpulling manifest [K
pulling a3de86cd1c13:  63% ▕███████████       ▏ 3.3 GB/5.2 GB   15 MB/s    2m4s[K[?25h[?2026l[?2026h[?25l[A[1Gpulling manifest [K
pulling a3de86cd1c13:  63% ▕███████████       ▏ 3.3 GB/5.2 GB   15 MB/s    2m4s[K[?25h[?2026l[?2026h[?25l[A[1Gpulling manifest [K
pulling a3de86cd1c13:  63% ▕███████████       ▏ 3.3 GB/5.2 GB   15 MB/s    2m4s[K[?25h[?2026l[?2026h[?25l[A[1Gpulling manifest [K
pulling a3de86cd1c13:  63% ▕███████████       ▏ 3.3 GB/5.2 GB   15 MB/s    2m4s[K[?25h[?2026l[?2026h[?25l[A[1Gpulling manifest [K
pulling a3de86cd1c13:  63% ▕███████████       ▏ 3.3 GB/5.2 GB   15 MB/s    2m4s[K[?25h[?2026l[?2026h[?25l[A[1Gpulling manifest [K
pulling a3de86cd1c13:  63% ▕███████████       ▏ 3.3 GB/5.2 GB   15 MB/s    2m3s[K[?25h[?2026l[?2026h[?25l[A[1Gpulling manifest [K
pulling a3de86cd1c13:  63% ▕███████████       ▏ 3.3 GB/5.2 GB   15 MB/s    2m3s[K[?25h[?2026l[?2026h[?25l[A[1Gpulling manifest [K
pulling a3de86cd1c13:  63% ▕███████████       ▏ 3.3 GB/5.2 GB   15 MB/s    2m3s[K[?25h[?2026l[?2026h[?25l[A[1Gpulling manifest [K
pulling a3de86cd1c13:  63% ▕███████████       ▏ 3.3 GB/5.2 GB   15 MB/s    2m3s[K[?25h[?2026l[?2026h[?25l[A[1Gpulling manifest [K
pulling a3de86cd1c13:  63% ▕███████████       ▏ 3.3 GB/5.2 GB   15 MB/s    2m3s[K[?25h[?2026l[?2026h[?25l[A[1Gpulling manifest [K
pulling a3de86cd1c13:  63% ▕███████████       ▏ 3.3 GB/5.2 GB   15 MB/s    2m2s[K[?25h[?2026l[?2026h[?25l[A[1Gpulling manifest [K
pulling a3de86cd1c13:  63% ▕███████████       ▏ 3.3 GB/5.2 GB   15 MB/s    2m2s[K[?25h[?2026l[?2026h[?25l[A[1Gpulling manifest [K
pulling a3de86cd1c13:  63% ▕███████████       ▏ 3.3 GB/5.2 GB   15 MB/s    2m2s[K[?25h[?2026l[?2026h[?25l[A[1Gpulling manifest [K
pulling a3de86cd1c13:  63% ▕███████████       ▏ 3.3 GB/5.2 GB   15 MB/s    2m2s[K[?25h[?2026l[?2026h[?25l[A[1Gpulling manifest [K
pulling a3de86cd1c13:  63% ▕███████████       ▏ 3.3 GB/5.2 GB   15 MB/s    2m2s[K[?25h[?2026l[?2026h[?25l[A[1Gpulling manifest [K
pulling a3de86cd1c13:  63% ▕███████████       ▏ 3.3 GB/5.2 GB   15 MB/s    2m2s[K[?25h[?2026l[?2026h[?25l[A[1Gpulling manifest [K
pulling a3de86cd1c13:  63% ▕███████████       ▏ 3.3 GB/5.2 GB   15 MB/s    2m2s[K[?25h[?2026l[?2026h[?25l[A[1Gpulling manifest [K
pulling a3de86cd1c13:  63% ▕███████████       ▏ 3.3 GB/5.2 GB   15 MB/s    2m2s[K[?25h[?2026l[?2026h[?25l[A[1Gpulling manifest [K
pulling a3de86cd1c13:  63% ▕███████████       ▏ 3.3 GB/5.2 GB   15 MB/s    2m1s[K[?25h[?2026l[?2026h[?25l[A[1Gpulling manifest [K
pulling a3de86cd1c13:  63% ▕███████████       ▏ 3.3 GB/5.2 GB   15 MB/s    2m1s[K[?25h[?2026l[?2026h[?25l[A[1Gpulling manifest [K
pulling a3de86cd1c13:  63% ▕███████████       ▏ 3.3 GB/5.2 GB   15 MB/s    2m2s[K[?25h[?2026l[?2026h[?25l[A[1Gpulling manifest [K
pulling a3de86cd1c13:  63% ▕███████████       ▏ 3.3 GB/5.2 GB   15 MB/s    2m1s[K[?25h[?2026l[?2026h[?25l[A[1Gpulling manifest [K
pulling a3de86cd1c13:  63% ▕███████████       ▏ 3.3 GB/5.2 GB   15 MB/s    2m1s[K[?25h[?2026l[?2026h[?25l[A[1Gpulling manifest [K
pulling a3de86cd1c13:  63% ▕███████████       ▏ 3.3 GB/5.2 GB   15 MB/s    2m1s[K[?25h[?2026l[?2026h[?25l[A[1Gpulling manifest [K
pulling a3de86cd1c13:  63% ▕███████████       ▏ 3.3 GB/5.2 GB   15 MB/s    2m1s[K[?25h[?2026l[?2026h[?25l[A[1Gpulling manifest [K
pulling a3de86cd1c13:  63% ▕███████████       ▏ 3.3 GB/5.2 GB   15 MB/s    2m1s[K[?25h[?2026l[?2026h[?25l[A[1Gpulling manifest [K
pulling a3de86cd1c13:  63% ▕███████████       ▏ 3.3 GB/5.2 GB   15 MB/s    2m1s[K[?25h[?2026l[?2026h[?25l[A[1Gpulling manifest [K
pulling a3de86cd1c13:  63% ▕███████████       ▏ 3.3 GB/5.2 GB   15 MB/s    2m1s[K[?25h[?2026l[?2026h[?25l[A[1Gpulling manifest [K
pulling a3de86cd1c13:  63% ▕███████████       ▏ 3.3 GB/5.2 GB   15 MB/s    2m1s[K[?25h[?2026l[?2026h[?25l[A[1Gpulling manifest [K
pulling a3de86cd1c13:  63% ▕███████████       ▏ 3.3 GB/5.2 GB   15 MB/s    2m1s[K[?25h[?2026l[?2026h[?25l[A[1Gpulling manifest [K
pulling a3de86cd1c13:  63% ▕███████████       ▏ 3.3 GB/5.2 GB   15 MB/s    2m1s[K[?25h[?2026l[?2026h[?25l[A[1Gpulling manifest [K
pulling a3de86cd1c13:  63% ▕███████████       ▏ 3.3 GB/5.2 GB   15 MB/s    2m2s[K[?25h[?2026l[?2026h[?25l[A[1Gpulling manifest [K
pulling a3de86cd1c13:  63% ▕███████████       ▏ 3.3 GB/5.2 GB   15 MB/s    2m2s[K[?25h[?2026l[?2026h[?25l[A[1Gpulling manifest [K
pulling a3de86cd1c13:  64% ▕███████████       ▏ 3.3 GB/5.2 GB   15 MB/s    2m2s[K[?25h[?2026l[?2026h[?25l[A[1Gpulling manifest [K
pulling a3de86cd1c13:  64% ▕███████████       ▏ 3.3 GB/5.2 GB   15 MB/s    2m2s[K[?25h[?2026l[?2026h[?25l[A[1Gpulling manifest [K
pulling a3de86cd1c13:  64% ▕███████████       ▏ 3.3 GB/5.2 GB   15 MB/s    2m1s[K[?25h[?2026l[?2026h[?25l[A[1Gpulling manifest [K
pulling a3de86cd1c13:  64% ▕███████████       ▏ 3.3 GB/5.2 GB   15 MB/s    2m1s[K[?25h[?2026l[?2026h[?25l[A[1Gpulling manifest [K
pulling a3de86cd1c13:  64% ▕███████████       ▏ 3.3 GB/5.2 GB   15 MB/s    2m1s[K[?25h[?2026l[?2026h[?25l[A[1Gpulling manifest [K
pulling a3de86cd1c13:  64% ▕███████████       ▏ 3.3 GB/5.2 GB   15 MB/s    2m1s[K[?25h[?2026l[?2026h[?25l[A[1Gpulling manifest [K
pulling a3de86cd1c13:  64% ▕███████████       ▏ 3.3 GB/5.2 GB   15 MB/s    2m1s[K[?25h[?2026l[?2026h[?25l[A[1Gpulling manifest [K
pulling a3de86cd1c13:  64% ▕███████████       ▏ 3.3 GB/5.2 GB   15 MB/s    2m1s[K[?25h[?2026l[?2026h[?25l[A[1Gpulling manifest [K
pulling a3de86cd1c13:  64% ▕███████████       ▏ 3.3 GB/5.2 GB   15 MB/s    2m1s[K[?25h[?2026l[?2026h[?25l[A[1Gpulling manifest [K
pulling a3de86cd1c13:  64% ▕███████████       ▏ 3.3 GB/5.2 GB   15 MB/s    2m1s[K[?25h[?2026l[?2026h[?25l[A[1Gpulling manifest [K
pulling a3de86cd1c13:  64% ▕███████████       ▏ 3.3 GB/5.2 GB   15 MB/s    2m1s[K[?25h[?2026l[?2026h[?25l[A[1Gpulling manifest [K
pulling a3de86cd1c13:  64% ▕███████████       ▏ 3.3 GB/5.2 GB   15 MB/s    2m1s[K[?25h[?2026l[?2026h[?25l[A[1Gpulling manifest [K
pulling a3de86cd1c13:  64% ▕███████████       ▏ 3.3 GB/5.2 GB   15 MB/s    2m1s[K[?25h[?2026l[?2026h[?25l[A[1Gpulling manifest [K
pulling a3de86cd1c13:  64% ▕███████████       ▏ 3.3 GB/5.2 GB   15 MB/s    2m1s[K[?25h[?2026l[?2026h[?25l[A[1Gpulling manifest [K
pulling a3de86cd1c13:  64% ▕███████████       ▏ 3.3 GB/5.2 GB   15 MB/s    2m1s[K[?25h[?2026l[?2026h[?25l[A[1Gpulling manifest [K
pulling a3de86cd1c13:  64% ▕███████████       ▏ 3.3 GB/5.2 GB   15 MB/s    2m1s[K[?25h[?2026l[?2026h[?25l[A[1Gpulling manifest [K
pulling a3de86cd1c13:  64% ▕███████████       ▏ 3.3 GB/5.2 GB   15 MB/s    2m0s[K[?25h[?2026l[?2026h[?25l[A[1Gpulling manifest [K
pulling a3de86cd1c13:  64% ▕███████████       ▏ 3.3 GB/5.2 GB   15 MB/s    2m0s[K[?25h[?2026l[?2026h[?25l[A[1Gpulling manifest [K
pulling a3de86cd1c13:  64% ▕███████████       ▏ 3.3 GB/5.2 GB   15 MB/s   1m59s[K[?25h[?2026l[?2026h[?25l[A[1Gpulling manifest [K
pulling a3de86cd1c13:  64% ▕███████████       ▏ 3.3 GB/5.2 GB   15 MB/s   1m59s[K[?25h[?2026l[?2026h[?25l[A[1Gpulling manifest [K
pulling a3de86cd1c13:  64% ▕███████████       ▏ 3.4 GB/5.2 GB   15 MB/s   1m59s[K[?25h[?2026l[?2026h[?25l[A[1Gpulling manifest [K
pulling a3de86cd1c13:  64% ▕███████████       ▏ 3.4 GB/5.2 GB   15 MB/s   1m59s[K[?25h[?2026l[?2026h[?25l[A[1Gpulling manifest [K
pulling a3de86cd1c13:  64% ▕███████████       ▏ 3.4 GB/5.2 GB   15 MB/s   1m59s[K[?25h[?2026l[?2026h[?25l[A[1Gpulling manifest [K
pulling a3de86cd1c13:  64% ▕███████████       ▏ 3.4 GB/5.2 GB   15 MB/s   1m59s[K[?25h[?2026l[?2026h[?25l[A[1Gpulling manifest [K
pulling a3de86cd1c13:  64% ▕███████████       ▏ 3.4 GB/5.2 GB   15 MB/s   1m59s[K[?25h[?2026l[?2026h[?25l[A[1Gpulling manifest [K
pulling a3de86cd1c13:  64% ▕███████████       ▏ 3.4 GB/5.2 GB   15 MB/s   1m59s[K[?25h[?2026l[?2026h[?25l[A[1Gpulling manifest [K
pulling a3de86cd1c13:  64% ▕███████████       ▏ 3.4 GB/5.2 GB   15 MB/s   1m59s[K[?25h[?2026l[?2026h[?25l[A[1Gpulling manifest [K
pulling a3de86cd1c13:  64% ▕███████████       ▏ 3.4 GB/5.2 GB   15 MB/s   1m58s[K[?25h[?2026l[?2026h[?25l[A[1Gpulling manifest [K
pulling a3de86cd1c13:  64% ▕███████████       ▏ 3.4 GB/5.2 GB   15 MB/s   1m59s[K[?25h[?2026l[?2026h[?25l[A[1Gpulling manifest [K
pulling a3de86cd1c13:  64% ▕███████████       ▏ 3.4 GB/5.2 GB   15 MB/s   1m59s[K[?25h[?2026l[?2026h[?25l[A[1Gpulling manifest [K
pulling a3de86cd1c13:  64% ▕███████████       ▏ 3.4 GB/5.2 GB   15 MB/s   1m59s[K[?25h[?2026l[?2026h[?25l[A[1Gpulling manifest [K
pulling a3de86cd1c13:  64% ▕███████████       ▏ 3.4 GB/5.2 GB   15 MB/s   1m59s[K[?25h[?2026l[?2026h[?25l[A[1Gpulling manifest [K
pulling a3de86cd1c13:  64% ▕███████████       ▏ 3.4 GB/5.2 GB   15 MB/s   1m58s[K[?25h[?2026l[?2026h[?25l[A[1Gpulling manifest [K
pulling a3de86cd1c13:  64% ▕███████████       ▏ 3.4 GB/5.2 GB   15 MB/s   1m58s[K[?25h[?2026l[?2026h[?25l[A[1Gpulling manifest [K
pulling a3de86cd1c13:  65% ▕███████████       ▏ 3.4 GB/5.2 GB   15 MB/s   1m58s[K[?25h[?2026l[?2026h[?25l[A[1Gpulling manifest [K
pulling a3de86cd1c13:  65% ▕███████████       ▏ 3.4 GB/5.2 GB   15 MB/s   1m58s[K[?25h[?2026l[?2026h[?25l[A[1Gpulling manifest [K
pulling a3de86cd1c13:  65% ▕███████████       ▏ 3.4 GB/5.2 GB   15 MB/s   1m58s[K[?25h[?2026l[?2026h[?25l[A[1Gpulling manifest [K
pulling a3de86cd1c13:  65% ▕███████████       ▏ 3.4 GB/5.2 GB   15 MB/s   1m58s[K[?25h[?2026l[?2026h[?25l[A[1Gpulling manifest [K
pulling a3de86cd1c13:  65% ▕███████████       ▏ 3.4 GB/5.2 GB   15 MB/s   1m58s[K[?25h[?2026l[?2026h[?25l[A[1Gpulling manifest [K
pulling a3de86cd1c13:  65% ▕███████████       ▏ 3.4 GB/5.2 GB   15 MB/s   1m58s[K[?25h[?2026l[?2026h[?25l[A[1Gpulling manifest [K
pulling a3de86cd1c13:  65% ▕███████████       ▏ 3.4 GB/5.2 GB   15 MB/s   1m58s[K[?25h[?2026l[?2026h[?25l[A[1Gpulling manifest [K
pulling a3de86cd1c13:  65% ▕███████████       ▏ 3.4 GB/5.2 GB   15 MB/s   1m57s[K[?25h[?2026l[?2026h[?25l[A[1Gpulling manifest [K
pulling a3de86cd1c13:  65% ▕███████████       ▏ 3.4 GB/5.2 GB   15 MB/s   1m57s[K[?25h[?2026l[?2026h[?25l[A[1Gpulling manifest [K
pulling a3de86cd1c13:  65% ▕███████████       ▏ 3.4 GB/5.2 GB   15 MB/s   1m57s[K[?25h[?2026l[?2026h[?25l[A[1Gpulling manifest [K
pulling a3de86cd1c13:  65% ▕███████████       ▏ 3.4 GB/5.2 GB   15 MB/s   1m57s[K[?25h[?2026l[?2026h[?25l[A[1Gpulling manifest [K
pulling a3de86cd1c13:  65% ▕███████████       ▏ 3.4 GB/5.2 GB   15 MB/s   1m57s[K[?25h[?2026l[?2026h[?25l[A[1Gpulling manifest [K
pulling a3de86cd1c13:  65% ▕███████████       ▏ 3.4 GB/5.2 GB   15 MB/s   1m57s[K[?25h[?2026l[?2026h[?25l[A[1Gpulling manifest [K
pulling a3de86cd1c13:  65% ▕███████████       ▏ 3.4 GB/5.2 GB   15 MB/s   1m57s[K[?25h[?2026l[?2026h[?25l[A[1Gpulling manifest [K
pulling a3de86cd1c13:  65% ▕███████████       ▏ 3.4 GB/5.2 GB   15 MB/s   1m57s[K[?25h[?2026l[?2026h[?25l[A[1Gpulling manifest [K
pulling a3de86cd1c13:  65% ▕███████████       ▏ 3.4 GB/5.2 GB   15 MB/s   1m57s[K[?25h[?2026l[?2026h[?25l[A[1Gpulling manifest [K
pulling a3de86cd1c13:  65% ▕███████████       ▏ 3.4 GB/5.2 GB   15 MB/s   1m57s[K[?25h[?2026l[?2026h[?25l[A[1Gpulling manifest [K
pulling a3de86cd1c13:  65% ▕███████████       ▏ 3.4 GB/5.2 GB   15 MB/s   1m57s[K[?25h[?2026l[?2026h[?25l[A[1Gpulling manifest [K
pulling a3de86cd1c13:  65% ▕███████████       ▏ 3.4 GB/5.2 GB   15 MB/s   1m57s[K[?25h[?2026l[?2026h[?25l[A[1Gpulling manifest [K
pulling a3de86cd1c13:  65% ▕███████████       ▏ 3.4 GB/5.2 GB   15 MB/s   1m57s[K[?25h[?2026l[?2026h[?25l[A[1Gpulling manifest [K
pulling a3de86cd1c13:  65% ▕███████████       ▏ 3.4 GB/5.2 GB   15 MB/s   1m57s[K[?25h[?2026l[?2026h[?25l[A[1Gpulling manifest [K
pulling a3de86cd1c13:  65% ▕███████████       ▏ 3.4 GB/5.2 GB   15 MB/s   1m57s[K[?25h[?2026l[?2026h[?25l[A[1Gpulling manifest [K
pulling a3de86cd1c13:  65% ▕███████████       ▏ 3.4 GB/5.2 GB   15 MB/s   1m57s[K[?25h[?2026l[?2026h[?25l[A[1Gpulling manifest [K
pulling a3de86cd1c13:  65% ▕███████████       ▏ 3.4 GB/5.2 GB   15 MB/s   1m57s[K[?25h[?2026l[?2026h[?25l[A[1Gpulling manifest [K
pulling a3de86cd1c13:  65% ▕███████████       ▏ 3.4 GB/5.2 GB   15 MB/s   1m56s[K[?25h[?2026l[?2026h[?25l[A[1Gpulling manifest [K
pulling a3de86cd1c13:  65% ▕███████████       ▏ 3.4 GB/5.2 GB   15 MB/s   1m56s[K[?25h[?2026l[?2026h[?25l[A[1Gpulling manifest [K
pulling a3de86cd1c13:  65% ▕███████████       ▏ 3.4 GB/5.2 GB   15 MB/s   1m56s[K[?25h[?2026l[?2026h[?25l[A[1Gpulling manifest [K
pulling a3de86cd1c13:  65% ▕███████████       ▏ 3.4 GB/5.2 GB   15 MB/s   1m56s[K[?25h[?2026l[?2026h[?25l[A[1Gpulling manifest [K
pulling a3de86cd1c13:  65% ▕███████████       ▏ 3.4 GB/5.2 GB   15 MB/s   1m56s[K[?25h[?2026l[?2026h[?25l[A[1Gpulling manifest [K
pulling a3de86cd1c13:  65% ▕███████████       ▏ 3.4 GB/5.2 GB   15 MB/s   1m56s[K[?25h[?2026l[?2026h[?25l[A[1Gpulling manifest [K
pulling a3de86cd1c13:  65% ▕███████████       ▏ 3.4 GB/5.2 GB   15 MB/s   1m56s[K[?25h[?2026l[?2026h[?25l[A[1Gpulling manifest [K
pulling a3de86cd1c13:  65% ▕███████████       ▏ 3.4 GB/5.2 GB   15 MB/s   1m55s[K[?25h[?2026l[?2026h[?25l[A[1Gpulling manifest [K
pulling a3de86cd1c13:  65% ▕███████████       ▏ 3.4 GB/5.2 GB   15 MB/s   1m55s[K[?25h[?2026l[?2026h[?25l[A[1Gpulling manifest [K
pulling a3de86cd1c13:  65% ▕███████████       ▏ 3.4 GB/5.2 GB   15 MB/s   1m55s[K[?25h[?2026l[?2026h[?25l[A[1Gpulling manifest [K
pulling a3de86cd1c13:  66% ▕███████████       ▏ 3.4 GB/5.2 GB   15 MB/s   1m55s[K[?25h[?2026l[?2026h[?25l[A[1Gpulling manifest [K
pulling a3de86cd1c13:  66% ▕███████████       ▏ 3.4 GB/5.2 GB   15 MB/s   1m56s[K[?25h[?2026l[?2026h[?25l[A[1Gpulling manifest [K
pulling a3de86cd1c13:  66% ▕███████████       ▏ 3.4 GB/5.2 GB   15 MB/s   1m56s[K[?25h[?2026l[?2026h[?25l[A[1Gpulling manifest [K
pulling a3de86cd1c13:  66% ▕███████████       ▏ 3.4 GB/5.2 GB   15 MB/s   1m56s[K[?25h[?2026l[?2026h[?25l[A[1Gpulling manifest [K
pulling a3de86cd1c13:  66% ▕███████████       ▏ 3.4 GB/5.2 GB   15 MB/s   1m56s[K[?25h[?2026l[?2026h[?25l[A[1Gpulling manifest [K
pulling a3de86cd1c13:  66% ▕███████████       ▏ 3.4 GB/5.2 GB   15 MB/s   1m56s[K[?25h[?2026l[?2026h[?25l[A[1Gpulling manifest [K
pulling a3de86cd1c13:  66% ▕███████████       ▏ 3.4 GB/5.2 GB   15 MB/s   1m55s[K[?25h[?2026l[?2026h[?25l[A[1Gpulling manifest [K
pulling a3de86cd1c13:  66% ▕███████████       ▏ 3.4 GB/5.2 GB   15 MB/s   1m55s[K[?25h[?2026l[?2026h[?25l[A[1Gpulling manifest [K
pulling a3de86cd1c13:  66% ▕███████████       ▏ 3.4 GB/5.2 GB   15 MB/s   1m55s[K[?25h[?2026l[?2026h[?25l[A[1Gpulling manifest [K
pulling a3de86cd1c13:  66% ▕███████████       ▏ 3.4 GB/5.2 GB   15 MB/s   1m55s[K[?25h[?2026l[?2026h[?25l[A[1Gpulling manifest [K
pulling a3de86cd1c13:  66% ▕███████████       ▏ 3.4 GB/5.2 GB   15 MB/s   1m55s[K[?25h[?2026l[?2026h[?25l[A[1Gpulling manifest [K
pulling a3de86cd1c13:  66% ▕███████████       ▏ 3.4 GB/5.2 GB   15 MB/s   1m57s[K[?25h[?2026l[?2026h[?25l[A[1Gpulling manifest [K
pulling a3de86cd1c13:  66% ▕███████████       ▏ 3.4 GB/5.2 GB   15 MB/s   1m57s[K[?25h[?2026l[?2026h[?25l[A[1Gpulling manifest [K
pulling a3de86cd1c13:  66% ▕███████████       ▏ 3.4 GB/5.2 GB   15 MB/s   1m57s[K[?25h[?2026l[?2026h[?25l[A[1Gpulling manifest [K
pulling a3de86cd1c13:  66% ▕███████████       ▏ 3.4 GB/5.2 GB   15 MB/s   1m57s[K[?25h[?2026l[?2026h[?25l[A[1Gpulling manifest [K
pulling a3de86cd1c13:  66% ▕███████████       ▏ 3.4 GB/5.2 GB   15 MB/s   1m57s[K[?25h[?2026l[?2026h[?25l[A[1Gpulling manifest [K
pulling a3de86cd1c13:  66% ▕███████████       ▏ 3.4 GB/5.2 GB   15 MB/s   1m57s[K[?25h[?2026l[?2026h[?25l[A[1Gpulling manifest [K
pulling a3de86cd1c13:  66% ▕███████████       ▏ 3.4 GB/5.2 GB   15 MB/s   1m56s[K[?25h[?2026l[?2026h[?25l[A[1Gpulling manifest [K
pulling a3de86cd1c13:  66% ▕███████████       ▏ 3.4 GB/5.2 GB   15 MB/s   1m56s[K[?25h[?2026l[?2026h[?25l[A[1Gpulling manifest [K
pulling a3de86cd1c13:  66% ▕███████████       ▏ 3.4 GB/5.2 GB   15 MB/s   1m56s[K[?25h[?2026l[?2026h[?25l[A[1Gpulling manifest [K
pulling a3de86cd1c13:  66% ▕███████████       ▏ 3.5 GB/5.2 GB   15 MB/s   1m56s[K[?25h[?2026l[?2026h[?25l[A[1Gpulling manifest [K
pulling a3de86cd1c13:  66% ▕███████████       ▏ 3.5 GB/5.2 GB   15 MB/s   1m55s[K[?25h[?2026l[?2026h[?25l[A[1Gpulling manifest [K
pulling a3de86cd1c13:  66% ▕███████████       ▏ 3.5 GB/5.2 GB   15 MB/s   1m55s[K[?25h[?2026l[?2026h[?25l[A[1Gpulling manifest [K
pulling a3de86cd1c13:  66% ▕███████████       ▏ 3.5 GB/5.2 GB   15 MB/s   1m55s[K[?25h[?2026l[?2026h[?25l[A[1Gpulling manifest [K
pulling a3de86cd1c13:  66% ▕███████████       ▏ 3.5 GB/5.2 GB   15 MB/s   1m55s[K[?25h[?2026l[?2026h[?25l[A[1Gpulling manifest [K
pulling a3de86cd1c13:  66% ▕███████████       ▏ 3.5 GB/5.2 GB   15 MB/s   1m55s[K[?25h[?2026l[?2026h[?25l[A[1Gpulling manifest [K
pulling a3de86cd1c13:  66% ▕███████████       ▏ 3.5 GB/5.2 GB   15 MB/s   1m55s[K[?25h[?2026l[?2026h[?25l[A[1Gpulling manifest [K
pulling a3de86cd1c13:  66% ▕███████████       ▏ 3.5 GB/5.2 GB   15 MB/s   1m55s[K[?25h[?2026l[?2026h[?25l[A[1Gpulling manifest [K
pulling a3de86cd1c13:  66% ▕███████████       ▏ 3.5 GB/5.2 GB   15 MB/s   1m54s[K[?25h[?2026l[?2026h[?25l[A[1Gpulling manifest [K
pulling a3de86cd1c13:  66% ▕███████████       ▏ 3.5 GB/5.2 GB   15 MB/s   1m54s[K[?25h[?2026l[?2026h[?25l[A[1Gpulling manifest [K
pulling a3de86cd1c13:  66% ▕███████████       ▏ 3.5 GB/5.2 GB   15 MB/s   1m54s[K[?25h[?2026l[?2026h[?25l[A[1Gpulling manifest [K
pulling a3de86cd1c13:  66% ▕███████████       ▏ 3.5 GB/5.2 GB   15 MB/s   1m54s[K[?25h[?2026l[?2026h[?25l[A[1Gpulling manifest [K
pulling a3de86cd1c13:  66% ▕███████████       ▏ 3.5 GB/5.2 GB   15 MB/s   1m55s[K[?25h[?2026l[?2026h[?25l[A[1Gpulling manifest [K
pulling a3de86cd1c13:  66% ▕███████████       ▏ 3.5 GB/5.2 GB   15 MB/s   1m55s[K[?25h[?2026l[?2026h[?25l[A[1Gpulling manifest [K
pulling a3de86cd1c13:  66% ▕███████████       ▏ 3.5 GB/5.2 GB   15 MB/s   1m55s[K[?25h[?2026l[?2026h[?25l[A[1Gpulling manifest [K
pulling a3de86cd1c13:  66% ▕███████████       ▏ 3.5 GB/5.2 GB   15 MB/s   1m55s[K[?25h[?2026l[?2026h[?25l[A[1Gpulling manifest [K
pulling a3de86cd1c13:  66% ▕███████████       ▏ 3.5 GB/5.2 GB   15 MB/s   1m55s[K[?25h[?2026l[?2026h[?25l[A[1Gpulling manifest [K
pulling a3de86cd1c13:  66% ▕███████████       ▏ 3.5 GB/5.2 GB   15 MB/s   1m55s[K[?25h[?2026l[?2026h[?25l[A[1Gpulling manifest [K
pulling a3de86cd1c13:  67% ▕███████████       ▏ 3.5 GB/5.2 GB   15 MB/s   1m54s[K[?25h[?2026l[?2026h[?25l[A[1Gpulling manifest [K
pulling a3de86cd1c13:  67% ▕███████████       ▏ 3.5 GB/5.2 GB   15 MB/s   1m54s[K[?25h[?2026l[?2026h[?25l[A[1Gpulling manifest [K
pulling a3de86cd1c13:  67% ▕███████████       ▏ 3.5 GB/5.2 GB   15 MB/s   1m54s[K[?25h[?2026l[?2026h[?25l[A[1Gpulling manifest [K
pulling a3de86cd1c13:  67% ▕███████████       ▏ 3.5 GB/5.2 GB   15 MB/s   1m54s[K[?25h[?2026l[?2026h[?25l[A[1Gpulling manifest [K
pulling a3de86cd1c13:  67% ▕███████████       ▏ 3.5 GB/5.2 GB   14 MB/s   1m57s[K[?25h[?2026l[?2026h[?25l[A[1Gpulling manifest [K
pulling a3de86cd1c13:  67% ▕███████████       ▏ 3.5 GB/5.2 GB   14 MB/s   1m57s[K[?25h[?2026l[?2026h[?25l[A[1Gpulling manifest [K
pulling a3de86cd1c13:  67% ▕███████████       ▏ 3.5 GB/5.2 GB   14 MB/s   1m57s[K[?25h[?2026l[?2026h[?25l[A[1Gpulling manifest [K
pulling a3de86cd1c13:  67% ▕████████████      ▏ 3.5 GB/5.2 GB   14 MB/s   1m57s[K[?25h[?2026l[?2026h[?25l[A[1Gpulling manifest [K
pulling a3de86cd1c13:  67% ▕████████████      ▏ 3.5 GB/5.2 GB   14 MB/s   1m57s[K[?25h[?2026l[?2026h[?25l[A[1Gpulling manifest [K
pulling a3de86cd1c13:  67% ▕████████████      ▏ 3.5 GB/5.2 GB   14 MB/s   1m57s[K[?25h[?2026l[?2026h[?25l[A[1Gpulling manifest [K
pulling a3de86cd1c13:  67% ▕████████████      ▏ 3.5 GB/5.2 GB   14 MB/s   1m57s[K[?25h[?2026l[?2026h[?25l[A[1Gpulling manifest [K
pulling a3de86cd1c13:  67% ▕████████████      ▏ 3.5 GB/5.2 GB   14 MB/s   1m57s[K[?25h[?2026l[?2026h[?25l[A[1Gpulling manifest [K
pulling a3de86cd1c13:  67% ▕████████████      ▏ 3.5 GB/5.2 GB   14 MB/s   1m56s[K[?25h[?2026l[?2026h[?25l[A[1Gpulling manifest [K
pulling a3de86cd1c13:  67% ▕████████████      ▏ 3.5 GB/5.2 GB   14 MB/s   1m56s[K[?25h[?2026l[?2026h[?25l[A[1Gpulling manifest [K
pulling a3de86cd1c13:  67% ▕████████████      ▏ 3.5 GB/5.2 GB   14 MB/s   1m58s[K[?25h[?2026l[?2026h[?25l[A[1Gpulling manifest [K
pulling a3de86cd1c13:  67% ▕████████████      ▏ 3.5 GB/5.2 GB   14 MB/s   1m58s[K[?25h[?2026l[?2026h[?25l[A[1Gpulling manifest [K
pulling a3de86cd1c13:  67% ▕████████████      ▏ 3.5 GB/5.2 GB   14 MB/s   1m58s[K[?25h[?2026l[?2026h[?25l[A[1Gpulling manifest [K
pulling a3de86cd1c13:  67% ▕████████████      ▏ 3.5 GB/5.2 GB   14 MB/s   1m58s[K[?25h[?2026l[?2026h[?25l[A[1Gpulling manifest [K
pulling a3de86cd1c13:  67% ▕████████████      ▏ 3.5 GB/5.2 GB   14 MB/s   1m57s[K[?25h[?2026l[?2026h[?25l[A[1Gpulling manifest [K
pulling a3de86cd1c13:  67% ▕████████████      ▏ 3.5 GB/5.2 GB   14 MB/s   1m57s[K[?25h[?2026l[?2026h[?25l[A[1Gpulling manifest [K
pulling a3de86cd1c13:  67% ▕████████████      ▏ 3.5 GB/5.2 GB   14 MB/s   1m57s[K[?25h[?2026l[?2026h[?25l[A[1Gpulling manifest [K
pulling a3de86cd1c13:  67% ▕████████████      ▏ 3.5 GB/5.2 GB   14 MB/s   1m57s[K[?25h[?2026l[?2026h[?25l[A[1Gpulling manifest [K
pulling a3de86cd1c13:  67% ▕████████████      ▏ 3.5 GB/5.2 GB   14 MB/s   1m57s[K[?25h[?2026l[?2026h[?25l[A[1Gpulling manifest [K
pulling a3de86cd1c13:  67% ▕████████████      ▏ 3.5 GB/5.2 GB   14 MB/s   1m57s[K[?25h[?2026l[?2026h[?25l[A[1Gpulling manifest [K
pulling a3de86cd1c13:  67% ▕████████████      ▏ 3.5 GB/5.2 GB   14 MB/s   1m59s[K[?25h[?2026l[?2026h[?25l[A[1Gpulling manifest [K
pulling a3de86cd1c13:  67% ▕████████████      ▏ 3.5 GB/5.2 GB   14 MB/s   1m59s[K[?25h[?2026l[?2026h[?25l[A[1Gpulling manifest [K
pulling a3de86cd1c13:  67% ▕████████████      ▏ 3.5 GB/5.2 GB   14 MB/s   1m59s[K[?25h[?2026l[?2026h[?25l[A[1Gpulling manifest [K
pulling a3de86cd1c13:  67% ▕████████████      ▏ 3.5 GB/5.2 GB   14 MB/s   1m59s[K[?25h[?2026l[?2026h[?25l[A[1Gpulling manifest [K
pulling a3de86cd1c13:  67% ▕████████████      ▏ 3.5 GB/5.2 GB   14 MB/s   1m59s[K[?25h[?2026l[?2026h[?25l[A[1Gpulling manifest [K
pulling a3de86cd1c13:  67% ▕████████████      ▏ 3.5 GB/5.2 GB   14 MB/s   1m59s[K[?25h[?2026l[?2026h[?25l[A[1Gpulling manifest [K
pulling a3de86cd1c13:  67% ▕████████████      ▏ 3.5 GB/5.2 GB   14 MB/s   1m58s[K[?25h[?2026l[?2026h[?25l[A[1Gpulling manifest [K
pulling a3de86cd1c13:  67% ▕████████████      ▏ 3.5 GB/5.2 GB   14 MB/s   1m58s[K[?25h[?2026l[?2026h[?25l[A[1Gpulling manifest [K
pulling a3de86cd1c13:  67% ▕████████████      ▏ 3.5 GB/5.2 GB   14 MB/s   1m58s[K[?25h[?2026l[?2026h[?25l[A[1Gpulling manifest [K
pulling a3de86cd1c13:  67% ▕████████████      ▏ 3.5 GB/5.2 GB   14 MB/s   1m58s[K[?25h[?2026l[?2026h[?25l[A[1Gpulling manifest [K
pulling a3de86cd1c13:  67% ▕████████████      ▏ 3.5 GB/5.2 GB   14 MB/s    2m0s[K[?25h[?2026l[?2026h[?25l[A[1Gpulling manifest [K
pulling a3de86cd1c13:  67% ▕████████████      ▏ 3.5 GB/5.2 GB   14 MB/s    2m0s[K[?25h[?2026l[?2026h[?25l[A[1Gpulling manifest [K
pulling a3de86cd1c13:  67% ▕████████████      ▏ 3.5 GB/5.2 GB   14 MB/s    2m0s[K[?25h[?2026l[?2026h[?25l[A[1Gpulling manifest [K
pulling a3de86cd1c13:  67% ▕████████████      ▏ 3.5 GB/5.2 GB   14 MB/s    2m0s[K[?25h[?2026l[?2026h[?25l[A[1Gpulling manifest [K
pulling a3de86cd1c13:  67% ▕████████████      ▏ 3.5 GB/5.2 GB   14 MB/s    2m0s[K[?25h[?2026l[?2026h[?25l[A[1Gpulling manifest [K
pulling a3de86cd1c13:  68% ▕████████████      ▏ 3.5 GB/5.2 GB   14 MB/s   1m59s[K[?25h[?2026l[?2026h[?25l[A[1Gpulling manifest [K
pulling a3de86cd1c13:  68% ▕████████████      ▏ 3.5 GB/5.2 GB   14 MB/s   1m59s[K[?25h[?2026l[?2026h[?25l[A[1Gpulling manifest [K
pulling a3de86cd1c13:  68% ▕████████████      ▏ 3.5 GB/5.2 GB   14 MB/s   1m59s[K[?25h[?2026l[?2026h[?25l[A[1Gpulling manifest [K
pulling a3de86cd1c13:  68% ▕████████████      ▏ 3.5 GB/5.2 GB   14 MB/s   1m59s[K[?25h[?2026l[?2026h[?25l[A[1Gpulling manifest [K
pulling a3de86cd1c13:  68% ▕████████████      ▏ 3.5 GB/5.2 GB   14 MB/s   1m59s[K[?25h[?2026l[?2026h[?25l[A[1Gpulling manifest [K
pulling a3de86cd1c13:  68% ▕████████████      ▏ 3.5 GB/5.2 GB   14 MB/s   1m59s[K[?25h[?2026l[?2026h[?25l[A[1Gpulling manifest [K
pulling a3de86cd1c13:  68% ▕████████████      ▏ 3.5 GB/5.2 GB   13 MB/s    2m1s[K[?25h[?2026l[?2026h[?25l[A[1Gpulling manifest [K
pulling a3de86cd1c13:  68% ▕████████████      ▏ 3.5 GB/5.2 GB   13 MB/s    2m1s[K[?25h[?2026l[?2026h[?25l[A[1Gpulling manifest [K
pulling a3de86cd1c13:  68% ▕████████████      ▏ 3.5 GB/5.2 GB   13 MB/s    2m1s[K[?25h[?2026l[?2026h[?25l[A[1Gpulling manifest [K
pulling a3de86cd1c13:  68% ▕████████████      ▏ 3.5 GB/5.2 GB   13 MB/s    2m1s[K[?25h[?2026l[?2026h[?25l[A[1Gpulling manifest [K
pulling a3de86cd1c13:  68% ▕████████████      ▏ 3.5 GB/5.2 GB   13 MB/s    2m1s[K[?25h[?2026l[?2026h[?25l[A[1Gpulling manifest [K
pulling a3de86cd1c13:  68% ▕████████████      ▏ 3.5 GB/5.2 GB   13 MB/s    2m1s[K[?25h[?2026l[?2026h[?25l[A[1Gpulling manifest [K
pulling a3de86cd1c13:  68% ▕████████████      ▏ 3.5 GB/5.2 GB   13 MB/s    2m1s[K[?25h[?2026l[?2026h[?25l[A[1Gpulling manifest [K
pulling a3de86cd1c13:  68% ▕████████████      ▏ 3.5 GB/5.2 GB   13 MB/s    2m1s[K[?25h[?2026l[?2026h[?25l[A[1Gpulling manifest [K
pulling a3de86cd1c13:  68% ▕████████████      ▏ 3.5 GB/5.2 GB   13 MB/s    2m1s[K[?25h[?2026l[?2026h[?25l[A[1Gpulling manifest [K
pulling a3de86cd1c13:  68% ▕████████████      ▏ 3.5 GB/5.2 GB   13 MB/s    2m1s[K[?25h[?2026l[?2026h[?25l[A[1Gpulling manifest [K
pulling a3de86cd1c13:  68% ▕████████████      ▏ 3.5 GB/5.2 GB   13 MB/s    2m2s[K[?25h[?2026l[?2026h[?25l[A[1Gpulling manifest [K
pulling a3de86cd1c13:  68% ▕████████████      ▏ 3.5 GB/5.2 GB   13 MB/s    2m2s[K[?25h[?2026l[?2026h[?25l[A[1Gpulling manifest [K
pulling a3de86cd1c13:  68% ▕████████████      ▏ 3.5 GB/5.2 GB   13 MB/s    2m2s[K[?25h[?2026l[?2026h[?25l[A[1Gpulling manifest [K
pulling a3de86cd1c13:  68% ▕████████████      ▏ 3.6 GB/5.2 GB   13 MB/s    2m2s[K[?25h[?2026l[?2026h[?25l[A[1Gpulling manifest [K
pulling a3de86cd1c13:  68% ▕████████████      ▏ 3.6 GB/5.2 GB   13 MB/s    2m2s[K[?25h[?2026l[?2026h[?25l[A[1Gpulling manifest [K
pulling a3de86cd1c13:  68% ▕████████████      ▏ 3.6 GB/5.2 GB   13 MB/s    2m2s[K[?25h[?2026l[?2026h[?25l[A[1Gpulling manifest [K
pulling a3de86cd1c13:  68% ▕████████████      ▏ 3.6 GB/5.2 GB   13 MB/s    2m2s[K[?25h[?2026l[?2026h[?25l[A[1Gpulling manifest [K
pulling a3de86cd1c13:  68% ▕████████████      ▏ 3.6 GB/5.2 GB   13 MB/s    2m2s[K[?25h[?2026l[?2026h[?25l[A[1Gpulling manifest [K
pulling a3de86cd1c13:  68% ▕████████████      ▏ 3.6 GB/5.2 GB   13 MB/s    2m1s[K[?25h[?2026l[?2026h[?25l[A[1Gpulling manifest [K
pulling a3de86cd1c13:  68% ▕████████████      ▏ 3.6 GB/5.2 GB   13 MB/s    2m1s[K[?25h[?2026l[?2026h[?25l[A[1Gpulling manifest [K
pulling a3de86cd1c13:  68% ▕████████████      ▏ 3.6 GB/5.2 GB   13 MB/s    2m2s[K[?25h[?2026l[?2026h[?25l[A[1Gpulling manifest [K
pulling a3de86cd1c13:  68% ▕████████████      ▏ 3.6 GB/5.2 GB   13 MB/s    2m2s[K[?25h[?2026l[?2026h[?25l[A[1Gpulling manifest [K
pulling a3de86cd1c13:  68% ▕████████████      ▏ 3.6 GB/5.2 GB   13 MB/s    2m2s[K[?25h[?2026l[?2026h[?25l[A[1Gpulling manifest [K
pulling a3de86cd1c13:  68% ▕████████████      ▏ 3.6 GB/5.2 GB   13 MB/s    2m2s[K[?25h[?2026l[?2026h[?25l[A[1Gpulling manifest [K
pulling a3de86cd1c13:  68% ▕████████████      ▏ 3.6 GB/5.2 GB   13 MB/s    2m2s[K[?25h[?2026l[?2026h[?25l[A[1Gpulling manifest [K
pulling a3de86cd1c13:  68% ▕████████████      ▏ 3.6 GB/5.2 GB   13 MB/s    2m2s[K[?25h[?2026l[?2026h[?25l[A[1Gpulling manifest [K
pulling a3de86cd1c13:  68% ▕████████████      ▏ 3.6 GB/5.2 GB   13 MB/s    2m2s[K[?25h[?2026l[?2026h[?25l[A[1Gpulling manifest [K
pulling a3de86cd1c13:  68% ▕████████████      ▏ 3.6 GB/5.2 GB   13 MB/s    2m1s[K[?25h[?2026l[?2026h[?25l[A[1Gpulling manifest [K
pulling a3de86cd1c13:  68% ▕████████████      ▏ 3.6 GB/5.2 GB   13 MB/s    2m1s[K[?25h[?2026l[?2026h[?25l[A[1Gpulling manifest [K
pulling a3de86cd1c13:  68% ▕████████████      ▏ 3.6 GB/5.2 GB   13 MB/s    2m1s[K[?25h[?2026l[?2026h[?25l[A[1Gpulling manifest [K
pulling a3de86cd1c13:  68% ▕████████████      ▏ 3.6 GB/5.2 GB   13 MB/s    2m5s[K[?25h[?2026l[?2026h[?25l[A[1Gpulling manifest [K
pulling a3de86cd1c13:  68% ▕████████████      ▏ 3.6 GB/5.2 GB   13 MB/s    2m5s[K[?25h[?2026l[?2026h[?25l[A[1Gpulling manifest [K
pulling a3de86cd1c13:  68% ▕████████████      ▏ 3.6 GB/5.2 GB   13 MB/s    2m5s[K[?25h[?2026l[?2026h[?25l[A[1Gpulling manifest [K
pulling a3de86cd1c13:  68% ▕████████████      ▏ 3.6 GB/5.2 GB   13 MB/s    2m4s[K[?25h[?2026l[?2026h[?25l[A[1Gpulling manifest [K
pulling a3de86cd1c13:  68% ▕████████████      ▏ 3.6 GB/5.2 GB   13 MB/s    2m4s[K[?25h[?2026l[?2026h[?25l[A[1Gpulling manifest [K
pulling a3de86cd1c13:  68% ▕████████████      ▏ 3.6 GB/5.2 GB   13 MB/s    2m4s[K[?25h[?2026l[?2026h[?25l[A[1Gpulling manifest [K
pulling a3de86cd1c13:  69% ▕████████████      ▏ 3.6 GB/5.2 GB   13 MB/s    2m4s[K[?25h[?2026l[?2026h[?25l[A[1Gpulling manifest [K
pulling a3de86cd1c13:  69% ▕████████████      ▏ 3.6 GB/5.2 GB   13 MB/s    2m4s[K[?25h[?2026l[?2026h[?25l[A[1Gpulling manifest [K
pulling a3de86cd1c13:  69% ▕████████████      ▏ 3.6 GB/5.2 GB   13 MB/s    2m4s[K[?25h[?2026l[?2026h[?25l[A[1Gpulling manifest [K
pulling a3de86cd1c13:  69% ▕████████████      ▏ 3.6 GB/5.2 GB   13 MB/s    2m4s[K[?25h[?2026l[?2026h[?25l[A[1Gpulling manifest [K
pulling a3de86cd1c13:  69% ▕████████████      ▏ 3.6 GB/5.2 GB   13 MB/s    2m4s[K[?25h[?2026l[?2026h[?25l[A[1Gpulling manifest [K
pulling a3de86cd1c13:  69% ▕████████████      ▏ 3.6 GB/5.2 GB   13 MB/s    2m4s[K[?25h[?2026l[?2026h[?25l[A[1Gpulling manifest [K
pulling a3de86cd1c13:  69% ▕████████████      ▏ 3.6 GB/5.2 GB   13 MB/s    2m4s[K[?25h[?2026l[?2026h[?25l[A[1Gpulling manifest [K
pulling a3de86cd1c13:  69% ▕████████████      ▏ 3.6 GB/5.2 GB   13 MB/s    2m4s[K[?25h[?2026l[?2026h[?25l[A[1Gpulling manifest [K
pulling a3de86cd1c13:  69% ▕████████████      ▏ 3.6 GB/5.2 GB   13 MB/s    2m4s[K[?25h[?2026l[?2026h[?25l[A[1Gpulling manifest [K
pulling a3de86cd1c13:  69% ▕████████████      ▏ 3.6 GB/5.2 GB   13 MB/s    2m4s[K[?25h[?2026l[?2026h[?25l[A[1Gpulling manifest [K
pulling a3de86cd1c13:  69% ▕████████████      ▏ 3.6 GB/5.2 GB   13 MB/s    2m4s[K[?25h[?2026l[?2026h[?25l[A[1Gpulling manifest [K
pulling a3de86cd1c13:  69% ▕████████████      ▏ 3.6 GB/5.2 GB   13 MB/s    2m4s[K[?25h[?2026l[?2026h[?25l[A[1Gpulling manifest [K
pulling a3de86cd1c13:  69% ▕████████████      ▏ 3.6 GB/5.2 GB   13 MB/s    2m3s[K[?25h[?2026l[?2026h[?25l[A[1Gpulling manifest [K
pulling a3de86cd1c13:  69% ▕████████████      ▏ 3.6 GB/5.2 GB   13 MB/s    2m3s[K[?25h[?2026l[?2026h[?25l[A[1Gpulling manifest [K
pulling a3de86cd1c13:  69% ▕████████████      ▏ 3.6 GB/5.2 GB   13 MB/s    2m3s[K[?25h[?2026l[?2026h[?25l[A[1Gpulling manifest [K
pulling a3de86cd1c13:  69% ▕████████████      ▏ 3.6 GB/5.2 GB   13 MB/s    2m2s[K[?25h[?2026l[?2026h[?25l[A[1Gpulling manifest [K
pulling a3de86cd1c13:  69% ▕████████████      ▏ 3.6 GB/5.2 GB   13 MB/s    2m2s[K[?25h[?2026l[?2026h[?25l[A[1Gpulling manifest [K
pulling a3de86cd1c13:  69% ▕████████████      ▏ 3.6 GB/5.2 GB   13 MB/s    2m2s[K[?25h[?2026l[?2026h[?25l[A[1Gpulling manifest [K
pulling a3de86cd1c13:  69% ▕████████████      ▏ 3.6 GB/5.2 GB   13 MB/s    2m2s[K[?25h[?2026l[?2026h[?25l[A[1Gpulling manifest [K
pulling a3de86cd1c13:  69% ▕████████████      ▏ 3.6 GB/5.2 GB   13 MB/s    2m2s[K[?25h[?2026l[?2026h[?25l[A[1Gpulling manifest [K
pulling a3de86cd1c13:  69% ▕████████████      ▏ 3.6 GB/5.2 GB   13 MB/s    2m2s[K[?25h[?2026l[?2026h[?25l[A[1Gpulling manifest [K
pulling a3de86cd1c13:  69% ▕████████████      ▏ 3.6 GB/5.2 GB   13 MB/s    2m2s[K[?25h[?2026l[?2026h[?25l[A[1Gpulling manifest [K
pulling a3de86cd1c13:  69% ▕████████████      ▏ 3.6 GB/5.2 GB   13 MB/s    2m2s[K[?25h[?2026l[?2026h[?25l[A[1Gpulling manifest [K
pulling a3de86cd1c13:  69% ▕████████████      ▏ 3.6 GB/5.2 GB   13 MB/s    2m2s[K[?25h[?2026l[?2026h[?25l[A[1Gpulling manifest [K
pulling a3de86cd1c13:  69% ▕████████████      ▏ 3.6 GB/5.2 GB   13 MB/s    2m2s[K[?25h[?2026l[?2026h[?25l[A[1Gpulling manifest [K
pulling a3de86cd1c13:  69% ▕████████████      ▏ 3.6 GB/5.2 GB   13 MB/s    2m2s[K[?25h[?2026l[?2026h[?25l[A[1Gpulling manifest [K
pulling a3de86cd1c13:  69% ▕████████████      ▏ 3.6 GB/5.2 GB   13 MB/s    2m2s[K[?25h[?2026l[?2026h[?25l[A[1Gpulling manifest [K
pulling a3de86cd1c13:  69% ▕████████████      ▏ 3.6 GB/5.2 GB   13 MB/s    2m2s[K[?25h[?2026l[?2026h[?25l[A[1Gpulling manifest [K
pulling a3de86cd1c13:  69% ▕████████████      ▏ 3.6 GB/5.2 GB   13 MB/s    2m2s[K[?25h[?2026l[?2026h[?25l[A[1Gpulling manifest [K
pulling a3de86cd1c13:  69% ▕████████████      ▏ 3.6 GB/5.2 GB   13 MB/s    2m2s[K[?25h[?2026l[?2026h[?25l[A[1Gpulling manifest [K
pulling a3de86cd1c13:  69% ▕████████████      ▏ 3.6 GB/5.2 GB   13 MB/s    2m2s[K[?25h[?2026l[?2026h[?25l[A[1Gpulling manifest [K
pulling a3de86cd1c13:  69% ▕████████████      ▏ 3.6 GB/5.2 GB   13 MB/s    2m2s[K[?25h[?2026l[?2026h[?25l[A[1Gpulling manifest [K
pulling a3de86cd1c13:  69% ▕████████████      ▏ 3.6 GB/5.2 GB   13 MB/s    2m2s[K[?25h[?2026l[?2026h[?25l[A[1Gpulling manifest [K
pulling a3de86cd1c13:  69% ▕████████████      ▏ 3.6 GB/5.2 GB   13 MB/s    2m2s[K[?25h[?2026l[?2026h[?25l[A[1Gpulling manifest [K
pulling a3de86cd1c13:  69% ▕████████████      ▏ 3.6 GB/5.2 GB   13 MB/s    2m1s[K[?25h[?2026l[?2026h[?25l[A[1Gpulling manifest [K
pulling a3de86cd1c13:  69% ▕████████████      ▏ 3.6 GB/5.2 GB   13 MB/s    2m3s[K[?25h[?2026l[?2026h[?25l[A[1Gpulling manifest [K
pulling a3de86cd1c13:  69% ▕████████████      ▏ 3.6 GB/5.2 GB   13 MB/s    2m2s[K[?25h[?2026l[?2026h[?25l[A[1Gpulling manifest [K
pulling a3de86cd1c13:  69% ▕████████████      ▏ 3.6 GB/5.2 GB   13 MB/s    2m2s[K[?25h[?2026l[?2026h[?25l[A[1Gpulling manifest [K
pulling a3de86cd1c13:  69% ▕████████████      ▏ 3.6 GB/5.2 GB   13 MB/s    2m2s[K[?25h[?2026l[?2026h[?25l[A[1Gpulling manifest [K
pulling a3de86cd1c13:  69% ▕████████████      ▏ 3.6 GB/5.2 GB   13 MB/s    2m2s[K[?25h[?2026l[?2026h[?25l[A[1Gpulling manifest [K
pulling a3de86cd1c13:  69% ▕████████████      ▏ 3.6 GB/5.2 GB   13 MB/s    2m2s[K[?25h[?2026l[?2026h[?25l[A[1Gpulling manifest [K
pulling a3de86cd1c13:  70% ▕████████████      ▏ 3.6 GB/5.2 GB   13 MB/s    2m2s[K[?25h[?2026l[?2026h[?25l[A[1Gpulling manifest [K
pulling a3de86cd1c13:  70% ▕████████████      ▏ 3.6 GB/5.2 GB   13 MB/s    2m2s[K[?25h[?2026l[?2026h[?25l[A[1Gpulling manifest [K
pulling a3de86cd1c13:  70% ▕████████████      ▏ 3.6 GB/5.2 GB   13 MB/s    2m2s[K[?25h[?2026l[?2026h[?25l[A[1Gpulling manifest [K
pulling a3de86cd1c13:  70% ▕████████████      ▏ 3.6 GB/5.2 GB   13 MB/s    2m2s[K[?25h[?2026l[?2026h[?25l[A[1Gpulling manifest [K
pulling a3de86cd1c13:  70% ▕████████████      ▏ 3.6 GB/5.2 GB   12 MB/s    2m2s[K[?25h[?2026l[?2026h[?25l[A[1Gpulling manifest [K
pulling a3de86cd1c13:  70% ▕████████████      ▏ 3.6 GB/5.2 GB   12 MB/s    2m2s[K[?25h[?2026l[?2026h[?25l[A[1Gpulling manifest [K
pulling a3de86cd1c13:  70% ▕████████████      ▏ 3.6 GB/5.2 GB   12 MB/s    2m2s[K[?25h[?2026l[?2026h[?25l[A[1Gpulling manifest [K
pulling a3de86cd1c13:  70% ▕████████████      ▏ 3.6 GB/5.2 GB   12 MB/s    2m2s[K[?25h[?2026l[?2026h[?25l[A[1Gpulling manifest [K
pulling a3de86cd1c13:  70% ▕████████████      ▏ 3.6 GB/5.2 GB   12 MB/s    2m2s[K[?25h[?2026l[?2026h[?25l[A[1Gpulling manifest [K
pulling a3de86cd1c13:  70% ▕████████████      ▏ 3.6 GB/5.2 GB   12 MB/s    2m2s[K[?25h[?2026l[?2026h[?25l[A[1Gpulling manifest [K
pulling a3de86cd1c13:  70% ▕████████████      ▏ 3.6 GB/5.2 GB   12 MB/s    2m1s[K[?25h[?2026l[?2026h[?25l[A[1Gpulling manifest [K
pulling a3de86cd1c13:  70% ▕████████████      ▏ 3.6 GB/5.2 GB   12 MB/s    2m1s[K[?25h[?2026l[?2026h[?25l[A[1Gpulling manifest [K
pulling a3de86cd1c13:  70% ▕████████████      ▏ 3.6 GB/5.2 GB   12 MB/s    2m1s[K[?25h[?2026l[?2026h[?25l[A[1Gpulling manifest [K
pulling a3de86cd1c13:  70% ▕████████████      ▏ 3.6 GB/5.2 GB   12 MB/s    2m1s[K[?25h[?2026l[?2026h[?25l[A[1Gpulling manifest [K
pulling a3de86cd1c13:  70% ▕████████████      ▏ 3.7 GB/5.2 GB   12 MB/s    2m1s[K[?25h[?2026l[?2026h[?25l[A[1Gpulling manifest [K
pulling a3de86cd1c13:  70% ▕████████████      ▏ 3.7 GB/5.2 GB   12 MB/s    2m1s[K[?25h[?2026l[?2026h[?25l[A[1Gpulling manifest [K
pulling a3de86cd1c13:  70% ▕████████████      ▏ 3.7 GB/5.2 GB   12 MB/s    2m1s[K[?25h[?2026l[?2026h[?25l[A[1Gpulling manifest [K
pulling a3de86cd1c13:  70% ▕████████████      ▏ 3.7 GB/5.2 GB   12 MB/s    2m1s[K[?25h[?2026l[?2026h[?25l[A[1Gpulling manifest [K
pulling a3de86cd1c13:  70% ▕████████████      ▏ 3.7 GB/5.2 GB   12 MB/s    2m1s[K[?25h[?2026l[?2026h[?25l[A[1Gpulling manifest [K
pulling a3de86cd1c13:  70% ▕████████████      ▏ 3.7 GB/5.2 GB   12 MB/s    2m1s[K[?25h[?2026l[?2026h[?25l[A[1Gpulling manifest [K
pulling a3de86cd1c13:  70% ▕████████████      ▏ 3.7 GB/5.2 GB   12 MB/s    2m1s[K[?25h[?2026l[?2026h[?25l[A[1Gpulling manifest [K
pulling a3de86cd1c13:  70% ▕████████████      ▏ 3.7 GB/5.2 GB   12 MB/s    2m0s[K[?25h[?2026l[?2026h[?25l[A[1Gpulling manifest [K
pulling a3de86cd1c13:  70% ▕████████████      ▏ 3.7 GB/5.2 GB   12 MB/s    2m0s[K[?25h[?2026l[?2026h[?25l[A[1Gpulling manifest [K
pulling a3de86cd1c13:  70% ▕████████████      ▏ 3.7 GB/5.2 GB   12 MB/s    2m0s[K[?25h[?2026l[?2026h[?25l[A[1Gpulling manifest [K
pulling a3de86cd1c13:  70% ▕████████████      ▏ 3.7 GB/5.2 GB   12 MB/s    2m0s[K[?25h[?2026l[?2026h[?25l[A[1Gpulling manifest [K
pulling a3de86cd1c13:  70% ▕████████████      ▏ 3.7 GB/5.2 GB   12 MB/s    2m0s[K[?25h[?2026l[?2026h[?25l[A[1Gpulling manifest [K
pulling a3de86cd1c13:  70% ▕████████████      ▏ 3.7 GB/5.2 GB   12 MB/s    2m0s[K[?25h[?2026l[?2026h[?25l[A[1Gpulling manifest [K
pulling a3de86cd1c13:  70% ▕████████████      ▏ 3.7 GB/5.2 GB   12 MB/s    2m0s[K[?25h[?2026l[?2026h[?25l[A[1Gpulling manifest [K
pulling a3de86cd1c13:  70% ▕████████████      ▏ 3.7 GB/5.2 GB   12 MB/s    2m0s[K[?25h[?2026l[?2026h[?25l[A[1Gpulling manifest [K
pulling a3de86cd1c13:  70% ▕████████████      ▏ 3.7 GB/5.2 GB   12 MB/s    2m0s[K[?25h[?2026l[?2026h[?25l[A[1Gpulling manifest [K
pulling a3de86cd1c13:  70% ▕████████████      ▏ 3.7 GB/5.2 GB   12 MB/s    2m0s[K[?25h[?2026l[?2026h[?25l[A[1Gpulling manifest [K
pulling a3de86cd1c13:  70% ▕████████████      ▏ 3.7 GB/5.2 GB   12 MB/s    2m0s[K[?25h[?2026l[?2026h[?25l[A[1Gpulling manifest [K
pulling a3de86cd1c13:  70% ▕████████████      ▏ 3.7 GB/5.2 GB   12 MB/s    2m0s[K[?25h[?2026l[?2026h[?25l[A[1Gpulling manifest [K
pulling a3de86cd1c13:  70% ▕████████████      ▏ 3.7 GB/5.2 GB   12 MB/s   1m59s[K[?25h[?2026l[?2026h[?25l[A[1Gpulling manifest [K
pulling a3de86cd1c13:  70% ▕████████████      ▏ 3.7 GB/5.2 GB   12 MB/s   1m59s[K[?25h[?2026l[?2026h[?25l[A[1Gpulling manifest [K
pulling a3de86cd1c13:  70% ▕████████████      ▏ 3.7 GB/5.2 GB   13 MB/s   1m58s[K[?25h[?2026l[?2026h[?25l[A[1Gpulling manifest [K
pulling a3de86cd1c13:  70% ▕████████████      ▏ 3.7 GB/5.2 GB   13 MB/s   1m58s[K[?25h[?2026l[?2026h[?25l[A[1Gpulling manifest [K
pulling a3de86cd1c13:  70% ▕████████████      ▏ 3.7 GB/5.2 GB   13 MB/s   1m58s[K[?25h[?2026l[?2026h[?25l[A[1Gpulling manifest [K
pulling a3de86cd1c13:  70% ▕████████████      ▏ 3.7 GB/5.2 GB   13 MB/s   1m58s[K[?25h[?2026l[?2026h[?25l[A[1Gpulling manifest [K
pulling a3de86cd1c13:  70% ▕████████████      ▏ 3.7 GB/5.2 GB   13 MB/s   1m58s[K[?25h[?2026l[?2026h[?25l[A[1Gpulling manifest [K
pulling a3de86cd1c13:  71% ▕████████████      ▏ 3.7 GB/5.2 GB   13 MB/s   1m57s[K[?25h[?2026l[?2026h[?25l[A[1Gpulling manifest [K
pulling a3de86cd1c13:  71% ▕████████████      ▏ 3.7 GB/5.2 GB   13 MB/s   1m57s[K[?25h[?2026l[?2026h[?25l[A[1Gpulling manifest [K
pulling a3de86cd1c13:  71% ▕████████████      ▏ 3.7 GB/5.2 GB   13 MB/s   1m57s[K[?25h[?2026l[?2026h[?25l[A[1Gpulling manifest [K
pulling a3de86cd1c13:  71% ▕████████████      ▏ 3.7 GB/5.2 GB   13 MB/s   1m57s[K[?25h[?2026l[?2026h[?25l[A[1Gpulling manifest [K
pulling a3de86cd1c13:  71% ▕████████████      ▏ 3.7 GB/5.2 GB   13 MB/s   1m57s[K[?25h[?2026l[?2026h[?25l[A[1Gpulling manifest [K
pulling a3de86cd1c13:  71% ▕████████████      ▏ 3.7 GB/5.2 GB   13 MB/s   1m55s[K[?25h[?2026l[?2026h[?25l[A[1Gpulling manifest [K
pulling a3de86cd1c13:  71% ▕████████████      ▏ 3.7 GB/5.2 GB   13 MB/s   1m55s[K[?25h[?2026l[?2026h[?25l[A[1Gpulling manifest [K
pulling a3de86cd1c13:  71% ▕████████████      ▏ 3.7 GB/5.2 GB   13 MB/s   1m55s[K[?25h[?2026l[?2026h[?25l[A[1Gpulling manifest [K
pulling a3de86cd1c13:  71% ▕████████████      ▏ 3.7 GB/5.2 GB   13 MB/s   1m55s[K[?25h[?2026l[?2026h[?25l[A[1Gpulling manifest [K
pulling a3de86cd1c13:  71% ▕████████████      ▏ 3.7 GB/5.2 GB   13 MB/s   1m54s[K[?25h[?2026l[?2026h[?25l[A[1Gpulling manifest [K
pulling a3de86cd1c13:  71% ▕████████████      ▏ 3.7 GB/5.2 GB   13 MB/s   1m54s[K[?25h[?2026l[?2026h[?25l[A[1Gpulling manifest [K
pulling a3de86cd1c13:  71% ▕████████████      ▏ 3.7 GB/5.2 GB   13 MB/s   1m54s[K[?25h[?2026l[?2026h[?25l[A[1Gpulling manifest [K
pulling a3de86cd1c13:  71% ▕████████████      ▏ 3.7 GB/5.2 GB   13 MB/s   1m54s[K[?25h[?2026l[?2026h[?25l[A[1Gpulling manifest [K
pulling a3de86cd1c13:  71% ▕████████████      ▏ 3.7 GB/5.2 GB   13 MB/s   1m54s[K[?25h[?2026l[?2026h[?25l[A[1Gpulling manifest [K
pulling a3de86cd1c13:  71% ▕████████████      ▏ 3.7 GB/5.2 GB   13 MB/s   1m54s[K[?25h[?2026l[?2026h[?25l[A[1Gpulling manifest [K
pulling a3de86cd1c13:  71% ▕████████████      ▏ 3.7 GB/5.2 GB   13 MB/s   1m55s[K[?25h[?2026l[?2026h[?25l[A[1Gpulling manifest [K
pulling a3de86cd1c13:  71% ▕████████████      ▏ 3.7 GB/5.2 GB   13 MB/s   1m55s[K[?25h[?2026l[?2026h[?25l[A[1Gpulling manifest [K
pulling a3de86cd1c13:  71% ▕████████████      ▏ 3.7 GB/5.2 GB   13 MB/s   1m54s[K[?25h[?2026l[?2026h[?25l[A[1Gpulling manifest [K
pulling a3de86cd1c13:  71% ▕████████████      ▏ 3.7 GB/5.2 GB   13 MB/s   1m54s[K[?25h[?2026l[?2026h[?25l[A[1Gpulling manifest [K
pulling a3de86cd1c13:  71% ▕████████████      ▏ 3.7 GB/5.2 GB   13 MB/s   1m54s[K[?25h[?2026l[?2026h[?25l[A[1Gpulling manifest [K
pulling a3de86cd1c13:  71% ▕████████████      ▏ 3.7 GB/5.2 GB   13 MB/s   1m54s[K[?25h[?2026l[?2026h[?25l[A[1Gpulling manifest [K
pulling a3de86cd1c13:  71% ▕████████████      ▏ 3.7 GB/5.2 GB   13 MB/s   1m54s[K[?25h[?2026l[?2026h[?25l[A[1Gpulling manifest [K
pulling a3de86cd1c13:  71% ▕████████████      ▏ 3.7 GB/5.2 GB   13 MB/s   1m54s[K[?25h[?2026l[?2026h[?25l[A[1Gpulling manifest [K
pulling a3de86cd1c13:  71% ▕████████████      ▏ 3.7 GB/5.2 GB   13 MB/s   1m54s[K[?25h[?2026l[?2026h[?25l[A[1Gpulling manifest [K
pulling a3de86cd1c13:  71% ▕████████████      ▏ 3.7 GB/5.2 GB   13 MB/s   1m54s[K[?25h[?2026l[?2026h[?25l[A[1Gpulling manifest [K
pulling a3de86cd1c13:  71% ▕████████████      ▏ 3.7 GB/5.2 GB   13 MB/s   1m53s[K[?25h[?2026l[?2026h[?25l[A[1Gpulling manifest [K
pulling a3de86cd1c13:  71% ▕████████████      ▏ 3.7 GB/5.2 GB   13 MB/s   1m53s[K[?25h[?2026l[?2026h[?25l[A[1Gpulling manifest [K
pulling a3de86cd1c13:  71% ▕████████████      ▏ 3.7 GB/5.2 GB   13 MB/s   1m53s[K[?25h[?2026l[?2026h[?25l[A[1Gpulling manifest [K
pulling a3de86cd1c13:  71% ▕████████████      ▏ 3.7 GB/5.2 GB   13 MB/s   1m53s[K[?25h[?2026l[?2026h[?25l[A[1Gpulling manifest [K
pulling a3de86cd1c13:  71% ▕████████████      ▏ 3.7 GB/5.2 GB   13 MB/s   1m53s[K[?25h[?2026l[?2026h[?25l[A[1Gpulling manifest [K
pulling a3de86cd1c13:  71% ▕████████████      ▏ 3.7 GB/5.2 GB   13 MB/s   1m53s[K[?25h[?2026l[?2026h[?25l[A[1Gpulling manifest [K
pulling a3de86cd1c13:  71% ▕████████████      ▏ 3.7 GB/5.2 GB   13 MB/s   1m53s[K[?25h[?2026l[?2026h[?25l[A[1Gpulling manifest [K
pulling a3de86cd1c13:  71% ▕████████████      ▏ 3.7 GB/5.2 GB   13 MB/s   1m53s[K[?25h[?2026l[?2026h[?25l[A[1Gpulling manifest [K
pulling a3de86cd1c13:  71% ▕████████████      ▏ 3.7 GB/5.2 GB   13 MB/s   1m52s[K[?25h[?2026l[?2026h[?25l[A[1Gpulling manifest [K
pulling a3de86cd1c13:  71% ▕████████████      ▏ 3.7 GB/5.2 GB   13 MB/s   1m52s[K[?25h[?2026l[?2026h[?25l[A[1Gpulling manifest [K
pulling a3de86cd1c13:  71% ▕████████████      ▏ 3.7 GB/5.2 GB   13 MB/s   1m52s[K[?25h[?2026l[?2026h[?25l[A[1Gpulling manifest [K
pulling a3de86cd1c13:  71% ▕████████████      ▏ 3.7 GB/5.2 GB   13 MB/s   1m52s[K[?25h[?2026l[?2026h[?25l[A[1Gpulling manifest [K
pulling a3de86cd1c13:  71% ▕████████████      ▏ 3.7 GB/5.2 GB   13 MB/s   1m52s[K[?25h[?2026l[?2026h[?25l[A[1Gpulling manifest [K
pulling a3de86cd1c13:  71% ▕████████████      ▏ 3.7 GB/5.2 GB   13 MB/s   1m52s[K[?25h[?2026l[?2026h[?25l[A[1Gpulling manifest [K
pulling a3de86cd1c13:  72% ▕████████████      ▏ 3.7 GB/5.2 GB   13 MB/s   1m52s[K[?25h[?2026l[?2026h[?25l[A[1Gpulling manifest [K
pulling a3de86cd1c13:  72% ▕████████████      ▏ 3.7 GB/5.2 GB   13 MB/s   1m51s[K[?25h[?2026l[?2026h[?25l[A[1Gpulling manifest [K
pulling a3de86cd1c13:  72% ▕████████████      ▏ 3.7 GB/5.2 GB   13 MB/s   1m51s[K[?25h[?2026l[?2026h[?25l[A[1Gpulling manifest [K
pulling a3de86cd1c13:  72% ▕████████████      ▏ 3.7 GB/5.2 GB   13 MB/s   1m51s[K[?25h[?2026l[?2026h[?25l[A[1Gpulling manifest [K
pulling a3de86cd1c13:  72% ▕████████████      ▏ 3.7 GB/5.2 GB   13 MB/s   1m51s[K[?25h[?2026l[?2026h[?25l[A[1Gpulling manifest [K
pulling a3de86cd1c13:  72% ▕████████████      ▏ 3.7 GB/5.2 GB   13 MB/s   1m51s[K[?25h[?2026l[?2026h[?25l[A[1Gpulling manifest [K
pulling a3de86cd1c13:  72% ▕████████████      ▏ 3.7 GB/5.2 GB   13 MB/s   1m51s[K[?25h[?2026l[?2026h[?25l[A[1Gpulling manifest [K
pulling a3de86cd1c13:  72% ▕████████████      ▏ 3.7 GB/5.2 GB   13 MB/s   1m49s[K[?25h[?2026l[?2026h[?25l[A[1Gpulling manifest [K
pulling a3de86cd1c13:  72% ▕████████████      ▏ 3.7 GB/5.2 GB   13 MB/s   1m49s[K[?25h[?2026l[?2026h[?25l[A[1Gpulling manifest [K
pulling a3de86cd1c13:  72% ▕████████████      ▏ 3.7 GB/5.2 GB   13 MB/s   1m48s[K[?25h[?2026l[?2026h[?25l[A[1Gpulling manifest [K
pulling a3de86cd1c13:  72% ▕████████████      ▏ 3.8 GB/5.2 GB   13 MB/s   1m48s[K[?25h[?2026l[?2026h[?25l[A[1Gpulling manifest [K
pulling a3de86cd1c13:  72% ▕████████████      ▏ 3.8 GB/5.2 GB   13 MB/s   1m48s[K[?25h[?2026l[?2026h[?25l[A[1Gpulling manifest [K
pulling a3de86cd1c13:  72% ▕████████████      ▏ 3.8 GB/5.2 GB   13 MB/s   1m48s[K[?25h[?2026l[?2026h[?25l[A[1Gpulling manifest [K
pulling a3de86cd1c13:  72% ▕████████████      ▏ 3.8 GB/5.2 GB   13 MB/s   1m48s[K[?25h[?2026l[?2026h[?25l[A[1Gpulling manifest [K
pulling a3de86cd1c13:  72% ▕████████████      ▏ 3.8 GB/5.2 GB   13 MB/s   1m48s[K[?25h[?2026l[?2026h[?25l[A[1Gpulling manifest [K
pulling a3de86cd1c13:  72% ▕████████████      ▏ 3.8 GB/5.2 GB   13 MB/s   1m48s[K[?25h[?2026l[?2026h[?25l[A[1Gpulling manifest [K
pulling a3de86cd1c13:  72% ▕████████████      ▏ 3.8 GB/5.2 GB   13 MB/s   1m48s[K[?25h[?2026l[?2026h[?25l[A[1Gpulling manifest [K
pulling a3de86cd1c13:  72% ▕████████████      ▏ 3.8 GB/5.2 GB   13 MB/s   1m45s[K[?25h[?2026l[?2026h[?25l[A[1Gpulling manifest [K
pulling a3de86cd1c13:  72% ▕████████████      ▏ 3.8 GB/5.2 GB   13 MB/s   1m45s[K[?25h[?2026l[?2026h[?25l[A[1Gpulling manifest [K
pulling a3de86cd1c13:  72% ▕████████████      ▏ 3.8 GB/5.2 GB   13 MB/s   1m45s[K[?25h[?2026l[?2026h[?25l[A[1Gpulling manifest [K
pulling a3de86cd1c13:  72% ▕████████████      ▏ 3.8 GB/5.2 GB   13 MB/s   1m45s[K[?25h[?2026l[?2026h[?25l[A[1Gpulling manifest [K
pulling a3de86cd1c13:  72% ▕████████████      ▏ 3.8 GB/5.2 GB   13 MB/s   1m45s[K[?25h[?2026l[?2026h[?25l[A[1Gpulling manifest [K
pulling a3de86cd1c13:  72% ▕████████████      ▏ 3.8 GB/5.2 GB   13 MB/s   1m45s[K[?25h[?2026l[?2026h[?25l[A[1Gpulling manifest [K
pulling a3de86cd1c13:  72% ▕████████████      ▏ 3.8 GB/5.2 GB   13 MB/s   1m45s[K[?25h[?2026l[?2026h[?25l[A[1Gpulling manifest [K
pulling a3de86cd1c13:  72% ▕████████████      ▏ 3.8 GB/5.2 GB   13 MB/s   1m44s[K[?25h[?2026l[?2026h[?25l[A[1Gpulling manifest [K
pulling a3de86cd1c13:  72% ▕████████████      ▏ 3.8 GB/5.2 GB   13 MB/s   1m44s[K[?25h[?2026l[?2026h[?25l[A[1Gpulling manifest [K
pulling a3de86cd1c13:  72% ▕█████████████     ▏ 3.8 GB/5.2 GB   13 MB/s   1m44s[K[?25h[?2026l[?2026h[?25l[A[1Gpulling manifest [K
pulling a3de86cd1c13:  72% ▕█████████████     ▏ 3.8 GB/5.2 GB   13 MB/s   1m43s[K[?25h[?2026l[?2026h[?25l[A[1Gpulling manifest [K
pulling a3de86cd1c13:  72% ▕█████████████     ▏ 3.8 GB/5.2 GB   13 MB/s   1m43s[K[?25h[?2026l[?2026h[?25l[A[1Gpulling manifest [K
pulling a3de86cd1c13:  72% ▕█████████████     ▏ 3.8 GB/5.2 GB   13 MB/s   1m43s[K[?25h[?2026l[?2026h[?25l[A[1Gpulling manifest [K
pulling a3de86cd1c13:  72% ▕█████████████     ▏ 3.8 GB/5.2 GB   13 MB/s   1m43s[K[?25h[?2026l[?2026h[?25l[A[1Gpulling manifest [K
pulling a3de86cd1c13:  72% ▕█████████████     ▏ 3.8 GB/5.2 GB   13 MB/s   1m43s[K[?25h[?2026l[?2026h[?25l[A[1Gpulling manifest [K
pulling a3de86cd1c13:  72% ▕█████████████     ▏ 3.8 GB/5.2 GB   13 MB/s   1m43s[K[?25h[?2026l[?2026h[?25l[A[1Gpulling manifest [K
pulling a3de86cd1c13:  72% ▕█████████████     ▏ 3.8 GB/5.2 GB   13 MB/s   1m43s[K[?25h[?2026l[?2026h[?25l[A[1Gpulling manifest [K
pulling a3de86cd1c13:  72% ▕█████████████     ▏ 3.8 GB/5.2 GB   13 MB/s   1m43s[K[?25h[?2026l[?2026h[?25l[A[1Gpulling manifest [K
pulling a3de86cd1c13:  72% ▕█████████████     ▏ 3.8 GB/5.2 GB   13 MB/s   1m42s[K[?25h[?2026l[?2026h[?25l[A[1Gpulling manifest [K
pulling a3de86cd1c13:  73% ▕█████████████     ▏ 3.8 GB/5.2 GB   13 MB/s   1m42s[K[?25h[?2026l[?2026h[?25l[A[1Gpulling manifest [K
pulling a3de86cd1c13:  73% ▕█████████████     ▏ 3.8 GB/5.2 GB   14 MB/s   1m42s[K[?25h[?2026l[?2026h[?25l[A[1Gpulling manifest [K
pulling a3de86cd1c13:  73% ▕█████████████     ▏ 3.8 GB/5.2 GB   14 MB/s   1m41s[K[?25h[?2026l[?2026h[?25l[A[1Gpulling manifest [K
pulling a3de86cd1c13:  73% ▕█████████████     ▏ 3.8 GB/5.2 GB   14 MB/s   1m41s[K[?25h[?2026l[?2026h[?25l[A[1Gpulling manifest [K
pulling a3de86cd1c13:  73% ▕█████████████     ▏ 3.8 GB/5.2 GB   14 MB/s   1m41s[K[?25h[?2026l[?2026h[?25l[A[1Gpulling manifest [K
pulling a3de86cd1c13:  73% ▕█████████████     ▏ 3.8 GB/5.2 GB   14 MB/s   1m41s[K[?25h[?2026l[?2026h[?25l[A[1Gpulling manifest [K
pulling a3de86cd1c13:  73% ▕█████████████     ▏ 3.8 GB/5.2 GB   14 MB/s   1m41s[K[?25h[?2026l[?2026h[?25l[A[1Gpulling manifest [K
pulling a3de86cd1c13:  73% ▕█████████████     ▏ 3.8 GB/5.2 GB   14 MB/s   1m41s[K[?25h[?2026l[?2026h[?25l[A[1Gpulling manifest [K
pulling a3de86cd1c13:  73% ▕█████████████     ▏ 3.8 GB/5.2 GB   14 MB/s   1m41s[K[?25h[?2026l[?2026h[?25l[A[1Gpulling manifest [K
pulling a3de86cd1c13:  73% ▕█████████████     ▏ 3.8 GB/5.2 GB   14 MB/s   1m41s[K[?25h[?2026l[?2026h[?25l[A[1Gpulling manifest [K
pulling a3de86cd1c13:  73% ▕█████████████     ▏ 3.8 GB/5.2 GB   14 MB/s   1m41s[K[?25h[?2026l[?2026h[?25l[A[1Gpulling manifest [K
pulling a3de86cd1c13:  73% ▕█████████████     ▏ 3.8 GB/5.2 GB   14 MB/s   1m41s[K[?25h[?2026l[?2026h[?25l[A[1Gpulling manifest [K
pulling a3de86cd1c13:  73% ▕█████████████     ▏ 3.8 GB/5.2 GB   14 MB/s   1m40s[K[?25h[?2026l[?2026h[?25l[A[1Gpulling manifest [K
pulling a3de86cd1c13:  73% ▕█████████████     ▏ 3.8 GB/5.2 GB   14 MB/s   1m40s[K[?25h[?2026l[?2026h[?25l[A[1Gpulling manifest [K
pulling a3de86cd1c13:  73% ▕█████████████     ▏ 3.8 GB/5.2 GB   14 MB/s   1m40s[K[?25h[?2026l[?2026h[?25l[A[1Gpulling manifest [K
pulling a3de86cd1c13:  73% ▕█████████████     ▏ 3.8 GB/5.2 GB   14 MB/s   1m40s[K[?25h[?2026l[?2026h[?25l[A[1Gpulling manifest [K
pulling a3de86cd1c13:  73% ▕█████████████     ▏ 3.8 GB/5.2 GB   14 MB/s   1m40s[K[?25h[?2026l[?2026h[?25l[A[1Gpulling manifest [K
pulling a3de86cd1c13:  73% ▕█████████████     ▏ 3.8 GB/5.2 GB   14 MB/s   1m40s[K[?25h[?2026l[?2026h[?25l[A[1Gpulling manifest [K
pulling a3de86cd1c13:  73% ▕█████████████     ▏ 3.8 GB/5.2 GB   14 MB/s   1m40s[K[?25h[?2026l[?2026h[?25l[A[1Gpulling manifest [K
pulling a3de86cd1c13:  73% ▕█████████████     ▏ 3.8 GB/5.2 GB   14 MB/s   1m40s[K[?25h[?2026l[?2026h[?25l[A[1Gpulling manifest [K
pulling a3de86cd1c13:  73% ▕█████████████     ▏ 3.8 GB/5.2 GB   14 MB/s   1m40s[K[?25h[?2026l[?2026h[?25l[A[1Gpulling manifest [K
pulling a3de86cd1c13:  73% ▕█████████████     ▏ 3.8 GB/5.2 GB   14 MB/s   1m40s[K[?25h[?2026l[?2026h[?25l[A[1Gpulling manifest [K
pulling a3de86cd1c13:  73% ▕█████████████     ▏ 3.8 GB/5.2 GB   14 MB/s   1m40s[K[?25h[?2026l[?2026h[?25l[A[1Gpulling manifest [K
pulling a3de86cd1c13:  73% ▕█████████████     ▏ 3.8 GB/5.2 GB   14 MB/s   1m40s[K[?25h[?2026l[?2026h[?25l[A[1Gpulling manifest [K
pulling a3de86cd1c13:  73% ▕█████████████     ▏ 3.8 GB/5.2 GB   14 MB/s   1m40s[K[?25h[?2026l[?2026h[?25l[A[1Gpulling manifest [K
pulling a3de86cd1c13:  73% ▕█████████████     ▏ 3.8 GB/5.2 GB   14 MB/s   1m40s[K[?25h[?2026l[?2026h[?25l[A[1Gpulling manifest [K
pulling a3de86cd1c13:  73% ▕█████████████     ▏ 3.8 GB/5.2 GB   14 MB/s   1m40s[K[?25h[?2026l[?2026h[?25l[A[1Gpulling manifest [K
pulling a3de86cd1c13:  73% ▕█████████████     ▏ 3.8 GB/5.2 GB   14 MB/s   1m40s[K[?25h[?2026l[?2026h[?25l[A[1Gpulling manifest [K
pulling a3de86cd1c13:  73% ▕█████████████     ▏ 3.8 GB/5.2 GB   14 MB/s   1m39s[K[?25h[?2026l[?2026h[?25l[A[1Gpulling manifest [K
pulling a3de86cd1c13:  73% ▕█████████████     ▏ 3.8 GB/5.2 GB   14 MB/s   1m39s[K[?25h[?2026l[?2026h[?25l[A[1Gpulling manifest [K
pulling a3de86cd1c13:  73% ▕█████████████     ▏ 3.8 GB/5.2 GB   14 MB/s   1m39s[K[?25h[?2026l[?2026h[?25l[A[1Gpulling manifest [K
pulling a3de86cd1c13:  73% ▕█████████████     ▏ 3.8 GB/5.2 GB   14 MB/s   1m39s[K[?25h[?2026l[?2026h[?25l[A[1Gpulling manifest [K
pulling a3de86cd1c13:  73% ▕█████████████     ▏ 3.8 GB/5.2 GB   14 MB/s   1m38s[K[?25h[?2026l[?2026h[?25l[A[1Gpulling manifest [K
pulling a3de86cd1c13:  73% ▕█████████████     ▏ 3.8 GB/5.2 GB   14 MB/s   1m38s[K[?25h[?2026l[?2026h[?25l[A[1Gpulling manifest [K
pulling a3de86cd1c13:  73% ▕█████████████     ▏ 3.8 GB/5.2 GB   14 MB/s   1m38s[K[?25h[?2026l[?2026h[?25l[A[1Gpulling manifest [K
pulling a3de86cd1c13:  73% ▕█████████████     ▏ 3.8 GB/5.2 GB   14 MB/s   1m38s[K[?25h[?2026l[?2026h[?25l[A[1Gpulling manifest [K
pulling a3de86cd1c13:  73% ▕█████████████     ▏ 3.8 GB/5.2 GB   14 MB/s   1m38s[K[?25h[?2026l[?2026h[?25l[A[1Gpulling manifest [K
pulling a3de86cd1c13:  73% ▕█████████████     ▏ 3.8 GB/5.2 GB   14 MB/s   1m37s[K[?25h[?2026l[?2026h[?25l[A[1Gpulling manifest [K
pulling a3de86cd1c13:  73% ▕█████████████     ▏ 3.8 GB/5.2 GB   14 MB/s   1m37s[K[?25h[?2026l[?2026h[?25l[A[1Gpulling manifest [K
pulling a3de86cd1c13:  74% ▕█████████████     ▏ 3.8 GB/5.2 GB   14 MB/s   1m37s[K[?25h[?2026l[?2026h[?25l[A[1Gpulling manifest [K
pulling a3de86cd1c13:  74% ▕█████████████     ▏ 3.8 GB/5.2 GB   14 MB/s   1m37s[K[?25h[?2026l[?2026h[?25l[A[1Gpulling manifest [K
pulling a3de86cd1c13:  74% ▕█████████████     ▏ 3.8 GB/5.2 GB   14 MB/s   1m37s[K[?25h[?2026l[?2026h[?25l[A[1Gpulling manifest [K
pulling a3de86cd1c13:  74% ▕█████████████     ▏ 3.8 GB/5.2 GB   14 MB/s   1m37s[K[?25h[?2026l[?2026h[?25l[A[1Gpulling manifest [K
pulling a3de86cd1c13:  74% ▕█████████████     ▏ 3.8 GB/5.2 GB   14 MB/s   1m37s[K[?25h[?2026l[?2026h[?25l[A[1Gpulling manifest [K
pulling a3de86cd1c13:  74% ▕█████████████     ▏ 3.8 GB/5.2 GB   14 MB/s   1m37s[K[?25h[?2026l[?2026h[?25l[A[1Gpulling manifest [K
pulling a3de86cd1c13:  74% ▕█████████████     ▏ 3.8 GB/5.2 GB   14 MB/s   1m37s[K[?25h[?2026l[?2026h[?25l[A[1Gpulling manifest [K
pulling a3de86cd1c13:  74% ▕█████████████     ▏ 3.9 GB/5.2 GB   14 MB/s   1m37s[K[?25h[?2026l[?2026h[?25l[A[1Gpulling manifest [K
pulling a3de86cd1c13:  74% ▕█████████████     ▏ 3.9 GB/5.2 GB   14 MB/s   1m37s[K[?25h[?2026l[?2026h[?25l[A[1Gpulling manifest [K
pulling a3de86cd1c13:  74% ▕█████████████     ▏ 3.9 GB/5.2 GB   14 MB/s   1m36s[K[?25h[?2026l[?2026h[?25l[A[1Gpulling manifest [K
pulling a3de86cd1c13:  74% ▕█████████████     ▏ 3.9 GB/5.2 GB   14 MB/s   1m36s[K[?25h[?2026l[?2026h[?25l[A[1Gpulling manifest [K
pulling a3de86cd1c13:  74% ▕█████████████     ▏ 3.9 GB/5.2 GB   14 MB/s   1m36s[K[?25h[?2026l[?2026h[?25l[A[1Gpulling manifest [K
pulling a3de86cd1c13:  74% ▕█████████████     ▏ 3.9 GB/5.2 GB   14 MB/s   1m36s[K[?25h[?2026l[?2026h[?25l[A[1Gpulling manifest [K
pulling a3de86cd1c13:  74% ▕█████████████     ▏ 3.9 GB/5.2 GB   14 MB/s   1m35s[K[?25h[?2026l[?2026h[?25l[A[1Gpulling manifest [K
pulling a3de86cd1c13:  74% ▕█████████████     ▏ 3.9 GB/5.2 GB   14 MB/s   1m35s[K[?25h[?2026l[?2026h[?25l[A[1Gpulling manifest [K
pulling a3de86cd1c13:  74% ▕█████████████     ▏ 3.9 GB/5.2 GB   14 MB/s   1m35s[K[?25h[?2026l[?2026h[?25l[A[1Gpulling manifest [K
pulling a3de86cd1c13:  74% ▕█████████████     ▏ 3.9 GB/5.2 GB   14 MB/s   1m35s[K[?25h[?2026l[?2026h[?25l[A[1Gpulling manifest [K
pulling a3de86cd1c13:  74% ▕█████████████     ▏ 3.9 GB/5.2 GB   14 MB/s   1m35s[K[?25h[?2026l[?2026h[?25l[A[1Gpulling manifest [K
pulling a3de86cd1c13:  74% ▕█████████████     ▏ 3.9 GB/5.2 GB   14 MB/s   1m35s[K[?25h[?2026l[?2026h[?25l[A[1Gpulling manifest [K
pulling a3de86cd1c13:  74% ▕█████████████     ▏ 3.9 GB/5.2 GB   14 MB/s   1m35s[K[?25h[?2026l[?2026h[?25l[A[1Gpulling manifest [K
pulling a3de86cd1c13:  74% ▕█████████████     ▏ 3.9 GB/5.2 GB   14 MB/s   1m35s[K[?25h[?2026l[?2026h[?25l[A[1Gpulling manifest [K
pulling a3de86cd1c13:  74% ▕█████████████     ▏ 3.9 GB/5.2 GB   14 MB/s   1m35s[K[?25h[?2026l[?2026h[?25l[A[1Gpulling manifest [K
pulling a3de86cd1c13:  74% ▕█████████████     ▏ 3.9 GB/5.2 GB   14 MB/s   1m35s[K[?25h[?2026l[?2026h[?25l[A[1Gpulling manifest [K
pulling a3de86cd1c13:  74% ▕█████████████     ▏ 3.9 GB/5.2 GB   14 MB/s   1m35s[K[?25h[?2026l[?2026h[?25l[A[1Gpulling manifest [K
pulling a3de86cd1c13:  74% ▕█████████████     ▏ 3.9 GB/5.2 GB   14 MB/s   1m34s[K[?25h[?2026l[?2026h[?25l[A[1Gpulling manifest [K
pulling a3de86cd1c13:  74% ▕█████████████     ▏ 3.9 GB/5.2 GB   14 MB/s   1m34s[K[?25h[?2026l[?2026h[?25l[A[1Gpulling manifest [K
pulling a3de86cd1c13:  74% ▕█████████████     ▏ 3.9 GB/5.2 GB   14 MB/s   1m34s[K[?25h[?2026l[?2026h[?25l[A[1Gpulling manifest [K
pulling a3de86cd1c13:  74% ▕█████████████     ▏ 3.9 GB/5.2 GB   14 MB/s   1m34s[K[?25h[?2026l[?2026h[?25l[A[1Gpulling manifest [K
pulling a3de86cd1c13:  74% ▕█████████████     ▏ 3.9 GB/5.2 GB   14 MB/s   1m34s[K[?25h[?2026l[?2026h[?25l[A[1Gpulling manifest [K
pulling a3de86cd1c13:  74% ▕█████████████     ▏ 3.9 GB/5.2 GB   14 MB/s   1m34s[K[?25h[?2026l[?2026h[?25l[A[1Gpulling manifest [K
pulling a3de86cd1c13:  74% ▕█████████████     ▏ 3.9 GB/5.2 GB   14 MB/s   1m34s[K[?25h[?2026l[?2026h[?25l[A[1Gpulling manifest [K
pulling a3de86cd1c13:  74% ▕█████████████     ▏ 3.9 GB/5.2 GB   14 MB/s   1m33s[K[?25h[?2026l[?2026h[?25l[A[1Gpulling manifest [K
pulling a3de86cd1c13:  74% ▕█████████████     ▏ 3.9 GB/5.2 GB   14 MB/s   1m33s[K[?25h[?2026l[?2026h[?25l[A[1Gpulling manifest [K
pulling a3de86cd1c13:  74% ▕█████████████     ▏ 3.9 GB/5.2 GB   14 MB/s   1m33s[K[?25h[?2026l[?2026h[?25l[A[1Gpulling manifest [K
pulling a3de86cd1c13:  74% ▕█████████████     ▏ 3.9 GB/5.2 GB   14 MB/s   1m33s[K[?25h[?2026l[?2026h[?25l[A[1Gpulling manifest [K
pulling a3de86cd1c13:  74% ▕█████████████     ▏ 3.9 GB/5.2 GB   14 MB/s   1m33s[K[?25h[?2026l[?2026h[?25l[A[1Gpulling manifest [K
pulling a3de86cd1c13:  75% ▕█████████████     ▏ 3.9 GB/5.2 GB   14 MB/s   1m33s[K[?25h[?2026l[?2026h[?25l[A[1Gpulling manifest [K
pulling a3de86cd1c13:  75% ▕█████████████     ▏ 3.9 GB/5.2 GB   14 MB/s   1m33s[K[?25h[?2026l[?2026h[?25l[A[1Gpulling manifest [K
pulling a3de86cd1c13:  75% ▕█████████████     ▏ 3.9 GB/5.2 GB   14 MB/s   1m32s[K[?25h[?2026l[?2026h[?25l[A[1Gpulling manifest [K
pulling a3de86cd1c13:  75% ▕█████████████     ▏ 3.9 GB/5.2 GB   14 MB/s   1m32s[K[?25h[?2026l[?2026h[?25l[A[1Gpulling manifest [K
pulling a3de86cd1c13:  75% ▕█████████████     ▏ 3.9 GB/5.2 GB   14 MB/s   1m32s[K[?25h[?2026l[?2026h[?25l[A[1Gpulling manifest [K
pulling a3de86cd1c13:  75% ▕█████████████     ▏ 3.9 GB/5.2 GB   14 MB/s   1m32s[K[?25h[?2026l[?2026h[?25l[A[1Gpulling manifest [K
pulling a3de86cd1c13:  75% ▕█████████████     ▏ 3.9 GB/5.2 GB   14 MB/s   1m32s[K[?25h[?2026l[?2026h[?25l[A[1Gpulling manifest [K
pulling a3de86cd1c13:  75% ▕█████████████     ▏ 3.9 GB/5.2 GB   14 MB/s   1m32s[K[?25h[?2026l[?2026h[?25l[A[1Gpulling manifest [K
pulling a3de86cd1c13:  75% ▕█████████████     ▏ 3.9 GB/5.2 GB   14 MB/s   1m30s[K[?25h[?2026l[?2026h[?25l[A[1Gpulling manifest [K
pulling a3de86cd1c13:  75% ▕█████████████     ▏ 3.9 GB/5.2 GB   14 MB/s   1m30s[K[?25h[?2026l[?2026h[?25l[A[1Gpulling manifest [K
pulling a3de86cd1c13:  75% ▕█████████████     ▏ 3.9 GB/5.2 GB   14 MB/s   1m30s[K[?25h[?2026l[?2026h[?25l[A[1Gpulling manifest [K
pulling a3de86cd1c13:  75% ▕█████████████     ▏ 3.9 GB/5.2 GB   14 MB/s   1m30s[K[?25h[?2026l[?2026h[?25l[A[1Gpulling manifest [K
pulling a3de86cd1c13:  75% ▕█████████████     ▏ 3.9 GB/5.2 GB   14 MB/s   1m30s[K[?25h[?2026l[?2026h[?25l[A[1Gpulling manifest [K
pulling a3de86cd1c13:  75% ▕█████████████     ▏ 3.9 GB/5.2 GB   14 MB/s   1m30s[K[?25h[?2026l[?2026h[?25l[A[1Gpulling manifest [K
pulling a3de86cd1c13:  75% ▕█████████████     ▏ 3.9 GB/5.2 GB   14 MB/s   1m30s[K[?25h[?2026l[?2026h[?25l[A[1Gpulling manifest [K
pulling a3de86cd1c13:  75% ▕█████████████     ▏ 3.9 GB/5.2 GB   14 MB/s   1m30s[K[?25h[?2026l[?2026h[?25l[A[1Gpulling manifest [K
pulling a3de86cd1c13:  75% ▕█████████████     ▏ 3.9 GB/5.2 GB   14 MB/s   1m29s[K[?25h[?2026l[?2026h[?25l[A[1Gpulling manifest [K
pulling a3de86cd1c13:  75% ▕█████████████     ▏ 3.9 GB/5.2 GB   14 MB/s   1m29s[K[?25h[?2026l[?2026h[?25l[A[1Gpulling manifest [K
pulling a3de86cd1c13:  75% ▕█████████████     ▏ 3.9 GB/5.2 GB   14 MB/s   1m28s[K[?25h[?2026l[?2026h[?25l[A[1Gpulling manifest [K
pulling a3de86cd1c13:  75% ▕█████████████     ▏ 3.9 GB/5.2 GB   14 MB/s   1m28s[K[?25h[?2026l[?2026h[?25l[A[1Gpulling manifest [K
pulling a3de86cd1c13:  75% ▕█████████████     ▏ 3.9 GB/5.2 GB   14 MB/s   1m28s[K[?25h[?2026l[?2026h[?25l[A[1Gpulling manifest [K
pulling a3de86cd1c13:  75% ▕█████████████     ▏ 3.9 GB/5.2 GB   14 MB/s   1m28s[K[?25h[?2026l[?2026h[?25l[A[1Gpulling manifest [K
pulling a3de86cd1c13:  75% ▕█████████████     ▏ 3.9 GB/5.2 GB   14 MB/s   1m28s[K[?25h[?2026l[?2026h[?25l[A[1Gpulling manifest [K
pulling a3de86cd1c13:  75% ▕█████████████     ▏ 3.9 GB/5.2 GB   14 MB/s   1m28s[K[?25h[?2026l[?2026h[?25l[A[1Gpulling manifest [K
pulling a3de86cd1c13:  75% ▕█████████████     ▏ 3.9 GB/5.2 GB   14 MB/s   1m27s[K[?25h[?2026l[?2026h[?25l[A[1Gpulling manifest [K
pulling a3de86cd1c13:  75% ▕█████████████     ▏ 3.9 GB/5.2 GB   14 MB/s   1m27s[K[?25h[?2026l[?2026h[?25l[A[1Gpulling manifest [K
pulling a3de86cd1c13:  75% ▕█████████████     ▏ 3.9 GB/5.2 GB   14 MB/s   1m27s[K[?25h[?2026l[?2026h[?25l[A[1Gpulling manifest [K
pulling a3de86cd1c13:  75% ▕█████████████     ▏ 3.9 GB/5.2 GB   14 MB/s   1m27s[K[?25h[?2026l[?2026h[?25l[A[1Gpulling manifest [K
pulling a3de86cd1c13:  75% ▕█████████████     ▏ 3.9 GB/5.2 GB   14 MB/s   1m27s[K[?25h[?2026l[?2026h[?25l[A[1Gpulling manifest [K
pulling a3de86cd1c13:  75% ▕█████████████     ▏ 3.9 GB/5.2 GB   14 MB/s   1m27s[K[?25h[?2026l[?2026h[?25l[A[1Gpulling manifest [K
pulling a3de86cd1c13:  75% ▕█████████████     ▏ 3.9 GB/5.2 GB   14 MB/s   1m27s[K[?25h[?2026l[?2026h[?25l[A[1Gpulling manifest [K
pulling a3de86cd1c13:  75% ▕█████████████     ▏ 3.9 GB/5.2 GB   14 MB/s   1m26s[K[?25h[?2026l[?2026h[?25l[A[1Gpulling manifest [K
pulling a3de86cd1c13:  75% ▕█████████████     ▏ 3.9 GB/5.2 GB   14 MB/s   1m26s[K[?25h[?2026l[?2026h[?25l[A[1Gpulling manifest [K
pulling a3de86cd1c13:  75% ▕█████████████     ▏ 3.9 GB/5.2 GB   14 MB/s   1m26s[K[?25h[?2026l[?2026h[?25l[A[1Gpulling manifest [K
pulling a3de86cd1c13:  75% ▕█████████████     ▏ 3.9 GB/5.2 GB   14 MB/s   1m26s[K[?25h[?2026l[?2026h[?25l[A[1Gpulling manifest [K
pulling a3de86cd1c13:  75% ▕█████████████     ▏ 3.9 GB/5.2 GB   14 MB/s   1m26s[K[?25h[?2026l[?2026h[?25l[A[1Gpulling manifest [K
pulling a3de86cd1c13:  76% ▕█████████████     ▏ 3.9 GB/5.2 GB   14 MB/s   1m26s[K[?25h[?2026l[?2026h[?25l[A[1Gpulling manifest [K
pulling a3de86cd1c13:  76% ▕█████████████     ▏ 3.9 GB/5.2 GB   14 MB/s   1m26s[K[?25h[?2026l[?2026h[?25l[A[1Gpulling manifest [K
pulling a3de86cd1c13:  76% ▕█████████████     ▏ 3.9 GB/5.2 GB   14 MB/s   1m26s[K[?25h[?2026l[?2026h[?25l[A[1Gpulling manifest [K
pulling a3de86cd1c13:  76% ▕█████████████     ▏ 4.0 GB/5.2 GB   14 MB/s   1m25s[K[?25h[?2026l[?2026h[?25l[A[1Gpulling manifest [K
pulling a3de86cd1c13:  76% ▕█████████████     ▏ 4.0 GB/5.2 GB   14 MB/s   1m25s[K[?25h[?2026l[?2026h[?25l[A[1Gpulling manifest [K
pulling a3de86cd1c13:  76% ▕█████████████     ▏ 4.0 GB/5.2 GB   14 MB/s   1m25s[K[?25h[?2026l[?2026h[?25l[A[1Gpulling manifest [K
pulling a3de86cd1c13:  76% ▕█████████████     ▏ 4.0 GB/5.2 GB   14 MB/s   1m25s[K[?25h[?2026l[?2026h[?25l[A[1Gpulling manifest [K
pulling a3de86cd1c13:  76% ▕█████████████     ▏ 4.0 GB/5.2 GB   14 MB/s   1m25s[K[?25h[?2026l[?2026h[?25l[A[1Gpulling manifest [K
pulling a3de86cd1c13:  76% ▕█████████████     ▏ 4.0 GB/5.2 GB   14 MB/s   1m25s[K[?25h[?2026l[?2026h[?25l[A[1Gpulling manifest [K
pulling a3de86cd1c13:  76% ▕█████████████     ▏ 4.0 GB/5.2 GB   14 MB/s   1m25s[K[?25h[?2026l[?2026h[?25l[A[1Gpulling manifest [K
pulling a3de86cd1c13:  76% ▕█████████████     ▏ 4.0 GB/5.2 GB   14 MB/s   1m25s[K[?25h[?2026l[?2026h[?25l[A[1Gpulling manifest [K
pulling a3de86cd1c13:  76% ▕█████████████     ▏ 4.0 GB/5.2 GB   14 MB/s   1m25s[K[?25h[?2026l[?2026h[?25l[A[1Gpulling manifest [K
pulling a3de86cd1c13:  76% ▕█████████████     ▏ 4.0 GB/5.2 GB   14 MB/s   1m25s[K[?25h[?2026l[?2026h[?25l[A[1Gpulling manifest [K
pulling a3de86cd1c13:  76% ▕█████████████     ▏ 4.0 GB/5.2 GB   14 MB/s   1m28s[K[?25h[?2026l[?2026h[?25l[A[1Gpulling manifest [K
pulling a3de86cd1c13:  76% ▕█████████████     ▏ 4.0 GB/5.2 GB   14 MB/s   1m28s[K[?25h[?2026l[?2026h[?25l[A[1Gpulling manifest [K
pulling a3de86cd1c13:  76% ▕█████████████     ▏ 4.0 GB/5.2 GB   14 MB/s   1m28s[K[?25h[?2026l[?2026h[?25l[A[1Gpulling manifest [K
pulling a3de86cd1c13:  76% ▕█████████████     ▏ 4.0 GB/5.2 GB   14 MB/s   1m28s[K[?25h[?2026l[?2026h[?25l[A[1Gpulling manifest [K
pulling a3de86cd1c13:  76% ▕█████████████     ▏ 4.0 GB/5.2 GB   14 MB/s   1m28s[K[?25h[?2026l[?2026h[?25l[A[1Gpulling manifest [K
pulling a3de86cd1c13:  76% ▕█████████████     ▏ 4.0 GB/5.2 GB   14 MB/s   1m28s[K[?25h[?2026l[?2026h[?25l[A[1Gpulling manifest [K
pulling a3de86cd1c13:  76% ▕█████████████     ▏ 4.0 GB/5.2 GB   14 MB/s   1m27s[K[?25h[?2026l[?2026h[?25l[A[1Gpulling manifest [K
pulling a3de86cd1c13:  76% ▕█████████████     ▏ 4.0 GB/5.2 GB   14 MB/s   1m27s[K[?25h[?2026l[?2026h[?25l[A[1Gpulling manifest [K
pulling a3de86cd1c13:  76% ▕█████████████     ▏ 4.0 GB/5.2 GB   14 MB/s   1m27s[K[?25h[?2026l[?2026h[?25l[A[1Gpulling manifest [K
pulling a3de86cd1c13:  76% ▕█████████████     ▏ 4.0 GB/5.2 GB   14 MB/s   1m27s[K[?25h[?2026l[?2026h[?25l[A[1Gpulling manifest [K
pulling a3de86cd1c13:  76% ▕█████████████     ▏ 4.0 GB/5.2 GB   14 MB/s   1m27s[K[?25h[?2026l[?2026h[?25l[A[1Gpulling manifest [K
pulling a3de86cd1c13:  76% ▕█████████████     ▏ 4.0 GB/5.2 GB   14 MB/s   1m27s[K[?25h[?2026l[?2026h[?25l[A[1Gpulling manifest [K
pulling a3de86cd1c13:  76% ▕█████████████     ▏ 4.0 GB/5.2 GB   14 MB/s   1m27s[K[?25h[?2026l[?2026h[?25l[A[1Gpulling manifest [K
pulling a3de86cd1c13:  76% ▕█████████████     ▏ 4.0 GB/5.2 GB   14 MB/s   1m27s[K[?25h[?2026l[?2026h[?25l[A[1Gpulling manifest [K
pulling a3de86cd1c13:  76% ▕█████████████     ▏ 4.0 GB/5.2 GB   14 MB/s   1m27s[K[?25h[?2026l[?2026h[?25l[A[1Gpulling manifest [K
pulling a3de86cd1c13:  76% ▕█████████████     ▏ 4.0 GB/5.2 GB   14 MB/s   1m26s[K[?25h[?2026l[?2026h[?25l[A[1Gpulling manifest [K
pulling a3de86cd1c13:  76% ▕█████████████     ▏ 4.0 GB/5.2 GB   14 MB/s   1m26s[K[?25h[?2026l[?2026h[?25l[A[1Gpulling manifest [K
pulling a3de86cd1c13:  76% ▕█████████████     ▏ 4.0 GB/5.2 GB   14 MB/s   1m26s[K[?25h[?2026l[?2026h[?25l[A[1Gpulling manifest [K
pulling a3de86cd1c13:  76% ▕█████████████     ▏ 4.0 GB/5.2 GB   14 MB/s   1m26s[K[?25h[?2026l[?2026h[?25l[A[1Gpulling manifest [K
pulling a3de86cd1c13:  76% ▕█████████████     ▏ 4.0 GB/5.2 GB   14 MB/s   1m26s[K[?25h[?2026l[?2026h[?25l[A[1Gpulling manifest [K
pulling a3de86cd1c13:  76% ▕█████████████     ▏ 4.0 GB/5.2 GB   14 MB/s   1m27s[K[?25h[?2026l[?2026h[?25l[A[1Gpulling manifest [K
pulling a3de86cd1c13:  76% ▕█████████████     ▏ 4.0 GB/5.2 GB   14 MB/s   1m27s[K[?25h[?2026l[?2026h[?25l[A[1Gpulling manifest [K
pulling a3de86cd1c13:  76% ▕█████████████     ▏ 4.0 GB/5.2 GB   14 MB/s   1m27s[K[?25h[?2026l[?2026h[?25l[A[1Gpulling manifest [K
pulling a3de86cd1c13:  76% ▕█████████████     ▏ 4.0 GB/5.2 GB   14 MB/s   1m27s[K[?25h[?2026l[?2026h[?25l[A[1Gpulling manifest [K
pulling a3de86cd1c13:  76% ▕█████████████     ▏ 4.0 GB/5.2 GB   14 MB/s   1m26s[K[?25h[?2026l[?2026h[?25l[A[1Gpulling manifest [K
pulling a3de86cd1c13:  76% ▕█████████████     ▏ 4.0 GB/5.2 GB   14 MB/s   1m26s[K[?25h[?2026l[?2026h[?25l[A[1Gpulling manifest [K
pulling a3de86cd1c13:  77% ▕█████████████     ▏ 4.0 GB/5.2 GB   14 MB/s   1m26s[K[?25h[?2026l[?2026h[?25l[A[1Gpulling manifest [K
pulling a3de86cd1c13:  77% ▕█████████████     ▏ 4.0 GB/5.2 GB   14 MB/s   1m26s[K[?25h[?2026l[?2026h[?25l[A[1Gpulling manifest [K
pulling a3de86cd1c13:  77% ▕█████████████     ▏ 4.0 GB/5.2 GB   14 MB/s   1m26s[K[?25h[?2026l[?2026h[?25l[A[1Gpulling manifest [K
pulling a3de86cd1c13:  77% ▕█████████████     ▏ 4.0 GB/5.2 GB   14 MB/s   1m26s[K[?25h[?2026l[?2026h[?25l[A[1Gpulling manifest [K
pulling a3de86cd1c13:  77% ▕█████████████     ▏ 4.0 GB/5.2 GB   14 MB/s   1m26s[K[?25h[?2026l[?2026h[?25l[A[1Gpulling manifest [K
pulling a3de86cd1c13:  77% ▕█████████████     ▏ 4.0 GB/5.2 GB   14 MB/s   1m26s[K[?25h[?2026l[?2026h[?25l[A[1Gpulling manifest [K
pulling a3de86cd1c13:  77% ▕█████████████     ▏ 4.0 GB/5.2 GB   14 MB/s   1m26s[K[?25h[?2026l[?2026h[?25l[A[1Gpulling manifest [K
pulling a3de86cd1c13:  77% ▕█████████████     ▏ 4.0 GB/5.2 GB   14 MB/s   1m25s[K[?25h[?2026l[?2026h[?25l[A[1Gpulling manifest [K
pulling a3de86cd1c13:  77% ▕█████████████     ▏ 4.0 GB/5.2 GB   14 MB/s   1m25s[K[?25h[?2026l[?2026h[?25l[A[1Gpulling manifest [K
pulling a3de86cd1c13:  77% ▕█████████████     ▏ 4.0 GB/5.2 GB   14 MB/s   1m25s[K[?25h[?2026l[?2026h[?25l[A[1Gpulling manifest [K
pulling a3de86cd1c13:  77% ▕█████████████     ▏ 4.0 GB/5.2 GB   14 MB/s   1m25s[K[?25h[?2026l[?2026h[?25l[A[1Gpulling manifest [K
pulling a3de86cd1c13:  77% ▕█████████████     ▏ 4.0 GB/5.2 GB   14 MB/s   1m25s[K[?25h[?2026l[?2026h[?25l[A[1Gpulling manifest [K
pulling a3de86cd1c13:  77% ▕█████████████     ▏ 4.0 GB/5.2 GB   14 MB/s   1m25s[K[?25h[?2026l[?2026h[?25l[A[1Gpulling manifest [K
pulling a3de86cd1c13:  77% ▕█████████████     ▏ 4.0 GB/5.2 GB   14 MB/s   1m25s[K[?25h[?2026l[?2026h[?25l[A[1Gpulling manifest [K
pulling a3de86cd1c13:  77% ▕█████████████     ▏ 4.0 GB/5.2 GB   14 MB/s   1m25s[K[?25h[?2026l[?2026h[?25l[A[1Gpulling manifest [K
pulling a3de86cd1c13:  77% ▕█████████████     ▏ 4.0 GB/5.2 GB   14 MB/s   1m25s[K[?25h[?2026l[?2026h[?25l[A[1Gpulling manifest [K
pulling a3de86cd1c13:  77% ▕█████████████     ▏ 4.0 GB/5.2 GB   14 MB/s   1m25s[K[?25h[?2026l[?2026h[?25l[A[1Gpulling manifest [K
pulling a3de86cd1c13:  77% ▕█████████████     ▏ 4.0 GB/5.2 GB   14 MB/s   1m25s[K[?25h[?2026l[?2026h[?25l[A[1Gpulling manifest [K
pulling a3de86cd1c13:  77% ▕█████████████     ▏ 4.0 GB/5.2 GB   14 MB/s   1m25s[K[?25h[?2026l[?2026h[?25l[A[1Gpulling manifest [K
pulling a3de86cd1c13:  77% ▕█████████████     ▏ 4.0 GB/5.2 GB   14 MB/s   1m25s[K[?25h[?2026l[?2026h[?25l[A[1Gpulling manifest [K
pulling a3de86cd1c13:  77% ▕█████████████     ▏ 4.0 GB/5.2 GB   14 MB/s   1m25s[K[?25h[?2026l[?2026h[?25l[A[1Gpulling manifest [K
pulling a3de86cd1c13:  77% ▕█████████████     ▏ 4.0 GB/5.2 GB   14 MB/s   1m25s[K[?25h[?2026l[?2026h[?25l[A[1Gpulling manifest [K
pulling a3de86cd1c13:  77% ▕█████████████     ▏ 4.0 GB/5.2 GB   14 MB/s   1m25s[K[?25h[?2026l[?2026h[?25l[A[1Gpulling manifest [K
pulling a3de86cd1c13:  77% ▕█████████████     ▏ 4.0 GB/5.2 GB   14 MB/s   1m25s[K[?25h[?2026l[?2026h[?25l[A[1Gpulling manifest [K
pulling a3de86cd1c13:  77% ▕█████████████     ▏ 4.0 GB/5.2 GB   14 MB/s   1m24s[K[?25h[?2026l[?2026h[?25l[A[1Gpulling manifest [K
pulling a3de86cd1c13:  77% ▕█████████████     ▏ 4.0 GB/5.2 GB   13 MB/s   1m26s[K[?25h[?2026l[?2026h[?25l[A[1Gpulling manifest [K
pulling a3de86cd1c13:  77% ▕█████████████     ▏ 4.0 GB/5.2 GB   13 MB/s   1m26s[K[?25h[?2026l[?2026h[?25l[A[1Gpulling manifest [K
pulling a3de86cd1c13:  77% ▕█████████████     ▏ 4.0 GB/5.2 GB   13 MB/s   1m26s[K[?25h[?2026l[?2026h[?25l[A[1Gpulling manifest [K
pulling a3de86cd1c13:  77% ▕█████████████     ▏ 4.0 GB/5.2 GB   13 MB/s   1m26s[K[?25h[?2026l[?2026h[?25l[A[1Gpulling manifest [K
pulling a3de86cd1c13:  77% ▕█████████████     ▏ 4.0 GB/5.2 GB   13 MB/s   1m26s[K[?25h[?2026l[?2026h[?25l[A[1Gpulling manifest [K
pulling a3de86cd1c13:  77% ▕█████████████     ▏ 4.0 GB/5.2 GB   13 MB/s   1m26s[K[?25h[?2026l[?2026h[?25l[A[1Gpulling manifest [K
pulling a3de86cd1c13:  77% ▕█████████████     ▏ 4.0 GB/5.2 GB   13 MB/s   1m25s[K[?25h[?2026l[?2026h[?25l[A[1Gpulling manifest [K
pulling a3de86cd1c13:  77% ▕█████████████     ▏ 4.0 GB/5.2 GB   13 MB/s   1m25s[K[?25h[?2026l[?2026h[?25l[A[1Gpulling manifest [K
pulling a3de86cd1c13:  77% ▕█████████████     ▏ 4.0 GB/5.2 GB   13 MB/s   1m25s[K[?25h[?2026l[?2026h[?25l[A[1Gpulling manifest [K
pulling a3de86cd1c13:  77% ▕█████████████     ▏ 4.0 GB/5.2 GB   13 MB/s   1m25s[K[?25h[?2026l[?2026h[?25l[A[1Gpulling manifest [K
pulling a3de86cd1c13:  77% ▕█████████████     ▏ 4.0 GB/5.2 GB   13 MB/s   1m27s[K[?25h[?2026l[?2026h[?25l[A[1Gpulling manifest [K
pulling a3de86cd1c13:  77% ▕█████████████     ▏ 4.0 GB/5.2 GB   13 MB/s   1m27s[K[?25h[?2026l[?2026h[?25l[A[1Gpulling manifest [K
pulling a3de86cd1c13:  77% ▕█████████████     ▏ 4.0 GB/5.2 GB   13 MB/s   1m27s[K[?25h[?2026l[?2026h[?25l[A[1Gpulling manifest [K
pulling a3de86cd1c13:  77% ▕█████████████     ▏ 4.0 GB/5.2 GB   13 MB/s   1m27s[K[?25h[?2026l[?2026h[?25l[A[1Gpulling manifest [K
pulling a3de86cd1c13:  78% ▕█████████████     ▏ 4.0 GB/5.2 GB   13 MB/s   1m26s[K[?25h[?2026l[?2026h[?25l[A[1Gpulling manifest [K
pulling a3de86cd1c13:  78% ▕█████████████     ▏ 4.1 GB/5.2 GB   13 MB/s   1m26s[K[?25h[?2026l[?2026h[?25l[A[1Gpulling manifest [K
pulling a3de86cd1c13:  78% ▕█████████████     ▏ 4.1 GB/5.2 GB   13 MB/s   1m26s[K[?25h[?2026l[?2026h[?25l[A[1Gpulling manifest [K
pulling a3de86cd1c13:  78% ▕█████████████     ▏ 4.1 GB/5.2 GB   13 MB/s   1m26s[K[?25h[?2026l[?2026h[?25l[A[1Gpulling manifest [K
pulling a3de86cd1c13:  78% ▕█████████████     ▏ 4.1 GB/5.2 GB   13 MB/s   1m26s[K[?25h[?2026l[?2026h[?25l[A[1Gpulling manifest [K
pulling a3de86cd1c13:  78% ▕█████████████     ▏ 4.1 GB/5.2 GB   13 MB/s   1m26s[K[?25h[?2026l[?2026h[?25l[A[1Gpulling manifest [K
pulling a3de86cd1c13:  78% ▕█████████████     ▏ 4.1 GB/5.2 GB   13 MB/s   1m26s[K[?25h[?2026l[?2026h[?25l[A[1Gpulling manifest [K
pulling a3de86cd1c13:  78% ▕█████████████     ▏ 4.1 GB/5.2 GB   13 MB/s   1m26s[K[?25h[?2026l[?2026h[?25l[A[1Gpulling manifest [K
pulling a3de86cd1c13:  78% ▕█████████████     ▏ 4.1 GB/5.2 GB   13 MB/s   1m26s[K[?25h[?2026l[?2026h[?25l[A[1Gpulling manifest [K
pulling a3de86cd1c13:  78% ▕█████████████     ▏ 4.1 GB/5.2 GB   13 MB/s   1m26s[K[?25h[?2026l[?2026h[?25l[A[1Gpulling manifest [K
pulling a3de86cd1c13:  78% ▕█████████████     ▏ 4.1 GB/5.2 GB   13 MB/s   1m26s[K[?25h[?2026l[?2026h[?25l[A[1Gpulling manifest [K
pulling a3de86cd1c13:  78% ▕█████████████     ▏ 4.1 GB/5.2 GB   13 MB/s   1m25s[K[?25h[?2026l[?2026h[?25l[A[1Gpulling manifest [K
pulling a3de86cd1c13:  78% ▕██████████████    ▏ 4.1 GB/5.2 GB   13 MB/s   1m25s[K[?25h[?2026l[?2026h[?25l[A[1Gpulling manifest [K
pulling a3de86cd1c13:  78% ▕██████████████    ▏ 4.1 GB/5.2 GB   13 MB/s   1m25s[K[?25h[?2026l[?2026h[?25l[A[1Gpulling manifest [K
pulling a3de86cd1c13:  78% ▕██████████████    ▏ 4.1 GB/5.2 GB   13 MB/s   1m25s[K[?25h[?2026l[?2026h[?25l[A[1Gpulling manifest [K
pulling a3de86cd1c13:  78% ▕██████████████    ▏ 4.1 GB/5.2 GB   13 MB/s   1m25s[K[?25h[?2026l[?2026h[?25l[A[1Gpulling manifest [K
pulling a3de86cd1c13:  78% ▕██████████████    ▏ 4.1 GB/5.2 GB   13 MB/s   1m25s[K[?25h[?2026l[?2026h[?25l[A[1Gpulling manifest [K
pulling a3de86cd1c13:  78% ▕██████████████    ▏ 4.1 GB/5.2 GB   13 MB/s   1m25s[K[?25h[?2026l[?2026h[?25l[A[1Gpulling manifest [K
pulling a3de86cd1c13:  78% ▕██████████████    ▏ 4.1 GB/5.2 GB   13 MB/s   1m25s[K[?25h[?2026l[?2026h[?25l[A[1Gpulling manifest [K
pulling a3de86cd1c13:  78% ▕██████████████    ▏ 4.1 GB/5.2 GB   13 MB/s   1m25s[K[?25h[?2026l[?2026h[?25l[A[1Gpulling manifest [K
pulling a3de86cd1c13:  78% ▕██████████████    ▏ 4.1 GB/5.2 GB   13 MB/s   1m25s[K[?25h[?2026l[?2026h[?25l[A[1Gpulling manifest [K
pulling a3de86cd1c13:  78% ▕██████████████    ▏ 4.1 GB/5.2 GB   13 MB/s   1m25s[K[?25h[?2026l[?2026h[?25l[A[1Gpulling manifest [K
pulling a3de86cd1c13:  78% ▕██████████████    ▏ 4.1 GB/5.2 GB   13 MB/s   1m25s[K[?25h[?2026l[?2026h[?25l[A[1Gpulling manifest [K
pulling a3de86cd1c13:  78% ▕██████████████    ▏ 4.1 GB/5.2 GB   13 MB/s   1m25s[K[?25h[?2026l[?2026h[?25l[A[1Gpulling manifest [K
pulling a3de86cd1c13:  78% ▕██████████████    ▏ 4.1 GB/5.2 GB   13 MB/s   1m24s[K[?25h[?2026l[?2026h[?25l[A[1Gpulling manifest [K
pulling a3de86cd1c13:  78% ▕██████████████    ▏ 4.1 GB/5.2 GB   13 MB/s   1m24s[K[?25h[?2026l[?2026h[?25l[A[1Gpulling manifest [K
pulling a3de86cd1c13:  78% ▕██████████████    ▏ 4.1 GB/5.2 GB   13 MB/s   1m24s[K[?25h[?2026l[?2026h[?25l[A[1Gpulling manifest [K
pulling a3de86cd1c13:  78% ▕██████████████    ▏ 4.1 GB/5.2 GB   13 MB/s   1m22s[K[?25h[?2026l[?2026h[?25l[A[1Gpulling manifest [K
pulling a3de86cd1c13:  78% ▕██████████████    ▏ 4.1 GB/5.2 GB   13 MB/s   1m22s[K[?25h[?2026l[?2026h[?25l[A[1Gpulling manifest [K
pulling a3de86cd1c13:  78% ▕██████████████    ▏ 4.1 GB/5.2 GB   13 MB/s   1m22s[K[?25h[?2026l[?2026h[?25l[A[1Gpulling manifest [K
pulling a3de86cd1c13:  78% ▕██████████████    ▏ 4.1 GB/5.2 GB   13 MB/s   1m22s[K[?25h[?2026l[?2026h[?25l[A[1Gpulling manifest [K
pulling a3de86cd1c13:  78% ▕██████████████    ▏ 4.1 GB/5.2 GB   13 MB/s   1m22s[K[?25h[?2026l[?2026h[?25l[A[1Gpulling manifest [K
pulling a3de86cd1c13:  78% ▕██████████████    ▏ 4.1 GB/5.2 GB   13 MB/s   1m21s[K[?25h[?2026l[?2026h[?25l[A[1Gpulling manifest [K
pulling a3de86cd1c13:  78% ▕██████████████    ▏ 4.1 GB/5.2 GB   13 MB/s   1m21s[K[?25h[?2026l[?2026h[?25l[A[1Gpulling manifest [K
pulling a3de86cd1c13:  78% ▕██████████████    ▏ 4.1 GB/5.2 GB   13 MB/s   1m21s[K[?25h[?2026l[?2026h[?25l[A[1Gpulling manifest [K
pulling a3de86cd1c13:  78% ▕██████████████    ▏ 4.1 GB/5.2 GB   13 MB/s   1m21s[K[?25h[?2026l[?2026h[?25l[A[1Gpulling manifest [K
pulling a3de86cd1c13:  78% ▕██████████████    ▏ 4.1 GB/5.2 GB   13 MB/s   1m21s[K[?25h[?2026l[?2026h[?25l[A[1Gpulling manifest [K
pulling a3de86cd1c13:  78% ▕██████████████    ▏ 4.1 GB/5.2 GB   13 MB/s   1m20s[K[?25h[?2026l[?2026h[?25l[A[1Gpulling manifest [K
pulling a3de86cd1c13:  78% ▕██████████████    ▏ 4.1 GB/5.2 GB   13 MB/s   1m20s[K[?25h[?2026l[?2026h[?25l[A[1Gpulling manifest [K
pulling a3de86cd1c13:  79% ▕██████████████    ▏ 4.1 GB/5.2 GB   13 MB/s   1m20s[K[?25h[?2026l[?2026h[?25l[A[1Gpulling manifest [K
pulling a3de86cd1c13:  79% ▕██████████████    ▏ 4.1 GB/5.2 GB   13 MB/s   1m20s[K[?25h[?2026l[?2026h[?25l[A[1Gpulling manifest [K
pulling a3de86cd1c13:  79% ▕██████████████    ▏ 4.1 GB/5.2 GB   13 MB/s   1m20s[K[?25h[?2026l[?2026h[?25l[A[1Gpulling manifest [K
pulling a3de86cd1c13:  79% ▕██████████████    ▏ 4.1 GB/5.2 GB   13 MB/s   1m20s[K[?25h[?2026l[?2026h[?25l[A[1Gpulling manifest [K
pulling a3de86cd1c13:  79% ▕██████████████    ▏ 4.1 GB/5.2 GB   13 MB/s   1m19s[K[?25h[?2026l[?2026h[?25l[A[1Gpulling manifest [K
pulling a3de86cd1c13:  79% ▕██████████████    ▏ 4.1 GB/5.2 GB   13 MB/s   1m19s[K[?25h[?2026l[?2026h[?25l[A[1Gpulling manifest [K
pulling a3de86cd1c13:  79% ▕██████████████    ▏ 4.1 GB/5.2 GB   13 MB/s   1m19s[K[?25h[?2026l[?2026h[?25l[A[1Gpulling manifest [K
pulling a3de86cd1c13:  79% ▕██████████████    ▏ 4.1 GB/5.2 GB   13 MB/s   1m19s[K[?25h[?2026l[?2026h[?25l[A[1Gpulling manifest [K
pulling a3de86cd1c13:  79% ▕██████████████    ▏ 4.1 GB/5.2 GB   14 MB/s   1m18s[K[?25h[?2026l[?2026h[?25l[A[1Gpulling manifest [K
pulling a3de86cd1c13:  79% ▕██████████████    ▏ 4.1 GB/5.2 GB   14 MB/s   1m18s[K[?25h[?2026l[?2026h[?25l[A[1Gpulling manifest [K
pulling a3de86cd1c13:  79% ▕██████████████    ▏ 4.1 GB/5.2 GB   14 MB/s   1m18s[K[?25h[?2026l[?2026h[?25l[A[1Gpulling manifest [K
pulling a3de86cd1c13:  79% ▕██████████████    ▏ 4.1 GB/5.2 GB   14 MB/s   1m18s[K[?25h[?2026l[?2026h[?25l[A[1Gpulling manifest [K
pulling a3de86cd1c13:  79% ▕██████████████    ▏ 4.1 GB/5.2 GB   14 MB/s   1m18s[K[?25h[?2026l[?2026h[?25l[A[1Gpulling manifest [K
pulling a3de86cd1c13:  79% ▕██████████████    ▏ 4.1 GB/5.2 GB   14 MB/s   1m18s[K[?25h[?2026l[?2026h[?25l[A[1Gpulling manifest [K
pulling a3de86cd1c13:  79% ▕██████████████    ▏ 4.1 GB/5.2 GB   14 MB/s   1m18s[K[?25h[?2026l[?2026h[?25l[A[1Gpulling manifest [K
pulling a3de86cd1c13:  79% ▕██████████████    ▏ 4.1 GB/5.2 GB   14 MB/s   1m18s[K[?25h[?2026l[?2026h[?25l[A[1Gpulling manifest [K
pulling a3de86cd1c13:  79% ▕██████████████    ▏ 4.1 GB/5.2 GB   14 MB/s   1m17s[K[?25h[?2026l[?2026h[?25l[A[1Gpulling manifest [K
pulling a3de86cd1c13:  79% ▕██████████████    ▏ 4.1 GB/5.2 GB   14 MB/s   1m17s[K[?25h[?2026l[?2026h[?25l[A[1Gpulling manifest [K
pulling a3de86cd1c13:  79% ▕██████████████    ▏ 4.1 GB/5.2 GB   14 MB/s   1m17s[K[?25h[?2026l[?2026h[?25l[A[1Gpulling manifest [K
pulling a3de86cd1c13:  79% ▕██████████████    ▏ 4.1 GB/5.2 GB   14 MB/s   1m17s[K[?25h[?2026l[?2026h[?25l[A[1Gpulling manifest [K
pulling a3de86cd1c13:  79% ▕██████████████    ▏ 4.1 GB/5.2 GB   14 MB/s   1m17s[K[?25h[?2026l[?2026h[?25l[A[1Gpulling manifest [K
pulling a3de86cd1c13:  79% ▕██████████████    ▏ 4.1 GB/5.2 GB   14 MB/s   1m16s[K[?25h[?2026l[?2026h[?25l[A[1Gpulling manifest [K
pulling a3de86cd1c13:  79% ▕██████████████    ▏ 4.1 GB/5.2 GB   14 MB/s   1m16s[K[?25h[?2026l[?2026h[?25l[A[1Gpulling manifest [K
pulling a3de86cd1c13:  79% ▕██████████████    ▏ 4.1 GB/5.2 GB   14 MB/s   1m16s[K[?25h[?2026l[?2026h[?25l[A[1Gpulling manifest [K
pulling a3de86cd1c13:  79% ▕██████████████    ▏ 4.1 GB/5.2 GB   14 MB/s   1m16s[K[?25h[?2026l[?2026h[?25l[A[1Gpulling manifest [K
pulling a3de86cd1c13:  79% ▕██████████████    ▏ 4.1 GB/5.2 GB   14 MB/s   1m16s[K[?25h[?2026l[?2026h[?25l[A[1Gpulling manifest [K
pulling a3de86cd1c13:  79% ▕██████████████    ▏ 4.1 GB/5.2 GB   14 MB/s   1m16s[K[?25h[?2026l[?2026h[?25l[A[1Gpulling manifest [K
pulling a3de86cd1c13:  79% ▕██████████████    ▏ 4.1 GB/5.2 GB   14 MB/s   1m16s[K[?25h[?2026l[?2026h[?25l[A[1Gpulling manifest [K
pulling a3de86cd1c13:  79% ▕██████████████    ▏ 4.1 GB/5.2 GB   14 MB/s   1m16s[K[?25h[?2026l[?2026h[?25l[A[1Gpulling manifest [K
pulling a3de86cd1c13:  79% ▕██████████████    ▏ 4.1 GB/5.2 GB   14 MB/s   1m16s[K[?25h[?2026l[?2026h[?25l[A[1Gpulling manifest [K
pulling a3de86cd1c13:  79% ▕██████████████    ▏ 4.1 GB/5.2 GB   14 MB/s   1m15s[K[?25h[?2026l[?2026h[?25l[A[1Gpulling manifest [K
pulling a3de86cd1c13:  79% ▕██████████████    ▏ 4.1 GB/5.2 GB   14 MB/s   1m15s[K[?25h[?2026l[?2026h[?25l[A[1Gpulling manifest [K
pulling a3de86cd1c13:  79% ▕██████████████    ▏ 4.2 GB/5.2 GB   14 MB/s   1m15s[K[?25h[?2026l[?2026h[?25l[A[1Gpulling manifest [K
pulling a3de86cd1c13:  79% ▕██████████████    ▏ 4.2 GB/5.2 GB   14 MB/s   1m15s[K[?25h[?2026l[?2026h[?25l[A[1Gpulling manifest [K
pulling a3de86cd1c13:  80% ▕██████████████    ▏ 4.2 GB/5.2 GB   14 MB/s   1m15s[K[?25h[?2026l[?2026h[?25l[A[1Gpulling manifest [K
pulling a3de86cd1c13:  80% ▕██████████████    ▏ 4.2 GB/5.2 GB   14 MB/s   1m15s[K[?25h[?2026l[?2026h[?25l[A[1Gpulling manifest [K
pulling a3de86cd1c13:  80% ▕██████████████    ▏ 4.2 GB/5.2 GB   14 MB/s   1m15s[K[?25h[?2026l[?2026h[?25l[A[1Gpulling manifest [K
pulling a3de86cd1c13:  80% ▕██████████████    ▏ 4.2 GB/5.2 GB   14 MB/s   1m15s[K[?25h[?2026l[?2026h[?25l[A[1Gpulling manifest [K
pulling a3de86cd1c13:  80% ▕██████████████    ▏ 4.2 GB/5.2 GB   14 MB/s   1m15s[K[?25h[?2026l[?2026h[?25l[A[1Gpulling manifest [K
pulling a3de86cd1c13:  80% ▕██████████████    ▏ 4.2 GB/5.2 GB   14 MB/s   1m13s[K[?25h[?2026l[?2026h[?25l[A[1Gpulling manifest [K
pulling a3de86cd1c13:  80% ▕██████████████    ▏ 4.2 GB/5.2 GB   14 MB/s   1m13s[K[?25h[?2026l[?2026h[?25l[A[1Gpulling manifest [K
pulling a3de86cd1c13:  80% ▕██████████████    ▏ 4.2 GB/5.2 GB   14 MB/s   1m13s[K[?25h[?2026l[?2026h[?25l[A[1Gpulling manifest [K
pulling a3de86cd1c13:  80% ▕██████████████    ▏ 4.2 GB/5.2 GB   14 MB/s   1m13s[K[?25h[?2026l[?2026h[?25l[A[1Gpulling manifest [K
pulling a3de86cd1c13:  80% ▕██████████████    ▏ 4.2 GB/5.2 GB   14 MB/s   1m13s[K[?25h[?2026l[?2026h[?25l[A[1Gpulling manifest [K
pulling a3de86cd1c13:  80% ▕██████████████    ▏ 4.2 GB/5.2 GB   14 MB/s   1m13s[K[?25h[?2026l[?2026h[?25l[A[1Gpulling manifest [K
pulling a3de86cd1c13:  80% ▕██████████████    ▏ 4.2 GB/5.2 GB   14 MB/s   1m13s[K[?25h[?2026l[?2026h[?25l[A[1Gpulling manifest [K
pulling a3de86cd1c13:  80% ▕██████████████    ▏ 4.2 GB/5.2 GB   14 MB/s   1m12s[K[?25h[?2026l[?2026h[?25l[A[1Gpulling manifest [K
pulling a3de86cd1c13:  80% ▕██████████████    ▏ 4.2 GB/5.2 GB   14 MB/s   1m12s[K[?25h[?2026l[?2026h[?25l[A[1Gpulling manifest [K
pulling a3de86cd1c13:  80% ▕██████████████    ▏ 4.2 GB/5.2 GB   14 MB/s   1m12s[K[?25h[?2026l[?2026h[?25l[A[1Gpulling manifest [K
pulling a3de86cd1c13:  80% ▕██████████████    ▏ 4.2 GB/5.2 GB   14 MB/s   1m10s[K[?25h[?2026l[?2026h[?25l[A[1Gpulling manifest [K
pulling a3de86cd1c13:  80% ▕██████████████    ▏ 4.2 GB/5.2 GB   14 MB/s   1m10s[K[?25h[?2026l[?2026h[?25l[A[1Gpulling manifest [K
pulling a3de86cd1c13:  80% ▕██████████████    ▏ 4.2 GB/5.2 GB   14 MB/s   1m10s[K[?25h[?2026l[?2026h[?25l[A[1Gpulling manifest [K
pulling a3de86cd1c13:  80% ▕██████████████    ▏ 4.2 GB/5.2 GB   14 MB/s   1m10s[K[?25h[?2026l[?2026h[?25l[A[1Gpulling manifest [K
pulling a3de86cd1c13:  80% ▕██████████████    ▏ 4.2 GB/5.2 GB   14 MB/s   1m10s[K[?25h[?2026l[?2026h[?25l[A[1Gpulling manifest [K
pulling a3de86cd1c13:  80% ▕██████████████    ▏ 4.2 GB/5.2 GB   14 MB/s   1m10s[K[?25h[?2026l[?2026h[?25l[A[1Gpulling manifest [K
pulling a3de86cd1c13:  80% ▕██████████████    ▏ 4.2 GB/5.2 GB   14 MB/s   1m10s[K[?25h[?2026l[?2026h[?25l[A[1Gpulling manifest [K
pulling a3de86cd1c13:  80% ▕██████████████    ▏ 4.2 GB/5.2 GB   14 MB/s   1m10s[K[?25h[?2026l[?2026h[?25l[A[1Gpulling manifest [K
pulling a3de86cd1c13:  80% ▕██████████████    ▏ 4.2 GB/5.2 GB   14 MB/s   1m10s[K[?25h[?2026l[?2026h[?25l[A[1Gpulling manifest [K
pulling a3de86cd1c13:  80% ▕██████████████    ▏ 4.2 GB/5.2 GB   14 MB/s    1m9s[K[?25h[?2026l[?2026h[?25l[A[1Gpulling manifest [K
pulling a3de86cd1c13:  80% ▕██████████████    ▏ 4.2 GB/5.2 GB   14 MB/s    1m9s[K[?25h[?2026l[?2026h[?25l[A[1Gpulling manifest [K
pulling a3de86cd1c13:  80% ▕██████████████    ▏ 4.2 GB/5.2 GB   14 MB/s    1m9s[K[?25h[?2026l[?2026h[?25l[A[1Gpulling manifest [K
pulling a3de86cd1c13:  80% ▕██████████████    ▏ 4.2 GB/5.2 GB   14 MB/s    1m9s[K[?25h[?2026l[?2026h[?25l[A[1Gpulling manifest [K
pulling a3de86cd1c13:  80% ▕██████████████    ▏ 4.2 GB/5.2 GB   14 MB/s    1m9s[K[?25h[?2026l[?2026h[?25l[A[1Gpulling manifest [K
pulling a3de86cd1c13:  80% ▕██████████████    ▏ 4.2 GB/5.2 GB   14 MB/s    1m8s[K[?25h[?2026l[?2026h[?25l[A[1Gpulling manifest [K
pulling a3de86cd1c13:  80% ▕██████████████    ▏ 4.2 GB/5.2 GB   14 MB/s    1m8s[K[?25h[?2026l[?2026h[?25l[A[1Gpulling manifest [K
pulling a3de86cd1c13:  80% ▕██████████████    ▏ 4.2 GB/5.2 GB   14 MB/s    1m8s[K[?25h[?2026l[?2026h[?25l[A[1Gpulling manifest [K
pulling a3de86cd1c13:  80% ▕██████████████    ▏ 4.2 GB/5.2 GB   14 MB/s    1m8s[K[?25h[?2026l[?2026h[?25l[A[1Gpulling manifest [K
pulling a3de86cd1c13:  80% ▕██████████████    ▏ 4.2 GB/5.2 GB   14 MB/s    1m8s[K[?25h[?2026l[?2026h[?25l[A[1Gpulling manifest [K
pulling a3de86cd1c13:  80% ▕██████████████    ▏ 4.2 GB/5.2 GB   14 MB/s    1m8s[K[?25h[?2026l[?2026h[?25l[A[1Gpulling manifest [K
pulling a3de86cd1c13:  81% ▕██████████████    ▏ 4.2 GB/5.2 GB   15 MB/s    1m7s[K[?25h[?2026l[?2026h[?25l[A[1Gpulling manifest [K
pulling a3de86cd1c13:  81% ▕██████████████    ▏ 4.2 GB/5.2 GB   15 MB/s    1m7s[K[?25h[?2026l[?2026h[?25l[A[1Gpulling manifest [K
pulling a3de86cd1c13:  81% ▕██████████████    ▏ 4.2 GB/5.2 GB   15 MB/s    1m7s[K[?25h[?2026l[?2026h[?25l[A[1Gpulling manifest [K
pulling a3de86cd1c13:  81% ▕██████████████    ▏ 4.2 GB/5.2 GB   15 MB/s    1m7s[K[?25h[?2026l[?2026h[?25l[A[1Gpulling manifest [K
pulling a3de86cd1c13:  81% ▕██████████████    ▏ 4.2 GB/5.2 GB   15 MB/s    1m7s[K[?25h[?2026l[?2026h[?25l[A[1Gpulling manifest [K
pulling a3de86cd1c13:  81% ▕██████████████    ▏ 4.2 GB/5.2 GB   15 MB/s    1m7s[K[?25h[?2026l[?2026h[?25l[A[1Gpulling manifest [K
pulling a3de86cd1c13:  81% ▕██████████████    ▏ 4.2 GB/5.2 GB   15 MB/s    1m7s[K[?25h[?2026l[?2026h[?25l[A[1Gpulling manifest [K
pulling a3de86cd1c13:  81% ▕██████████████    ▏ 4.2 GB/5.2 GB   15 MB/s    1m6s[K[?25h[?2026l[?2026h[?25l[A[1Gpulling manifest [K
pulling a3de86cd1c13:  81% ▕██████████████    ▏ 4.2 GB/5.2 GB   15 MB/s    1m6s[K[?25h[?2026l[?2026h[?25l[A[1Gpulling manifest [K
pulling a3de86cd1c13:  81% ▕██████████████    ▏ 4.2 GB/5.2 GB   15 MB/s    1m6s[K[?25h[?2026l[?2026h[?25l[A[1Gpulling manifest [K
pulling a3de86cd1c13:  81% ▕██████████████    ▏ 4.2 GB/5.2 GB   15 MB/s    1m5s[K[?25h[?2026l[?2026h[?25l[A[1Gpulling manifest [K
pulling a3de86cd1c13:  81% ▕██████████████    ▏ 4.2 GB/5.2 GB   15 MB/s    1m5s[K[?25h[?2026l[?2026h[?25l[A[1Gpulling manifest [K
pulling a3de86cd1c13:  81% ▕██████████████    ▏ 4.2 GB/5.2 GB   15 MB/s    1m5s[K[?25h[?2026l[?2026h[?25l[A[1Gpulling manifest [K
pulling a3de86cd1c13:  81% ▕██████████████    ▏ 4.2 GB/5.2 GB   15 MB/s    1m4s[K[?25h[?2026l[?2026h[?25l[A[1Gpulling manifest [K
pulling a3de86cd1c13:  81% ▕██████████████    ▏ 4.2 GB/5.2 GB   15 MB/s    1m4s[K[?25h[?2026l[?2026h[?25l[A[1Gpulling manifest [K
pulling a3de86cd1c13:  81% ▕██████████████    ▏ 4.2 GB/5.2 GB   15 MB/s    1m4s[K[?25h[?2026l[?2026h[?25l[A[1Gpulling manifest [K
pulling a3de86cd1c13:  81% ▕██████████████    ▏ 4.2 GB/5.2 GB   15 MB/s    1m4s[K[?25h[?2026l[?2026h[?25l[A[1Gpulling manifest [K
pulling a3de86cd1c13:  81% ▕██████████████    ▏ 4.2 GB/5.2 GB   15 MB/s    1m4s[K[?25h[?2026l[?2026h[?25l[A[1Gpulling manifest [K
pulling a3de86cd1c13:  81% ▕██████████████    ▏ 4.2 GB/5.2 GB   15 MB/s    1m4s[K[?25h[?2026l[?2026h[?25l[A[1Gpulling manifest [K
pulling a3de86cd1c13:  81% ▕██████████████    ▏ 4.2 GB/5.2 GB   15 MB/s    1m4s[K[?25h[?2026l[?2026h[?25l[A[1Gpulling manifest [K
pulling a3de86cd1c13:  81% ▕██████████████    ▏ 4.2 GB/5.2 GB   15 MB/s    1m4s[K[?25h[?2026l[?2026h[?25l[A[1Gpulling manifest [K
pulling a3de86cd1c13:  81% ▕██████████████    ▏ 4.2 GB/5.2 GB   15 MB/s    1m4s[K[?25h[?2026l[?2026h[?25l[A[1Gpulling manifest [K
pulling a3de86cd1c13:  81% ▕██████████████    ▏ 4.2 GB/5.2 GB   15 MB/s    1m4s[K[?25h[?2026l[?2026h[?25l[A[1Gpulling manifest [K
pulling a3de86cd1c13:  81% ▕██████████████    ▏ 4.2 GB/5.2 GB   15 MB/s    1m4s[K[?25h[?2026l[?2026h[?25l[A[1Gpulling manifest [K
pulling a3de86cd1c13:  81% ▕██████████████    ▏ 4.2 GB/5.2 GB   15 MB/s    1m4s[K[?25h[?2026l[?2026h[?25l[A[1Gpulling manifest [K
pulling a3de86cd1c13:  81% ▕██████████████    ▏ 4.2 GB/5.2 GB   15 MB/s    1m3s[K[?25h[?2026l[?2026h[?25l[A[1Gpulling manifest [K
pulling a3de86cd1c13:  81% ▕██████████████    ▏ 4.2 GB/5.2 GB   15 MB/s    1m3s[K[?25h[?2026l[?2026h[?25l[A[1Gpulling manifest [K
pulling a3de86cd1c13:  81% ▕██████████████    ▏ 4.2 GB/5.2 GB   15 MB/s    1m3s[K[?25h[?2026l[?2026h[?25l[A[1Gpulling manifest [K
pulling a3de86cd1c13:  81% ▕██████████████    ▏ 4.3 GB/5.2 GB   15 MB/s    1m3s[K[?25h[?2026l[?2026h[?25l[A[1Gpulling manifest [K
pulling a3de86cd1c13:  81% ▕██████████████    ▏ 4.3 GB/5.2 GB   15 MB/s    1m3s[K[?25h[?2026l[?2026h[?25l[A[1Gpulling manifest [K
pulling a3de86cd1c13:  81% ▕██████████████    ▏ 4.3 GB/5.2 GB   15 MB/s    1m3s[K[?25h[?2026l[?2026h[?25l[A[1Gpulling manifest [K
pulling a3de86cd1c13:  81% ▕██████████████    ▏ 4.3 GB/5.2 GB   15 MB/s    1m2s[K[?25h[?2026l[?2026h[?25l[A[1Gpulling manifest [K
pulling a3de86cd1c13:  81% ▕██████████████    ▏ 4.3 GB/5.2 GB   15 MB/s    1m2s[K[?25h[?2026l[?2026h[?25l[A[1Gpulling manifest [K
pulling a3de86cd1c13:  81% ▕██████████████    ▏ 4.3 GB/5.2 GB   15 MB/s    1m2s[K[?25h[?2026l[?2026h[?25l[A[1Gpulling manifest [K
pulling a3de86cd1c13:  82% ▕██████████████    ▏ 4.3 GB/5.2 GB   15 MB/s    1m2s[K[?25h[?2026l[?2026h[?25l[A[1Gpulling manifest [K
pulling a3de86cd1c13:  82% ▕██████████████    ▏ 4.3 GB/5.2 GB   15 MB/s    1m2s[K[?25h[?2026l[?2026h[?25l[A[1Gpulling manifest [K
pulling a3de86cd1c13:  82% ▕██████████████    ▏ 4.3 GB/5.2 GB   15 MB/s    1m2s[K[?25h[?2026l[?2026h[?25l[A[1Gpulling manifest [K
pulling a3de86cd1c13:  82% ▕██████████████    ▏ 4.3 GB/5.2 GB   15 MB/s    1m2s[K[?25h[?2026l[?2026h[?25l[A[1Gpulling manifest [K
pulling a3de86cd1c13:  82% ▕██████████████    ▏ 4.3 GB/5.2 GB   15 MB/s    1m2s[K[?25h[?2026l[?2026h[?25l[A[1Gpulling manifest [K
pulling a3de86cd1c13:  82% ▕██████████████    ▏ 4.3 GB/5.2 GB   15 MB/s    1m2s[K[?25h[?2026l[?2026h[?25l[A[1Gpulling manifest [K
pulling a3de86cd1c13:  82% ▕██████████████    ▏ 4.3 GB/5.2 GB   15 MB/s    1m2s[K[?25h[?2026l[?2026h[?25l[A[1Gpulling manifest [K
pulling a3de86cd1c13:  82% ▕██████████████    ▏ 4.3 GB/5.2 GB   15 MB/s    1m2s[K[?25h[?2026l[?2026h[?25l[A[1Gpulling manifest [K
pulling a3de86cd1c13:  82% ▕██████████████    ▏ 4.3 GB/5.2 GB   15 MB/s    1m2s[K[?25h[?2026l[?2026h[?25l[A[1Gpulling manifest [K
pulling a3de86cd1c13:  82% ▕██████████████    ▏ 4.3 GB/5.2 GB   15 MB/s    1m2s[K[?25h[?2026l[?2026h[?25l[A[1Gpulling manifest [K
pulling a3de86cd1c13:  82% ▕██████████████    ▏ 4.3 GB/5.2 GB   15 MB/s    1m1s[K[?25h[?2026l[?2026h[?25l[A[1Gpulling manifest [K
pulling a3de86cd1c13:  82% ▕██████████████    ▏ 4.3 GB/5.2 GB   15 MB/s    1m1s[K[?25h[?2026l[?2026h[?25l[A[1Gpulling manifest [K
pulling a3de86cd1c13:  82% ▕██████████████    ▏ 4.3 GB/5.2 GB   15 MB/s    1m1s[K[?25h[?2026l[?2026h[?25l[A[1Gpulling manifest [K
pulling a3de86cd1c13:  82% ▕██████████████    ▏ 4.3 GB/5.2 GB   15 MB/s    1m1s[K[?25h[?2026l[?2026h[?25l[A[1Gpulling manifest [K
pulling a3de86cd1c13:  82% ▕██████████████    ▏ 4.3 GB/5.2 GB   15 MB/s    1m1s[K[?25h[?2026l[?2026h[?25l[A[1Gpulling manifest [K
pulling a3de86cd1c13:  82% ▕██████████████    ▏ 4.3 GB/5.2 GB   15 MB/s    1m1s[K[?25h[?2026l[?2026h[?25l[A[1Gpulling manifest [K
pulling a3de86cd1c13:  82% ▕██████████████    ▏ 4.3 GB/5.2 GB   15 MB/s    1m1s[K[?25h[?2026l[?2026h[?25l[A[1Gpulling manifest [K
pulling a3de86cd1c13:  82% ▕██████████████    ▏ 4.3 GB/5.2 GB   15 MB/s    1m0s[K[?25h[?2026l[?2026h[?25l[A[1Gpulling manifest [K
pulling a3de86cd1c13:  82% ▕██████████████    ▏ 4.3 GB/5.2 GB   15 MB/s    1m0s[K[?25h[?2026l[?2026h[?25l[A[1Gpulling manifest [K
pulling a3de86cd1c13:  82% ▕██████████████    ▏ 4.3 GB/5.2 GB   15 MB/s    1m0s[K[?25h[?2026l[?2026h[?25l[A[1Gpulling manifest [K
pulling a3de86cd1c13:  82% ▕██████████████    ▏ 4.3 GB/5.2 GB   15 MB/s    1m0s[K[?25h[?2026l[?2026h[?25l[A[1Gpulling manifest [K
pulling a3de86cd1c13:  82% ▕██████████████    ▏ 4.3 GB/5.2 GB   15 MB/s    1m0s[K[?25h[?2026l[?2026h[?25l[A[1Gpulling manifest [K
pulling a3de86cd1c13:  82% ▕██████████████    ▏ 4.3 GB/5.2 GB   15 MB/s    1m0s[K[?25h[?2026l[?2026h[?25l[A[1Gpulling manifest [K
pulling a3de86cd1c13:  82% ▕██████████████    ▏ 4.3 GB/5.2 GB   15 MB/s    1m0s[K[?25h[?2026l[?2026h[?25l[A[1Gpulling manifest [K
pulling a3de86cd1c13:  82% ▕██████████████    ▏ 4.3 GB/5.2 GB   15 MB/s    1m0s[K[?25h[?2026l[?2026h[?25l[A[1Gpulling manifest [K
pulling a3de86cd1c13:  82% ▕██████████████    ▏ 4.3 GB/5.2 GB   15 MB/s    1m0s[K[?25h[?2026l[?2026h[?25l[A[1Gpulling manifest [K
pulling a3de86cd1c13:  82% ▕██████████████    ▏ 4.3 GB/5.2 GB   15 MB/s     59s[K[?25h[?2026l[?2026h[?25l[A[1Gpulling manifest [K
pulling a3de86cd1c13:  82% ▕██████████████    ▏ 4.3 GB/5.2 GB   15 MB/s     59s[K[?25h[?2026l[?2026h[?25l[A[1Gpulling manifest [K
pulling a3de86cd1c13:  82% ▕██████████████    ▏ 4.3 GB/5.2 GB   15 MB/s     59s[K[?25h[?2026l[?2026h[?25l[A[1Gpulling manifest [K
pulling a3de86cd1c13:  82% ▕██████████████    ▏ 4.3 GB/5.2 GB   15 MB/s     59s[K[?25h[?2026l[?2026h[?25l[A[1Gpulling manifest [K
pulling a3de86cd1c13:  82% ▕██████████████    ▏ 4.3 GB/5.2 GB   15 MB/s     59s[K[?25h[?2026l[?2026h[?25l[A[1Gpulling manifest [K
pulling a3de86cd1c13:  82% ▕██████████████    ▏ 4.3 GB/5.2 GB   15 MB/s     59s[K[?25h[?2026l[?2026h[?25l[A[1Gpulling manifest [K
pulling a3de86cd1c13:  82% ▕██████████████    ▏ 4.3 GB/5.2 GB   15 MB/s     59s[K[?25h[?2026l[?2026h[?25l[A[1Gpulling manifest [K
pulling a3de86cd1c13:  82% ▕██████████████    ▏ 4.3 GB/5.2 GB   15 MB/s     59s[K[?25h[?2026l[?2026h[?25l[A[1Gpulling manifest [K
pulling a3de86cd1c13:  82% ▕██████████████    ▏ 4.3 GB/5.2 GB   15 MB/s     59s[K[?25h[?2026l[?2026h[?25l[A[1Gpulling manifest [K
pulling a3de86cd1c13:  83% ▕██████████████    ▏ 4.3 GB/5.2 GB   15 MB/s     59s[K[?25h[?2026l[?2026h[?25l[A[1Gpulling manifest [K
pulling a3de86cd1c13:  83% ▕██████████████    ▏ 4.3 GB/5.2 GB   15 MB/s     58s[K[?25h[?2026l[?2026h[?25l[A[1Gpulling manifest [K
pulling a3de86cd1c13:  83% ▕██████████████    ▏ 4.3 GB/5.2 GB   15 MB/s     58s[K[?25h[?2026l[?2026h[?25l[A[1Gpulling manifest [K
pulling a3de86cd1c13:  83% ▕██████████████    ▏ 4.3 GB/5.2 GB   15 MB/s     58s[K[?25h[?2026l[?2026h[?25l[A[1Gpulling manifest [K
pulling a3de86cd1c13:  83% ▕██████████████    ▏ 4.3 GB/5.2 GB   15 MB/s     58s[K[?25h[?2026l[?2026h[?25l[A[1Gpulling manifest [K
pulling a3de86cd1c13:  83% ▕██████████████    ▏ 4.3 GB/5.2 GB   15 MB/s     58s[K[?25h[?2026l[?2026h[?25l[A[1Gpulling manifest [K
pulling a3de86cd1c13:  83% ▕██████████████    ▏ 4.3 GB/5.2 GB   15 MB/s     58s[K[?25h[?2026l[?2026h[?25l[A[1Gpulling manifest [K
pulling a3de86cd1c13:  83% ▕██████████████    ▏ 4.3 GB/5.2 GB   15 MB/s     58s[K[?25h[?2026l[?2026h[?25l[A[1Gpulling manifest [K
pulling a3de86cd1c13:  83% ▕██████████████    ▏ 4.3 GB/5.2 GB   15 MB/s     58s[K[?25h[?2026l[?2026h[?25l[A[1Gpulling manifest [K
pulling a3de86cd1c13:  83% ▕██████████████    ▏ 4.3 GB/5.2 GB   15 MB/s     57s[K[?25h[?2026l[?2026h[?25l[A[1Gpulling manifest [K
pulling a3de86cd1c13:  83% ▕██████████████    ▏ 4.3 GB/5.2 GB   15 MB/s     57s[K[?25h[?2026l[?2026h[?25l[A[1Gpulling manifest [K
pulling a3de86cd1c13:  83% ▕██████████████    ▏ 4.3 GB/5.2 GB   15 MB/s     57s[K[?25h[?2026l[?2026h[?25l[A[1Gpulling manifest [K
pulling a3de86cd1c13:  83% ▕██████████████    ▏ 4.3 GB/5.2 GB   15 MB/s     57s[K[?25h[?2026l[?2026h[?25l[A[1Gpulling manifest [K
pulling a3de86cd1c13:  83% ▕██████████████    ▏ 4.3 GB/5.2 GB   15 MB/s     56s[K[?25h[?2026l[?2026h[?25l[A[1Gpulling manifest [K
pulling a3de86cd1c13:  83% ▕██████████████    ▏ 4.3 GB/5.2 GB   15 MB/s     56s[K[?25h[?2026l[?2026h[?25l[A[1Gpulling manifest [K
pulling a3de86cd1c13:  83% ▕██████████████    ▏ 4.3 GB/5.2 GB   15 MB/s     56s[K[?25h[?2026l[?2026h[?25l[A[1Gpulling manifest [K
pulling a3de86cd1c13:  83% ▕██████████████    ▏ 4.3 GB/5.2 GB   15 MB/s     56s[K[?25h[?2026l[?2026h[?25l[A[1Gpulling manifest [K
pulling a3de86cd1c13:  83% ▕██████████████    ▏ 4.3 GB/5.2 GB   15 MB/s     56s[K[?25h[?2026l[?2026h[?25l[A[1Gpulling manifest [K
pulling a3de86cd1c13:  83% ▕██████████████    ▏ 4.3 GB/5.2 GB   15 MB/s     56s[K[?25h[?2026l[?2026h[?25l[A[1Gpulling manifest [K
pulling a3de86cd1c13:  83% ▕██████████████    ▏ 4.3 GB/5.2 GB   15 MB/s     56s[K[?25h[?2026l[?2026h[?25l[A[1Gpulling manifest [K
pulling a3de86cd1c13:  83% ▕██████████████    ▏ 4.3 GB/5.2 GB   15 MB/s     55s[K[?25h[?2026l[?2026h[?25l[A[1Gpulling manifest [K
pulling a3de86cd1c13:  83% ▕██████████████    ▏ 4.3 GB/5.2 GB   15 MB/s     55s[K[?25h[?2026l[?2026h[?25l[A[1Gpulling manifest [K
pulling a3de86cd1c13:  83% ▕██████████████    ▏ 4.3 GB/5.2 GB   15 MB/s     55s[K[?25h[?2026l[?2026h[?25l[A[1Gpulling manifest [K
pulling a3de86cd1c13:  83% ▕██████████████    ▏ 4.3 GB/5.2 GB   15 MB/s     55s[K[?25h[?2026l[?2026h[?25l[A[1Gpulling manifest [K
pulling a3de86cd1c13:  83% ▕██████████████    ▏ 4.4 GB/5.2 GB   15 MB/s     55s[K[?25h[?2026l[?2026h[?25l[A[1Gpulling manifest [K
pulling a3de86cd1c13:  83% ▕██████████████    ▏ 4.4 GB/5.2 GB   15 MB/s     55s[K[?25h[?2026l[?2026h[?25l[A[1Gpulling manifest [K
pulling a3de86cd1c13:  83% ▕██████████████    ▏ 4.4 GB/5.2 GB   15 MB/s     55s[K[?25h[?2026l[?2026h[?25l[A[1Gpulling manifest [K
pulling a3de86cd1c13:  83% ▕███████████████   ▏ 4.4 GB/5.2 GB   15 MB/s     55s[K[?25h[?2026l[?2026h[?25l[A[1Gpulling manifest [K
pulling a3de86cd1c13:  83% ▕███████████████   ▏ 4.4 GB/5.2 GB   15 MB/s     54s[K[?25h[?2026l[?2026h[?25l[A[1Gpulling manifest [K
pulling a3de86cd1c13:  83% ▕███████████████   ▏ 4.4 GB/5.2 GB   15 MB/s     54s[K[?25h[?2026l[?2026h[?25l[A[1Gpulling manifest [K
pulling a3de86cd1c13:  83% ▕███████████████   ▏ 4.4 GB/5.2 GB   15 MB/s     54s[K[?25h[?2026l[?2026h[?25l[A[1Gpulling manifest [K
pulling a3de86cd1c13:  83% ▕███████████████   ▏ 4.4 GB/5.2 GB   15 MB/s     54s[K[?25h[?2026l[?2026h[?25l[A[1Gpulling manifest [K
pulling a3de86cd1c13:  84% ▕███████████████   ▏ 4.4 GB/5.2 GB   15 MB/s     54s[K[?25h[?2026l[?2026h[?25l[A[1Gpulling manifest [K
pulling a3de86cd1c13:  84% ▕███████████████   ▏ 4.4 GB/5.2 GB   15 MB/s     54s[K[?25h[?2026l[?2026h[?25l[A[1Gpulling manifest [K
pulling a3de86cd1c13:  84% ▕███████████████   ▏ 4.4 GB/5.2 GB   15 MB/s     54s[K[?25h[?2026l[?2026h[?25l[A[1Gpulling manifest [K
pulling a3de86cd1c13:  84% ▕███████████████   ▏ 4.4 GB/5.2 GB   15 MB/s     54s[K[?25h[?2026l[?2026h[?25l[A[1Gpulling manifest [K
pulling a3de86cd1c13:  84% ▕███████████████   ▏ 4.4 GB/5.2 GB   15 MB/s     54s[K[?25h[?2026l[?2026h[?25l[A[1Gpulling manifest [K
pulling a3de86cd1c13:  84% ▕███████████████   ▏ 4.4 GB/5.2 GB   15 MB/s     54s[K[?25h[?2026l[?2026h[?25l[A[1Gpulling manifest [K
pulling a3de86cd1c13:  84% ▕███████████████   ▏ 4.4 GB/5.2 GB   15 MB/s     53s[K[?25h[?2026l[?2026h[?25l[A[1Gpulling manifest [K
pulling a3de86cd1c13:  84% ▕███████████████   ▏ 4.4 GB/5.2 GB   15 MB/s     53s[K[?25h[?2026l[?2026h[?25l[A[1Gpulling manifest [K
pulling a3de86cd1c13:  84% ▕███████████████   ▏ 4.4 GB/5.2 GB   15 MB/s     53s[K[?25h[?2026l[?2026h[?25l[A[1Gpulling manifest [K
pulling a3de86cd1c13:  84% ▕███████████████   ▏ 4.4 GB/5.2 GB   15 MB/s     53s[K[?25h[?2026l[?2026h[?25l[A[1Gpulling manifest [K
pulling a3de86cd1c13:  84% ▕███████████████   ▏ 4.4 GB/5.2 GB   15 MB/s     53s[K[?25h[?2026l[?2026h[?25l[A[1Gpulling manifest [K
pulling a3de86cd1c13:  84% ▕███████████████   ▏ 4.4 GB/5.2 GB   15 MB/s     52s[K[?25h[?2026l[?2026h[?25l[A[1Gpulling manifest [K
pulling a3de86cd1c13:  84% ▕███████████████   ▏ 4.4 GB/5.2 GB   15 MB/s     52s[K[?25h[?2026l[?2026h[?25l[A[1Gpulling manifest [K
pulling a3de86cd1c13:  84% ▕███████████████   ▏ 4.4 GB/5.2 GB   15 MB/s     52s[K[?25h[?2026l[?2026h[?25l[A[1Gpulling manifest [K
pulling a3de86cd1c13:  84% ▕███████████████   ▏ 4.4 GB/5.2 GB   15 MB/s     52s[K[?25h[?2026l[?2026h[?25l[A[1Gpulling manifest [K
pulling a3de86cd1c13:  84% ▕███████████████   ▏ 4.4 GB/5.2 GB   15 MB/s     52s[K[?25h[?2026l[?2026h[?25l[A[1Gpulling manifest [K
pulling a3de86cd1c13:  84% ▕███████████████   ▏ 4.4 GB/5.2 GB   15 MB/s     52s[K[?25h[?2026l[?2026h[?25l[A[1Gpulling manifest [K
pulling a3de86cd1c13:  84% ▕███████████████   ▏ 4.4 GB/5.2 GB   15 MB/s     52s[K[?25h[?2026l[?2026h[?25l[A[1Gpulling manifest [K
pulling a3de86cd1c13:  84% ▕███████████████   ▏ 4.4 GB/5.2 GB   15 MB/s     52s[K[?25h[?2026l[?2026h[?25l[A[1Gpulling manifest [K
pulling a3de86cd1c13:  84% ▕███████████████   ▏ 4.4 GB/5.2 GB   15 MB/s     52s[K[?25h[?2026l[?2026h[?25l[A[1Gpulling manifest [K
pulling a3de86cd1c13:  84% ▕███████████████   ▏ 4.4 GB/5.2 GB   15 MB/s     51s[K[?25h[?2026l[?2026h[?25l[A[1Gpulling manifest [K
pulling a3de86cd1c13:  84% ▕███████████████   ▏ 4.4 GB/5.2 GB   15 MB/s     51s[K[?25h[?2026l[?2026h[?25l[A[1Gpulling manifest [K
pulling a3de86cd1c13:  84% ▕███████████████   ▏ 4.4 GB/5.2 GB   16 MB/s     51s[K[?25h[?2026l[?2026h[?25l[A[1Gpulling manifest [K
pulling a3de86cd1c13:  84% ▕███████████████   ▏ 4.4 GB/5.2 GB   16 MB/s     51s[K[?25h[?2026l[?2026h[?25l[A[1Gpulling manifest [K
pulling a3de86cd1c13:  84% ▕███████████████   ▏ 4.4 GB/5.2 GB   16 MB/s     51s[K[?25h[?2026l[?2026h[?25l[A[1Gpulling manifest [K
pulling a3de86cd1c13:  84% ▕███████████████   ▏ 4.4 GB/5.2 GB   16 MB/s     51s[K[?25h[?2026l[?2026h[?25l[A[1Gpulling manifest [K
pulling a3de86cd1c13:  84% ▕███████████████   ▏ 4.4 GB/5.2 GB   16 MB/s     50s[K[?25h[?2026l[?2026h[?25l[A[1Gpulling manifest [K
pulling a3de86cd1c13:  84% ▕███████████████   ▏ 4.4 GB/5.2 GB   16 MB/s     50s[K[?25h[?2026l[?2026h[?25l[A[1Gpulling manifest [K
pulling a3de86cd1c13:  84% ▕███████████████   ▏ 4.4 GB/5.2 GB   16 MB/s     50s[K[?25h[?2026l[?2026h[?25l[A[1Gpulling manifest [K
pulling a3de86cd1c13:  84% ▕███████████████   ▏ 4.4 GB/5.2 GB   16 MB/s     50s[K[?25h[?2026l[?2026h[?25l[A[1Gpulling manifest [K
pulling a3de86cd1c13:  84% ▕███████████████   ▏ 4.4 GB/5.2 GB   16 MB/s     50s[K[?25h[?2026l[?2026h[?25l[A[1Gpulling manifest [K
pulling a3de86cd1c13:  84% ▕███████████████   ▏ 4.4 GB/5.2 GB   16 MB/s     50s[K[?25h[?2026l[?2026h[?25l[A[1Gpulling manifest [K
pulling a3de86cd1c13:  85% ▕███████████████   ▏ 4.4 GB/5.2 GB   16 MB/s     49s[K[?25h[?2026l[?2026h[?25l[A[1Gpulling manifest [K
pulling a3de86cd1c13:  85% ▕███████████████   ▏ 4.4 GB/5.2 GB   16 MB/s     49s[K[?25h[?2026l[?2026h[?25l[A[1Gpulling manifest [K
pulling a3de86cd1c13:  85% ▕███████████████   ▏ 4.4 GB/5.2 GB   16 MB/s     49s[K[?25h[?2026l[?2026h[?25l[A[1Gpulling manifest [K
pulling a3de86cd1c13:  85% ▕███████████████   ▏ 4.4 GB/5.2 GB   16 MB/s     49s[K[?25h[?2026l[?2026h[?25l[A[1Gpulling manifest [K
pulling a3de86cd1c13:  85% ▕███████████████   ▏ 4.4 GB/5.2 GB   16 MB/s     49s[K[?25h[?2026l[?2026h[?25l[A[1Gpulling manifest [K
pulling a3de86cd1c13:  85% ▕███████████████   ▏ 4.4 GB/5.2 GB   16 MB/s     49s[K[?25h[?2026l[?2026h[?25l[A[1Gpulling manifest [K
pulling a3de86cd1c13:  85% ▕███████████████   ▏ 4.4 GB/5.2 GB   16 MB/s     48s[K[?25h[?2026l[?2026h[?25l[A[1Gpulling manifest [K
pulling a3de86cd1c13:  85% ▕███████████████   ▏ 4.4 GB/5.2 GB   16 MB/s     48s[K[?25h[?2026l[?2026h[?25l[A[1Gpulling manifest [K
pulling a3de86cd1c13:  85% ▕███████████████   ▏ 4.4 GB/5.2 GB   16 MB/s     48s[K[?25h[?2026l[?2026h[?25l[A[1Gpulling manifest [K
pulling a3de86cd1c13:  85% ▕███████████████   ▏ 4.4 GB/5.2 GB   16 MB/s     48s[K[?25h[?2026l[?2026h[?25l[A[1Gpulling manifest [K
pulling a3de86cd1c13:  85% ▕███████████████   ▏ 4.4 GB/5.2 GB   16 MB/s     47s[K[?25h[?2026l[?2026h[?25l[A[1Gpulling manifest [K
pulling a3de86cd1c13:  85% ▕███████████████   ▏ 4.4 GB/5.2 GB   16 MB/s     47s[K[?25h[?2026l[?2026h[?25l[A[1Gpulling manifest [K
pulling a3de86cd1c13:  85% ▕███████████████   ▏ 4.4 GB/5.2 GB   16 MB/s     47s[K[?25h[?2026l[?2026h[?25l[A[1Gpulling manifest [K
pulling a3de86cd1c13:  85% ▕███████████████   ▏ 4.4 GB/5.2 GB   16 MB/s     47s[K[?25h[?2026l[?2026h[?25l[A[1Gpulling manifest [K
pulling a3de86cd1c13:  85% ▕███████████████   ▏ 4.4 GB/5.2 GB   16 MB/s     47s[K[?25h[?2026l[?2026h[?25l[A[1Gpulling manifest [K
pulling a3de86cd1c13:  85% ▕███████████████   ▏ 4.4 GB/5.2 GB   16 MB/s     47s[K[?25h[?2026l[?2026h[?25l[A[1Gpulling manifest [K
pulling a3de86cd1c13:  85% ▕███████████████   ▏ 4.4 GB/5.2 GB   16 MB/s     47s[K[?25h[?2026l[?2026h[?25l[A[1Gpulling manifest [K
pulling a3de86cd1c13:  85% ▕███████████████   ▏ 4.4 GB/5.2 GB   16 MB/s     47s[K[?25h[?2026l[?2026h[?25l[A[1Gpulling manifest [K
pulling a3de86cd1c13:  85% ▕███████████████   ▏ 4.4 GB/5.2 GB   16 MB/s     47s[K[?25h[?2026l[?2026h[?25l[A[1Gpulling manifest [K
pulling a3de86cd1c13:  85% ▕███████████████   ▏ 4.4 GB/5.2 GB   16 MB/s     47s[K[?25h[?2026l[?2026h[?25l[A[1Gpulling manifest [K
pulling a3de86cd1c13:  85% ▕███████████████   ▏ 4.5 GB/5.2 GB   16 MB/s     46s[K[?25h[?2026l[?2026h[?25l[A[1Gpulling manifest [K
pulling a3de86cd1c13:  85% ▕███████████████   ▏ 4.5 GB/5.2 GB   16 MB/s     46s[K[?25h[?2026l[?2026h[?25l[A[1Gpulling manifest [K
pulling a3de86cd1c13:  85% ▕███████████████   ▏ 4.5 GB/5.2 GB   16 MB/s     46s[K[?25h[?2026l[?2026h[?25l[A[1Gpulling manifest [K
pulling a3de86cd1c13:  85% ▕███████████████   ▏ 4.5 GB/5.2 GB   16 MB/s     46s[K[?25h[?2026l[?2026h[?25l[A[1Gpulling manifest [K
pulling a3de86cd1c13:  85% ▕███████████████   ▏ 4.5 GB/5.2 GB   16 MB/s     45s[K[?25h[?2026l[?2026h[?25l[A[1Gpulling manifest [K
pulling a3de86cd1c13:  85% ▕███████████████   ▏ 4.5 GB/5.2 GB   16 MB/s     45s[K[?25h[?2026l[?2026h[?25l[A[1Gpulling manifest [K
pulling a3de86cd1c13:  85% ▕███████████████   ▏ 4.5 GB/5.2 GB   16 MB/s     45s[K[?25h[?2026l[?2026h[?25l[A[1Gpulling manifest [K
pulling a3de86cd1c13:  85% ▕███████████████   ▏ 4.5 GB/5.2 GB   16 MB/s     45s[K[?25h[?2026l[?2026h[?25l[A[1Gpulling manifest [K
pulling a3de86cd1c13:  85% ▕███████████████   ▏ 4.5 GB/5.2 GB   16 MB/s     45s[K[?25h[?2026l[?2026h[?25l[A[1Gpulling manifest [K
pulling a3de86cd1c13:  85% ▕███████████████   ▏ 4.5 GB/5.2 GB   16 MB/s     45s[K[?25h[?2026l[?2026h[?25l[A[1Gpulling manifest [K
pulling a3de86cd1c13:  85% ▕███████████████   ▏ 4.5 GB/5.2 GB   16 MB/s     45s[K[?25h[?2026l[?2026h[?25l[A[1Gpulling manifest [K
pulling a3de86cd1c13:  85% ▕███████████████   ▏ 4.5 GB/5.2 GB   16 MB/s     45s[K[?25h[?2026l[?2026h[?25l[A[1Gpulling manifest [K
pulling a3de86cd1c13:  86% ▕███████████████   ▏ 4.5 GB/5.2 GB   16 MB/s     45s[K[?25h[?2026l[?2026h[?25l[A[1Gpulling manifest [K
pulling a3de86cd1c13:  86% ▕███████████████   ▏ 4.5 GB/5.2 GB   16 MB/s     45s[K[?25h[?2026l[?2026h[?25l[A[1Gpulling manifest [K
pulling a3de86cd1c13:  86% ▕███████████████   ▏ 4.5 GB/5.2 GB   16 MB/s     45s[K[?25h[?2026l[?2026h[?25l[A[1Gpulling manifest [K
pulling a3de86cd1c13:  86% ▕███████████████   ▏ 4.5 GB/5.2 GB   16 MB/s     45s[K[?25h[?2026l[?2026h[?25l[A[1Gpulling manifest [K
pulling a3de86cd1c13:  86% ▕███████████████   ▏ 4.5 GB/5.2 GB   16 MB/s     45s[K[?25h[?2026l[?2026h[?25l[A[1Gpulling manifest [K
pulling a3de86cd1c13:  86% ▕███████████████   ▏ 4.5 GB/5.2 GB   16 MB/s     45s[K[?25h[?2026l[?2026h[?25l[A[1Gpulling manifest [K
pulling a3de86cd1c13:  86% ▕███████████████   ▏ 4.5 GB/5.2 GB   16 MB/s     45s[K[?25h[?2026l[?2026h[?25l[A[1Gpulling manifest [K
pulling a3de86cd1c13:  86% ▕███████████████   ▏ 4.5 GB/5.2 GB   16 MB/s     44s[K[?25h[?2026l[?2026h[?25l[A[1Gpulling manifest [K
pulling a3de86cd1c13:  86% ▕███████████████   ▏ 4.5 GB/5.2 GB   16 MB/s     44s[K[?25h[?2026l[?2026h[?25l[A[1Gpulling manifest [K
pulling a3de86cd1c13:  86% ▕███████████████   ▏ 4.5 GB/5.2 GB   16 MB/s     44s[K[?25h[?2026l[?2026h[?25l[A[1Gpulling manifest [K
pulling a3de86cd1c13:  86% ▕███████████████   ▏ 4.5 GB/5.2 GB   16 MB/s     44s[K[?25h[?2026l[?2026h[?25l[A[1Gpulling manifest [K
pulling a3de86cd1c13:  86% ▕███████████████   ▏ 4.5 GB/5.2 GB   16 MB/s     44s[K[?25h[?2026l[?2026h[?25l[A[1Gpulling manifest [K
pulling a3de86cd1c13:  86% ▕███████████████   ▏ 4.5 GB/5.2 GB   16 MB/s     44s[K[?25h[?2026l[?2026h[?25l[A[1Gpulling manifest [K
pulling a3de86cd1c13:  86% ▕███████████████   ▏ 4.5 GB/5.2 GB   16 MB/s     44s[K[?25h[?2026l[?2026h[?25l[A[1Gpulling manifest [K
pulling a3de86cd1c13:  86% ▕███████████████   ▏ 4.5 GB/5.2 GB   16 MB/s     44s[K[?25h[?2026l[?2026h[?25l[A[1Gpulling manifest [K
pulling a3de86cd1c13:  86% ▕███████████████   ▏ 4.5 GB/5.2 GB   16 MB/s     43s[K[?25h[?2026l[?2026h[?25l[A[1Gpulling manifest [K
pulling a3de86cd1c13:  86% ▕███████████████   ▏ 4.5 GB/5.2 GB   16 MB/s     43s[K[?25h[?2026l[?2026h[?25l[A[1Gpulling manifest [K
pulling a3de86cd1c13:  86% ▕███████████████   ▏ 4.5 GB/5.2 GB   16 MB/s     43s[K[?25h[?2026l[?2026h[?25l[A[1Gpulling manifest [K
pulling a3de86cd1c13:  86% ▕███████████████   ▏ 4.5 GB/5.2 GB   16 MB/s     43s[K[?25h[?2026l[?2026h[?25l[A[1Gpulling manifest [K
pulling a3de86cd1c13:  86% ▕███████████████   ▏ 4.5 GB/5.2 GB   16 MB/s     42s[K[?25h[?2026l[?2026h[?25l[A[1Gpulling manifest [K
pulling a3de86cd1c13:  86% ▕███████████████   ▏ 4.5 GB/5.2 GB   16 MB/s     42s[K[?25h[?2026l[?2026h[?25l[A[1Gpulling manifest [K
pulling a3de86cd1c13:  86% ▕███████████████   ▏ 4.5 GB/5.2 GB   16 MB/s     42s[K[?25h[?2026l[?2026h[?25l[A[1Gpulling manifest [K
pulling a3de86cd1c13:  86% ▕███████████████   ▏ 4.5 GB/5.2 GB   16 MB/s     42s[K[?25h[?2026l[?2026h[?25l[A[1Gpulling manifest [K
pulling a3de86cd1c13:  86% ▕███████████████   ▏ 4.5 GB/5.2 GB   16 MB/s     42s[K[?25h[?2026l[?2026h[?25l[A[1Gpulling manifest [K
pulling a3de86cd1c13:  86% ▕███████████████   ▏ 4.5 GB/5.2 GB   16 MB/s     42s[K[?25h[?2026l[?2026h[?25l[A[1Gpulling manifest [K
pulling a3de86cd1c13:  86% ▕███████████████   ▏ 4.5 GB/5.2 GB   16 MB/s     42s[K[?25h[?2026l[?2026h[?25l[A[1Gpulling manifest [K
pulling a3de86cd1c13:  86% ▕███████████████   ▏ 4.5 GB/5.2 GB   16 MB/s     42s[K[?25h[?2026l[?2026h[?25l[A[1Gpulling manifest [K
pulling a3de86cd1c13:  86% ▕███████████████   ▏ 4.5 GB/5.2 GB   16 MB/s     42s[K[?25h[?2026l[?2026h[?25l[A[1Gpulling manifest [K
pulling a3de86cd1c13:  86% ▕███████████████   ▏ 4.5 GB/5.2 GB   16 MB/s     42s[K[?25h[?2026l[?2026h[?25l[A[1Gpulling manifest [K
pulling a3de86cd1c13:  86% ▕███████████████   ▏ 4.5 GB/5.2 GB   16 MB/s     41s[K[?25h[?2026l[?2026h[?25l[A[1Gpulling manifest [K
pulling a3de86cd1c13:  86% ▕███████████████   ▏ 4.5 GB/5.2 GB   16 MB/s     41s[K[?25h[?2026l[?2026h[?25l[A[1Gpulling manifest [K
pulling a3de86cd1c13:  87% ▕███████████████   ▏ 4.5 GB/5.2 GB   16 MB/s     41s[K[?25h[?2026l[?2026h[?25l[A[1Gpulling manifest [K
pulling a3de86cd1c13:  87% ▕███████████████   ▏ 4.5 GB/5.2 GB   16 MB/s     41s[K[?25h[?2026l[?2026h[?25l[A[1Gpulling manifest [K
pulling a3de86cd1c13:  87% ▕███████████████   ▏ 4.5 GB/5.2 GB   16 MB/s     41s[K[?25h[?2026l[?2026h[?25l[A[1Gpulling manifest [K
pulling a3de86cd1c13:  87% ▕███████████████   ▏ 4.5 GB/5.2 GB   16 MB/s     41s[K[?25h[?2026l[?2026h[?25l[A[1Gpulling manifest [K
pulling a3de86cd1c13:  87% ▕███████████████   ▏ 4.5 GB/5.2 GB   16 MB/s     41s[K[?25h[?2026l[?2026h[?25l[A[1Gpulling manifest [K
pulling a3de86cd1c13:  87% ▕███████████████   ▏ 4.5 GB/5.2 GB   16 MB/s     41s[K[?25h[?2026l[?2026h[?25l[A[1Gpulling manifest [K
pulling a3de86cd1c13:  87% ▕███████████████   ▏ 4.5 GB/5.2 GB   16 MB/s     40s[K[?25h[?2026l[?2026h[?25l[A[1Gpulling manifest [K
pulling a3de86cd1c13:  87% ▕███████████████   ▏ 4.5 GB/5.2 GB   16 MB/s     40s[K[?25h[?2026l[?2026h[?25l[A[1Gpulling manifest [K
pulling a3de86cd1c13:  87% ▕███████████████   ▏ 4.5 GB/5.2 GB   17 MB/s     40s[K[?25h[?2026l[?2026h[?25l[A[1Gpulling manifest [K
pulling a3de86cd1c13:  87% ▕███████████████   ▏ 4.5 GB/5.2 GB   17 MB/s     40s[K[?25h[?2026l[?2026h[?25l[A[1Gpulling manifest [K
pulling a3de86cd1c13:  87% ▕███████████████   ▏ 4.5 GB/5.2 GB   17 MB/s     40s[K[?25h[?2026l[?2026h[?25l[A[1Gpulling manifest [K
pulling a3de86cd1c13:  87% ▕███████████████   ▏ 4.5 GB/5.2 GB   17 MB/s     40s[K[?25h[?2026l[?2026h[?25l[A[1Gpulling manifest [K
pulling a3de86cd1c13:  87% ▕███████████████   ▏ 4.5 GB/5.2 GB   17 MB/s     40s[K[?25h[?2026l[?2026h[?25l[A[1Gpulling manifest [K
pulling a3de86cd1c13:  87% ▕███████████████   ▏ 4.5 GB/5.2 GB   17 MB/s     40s[K[?25h[?2026l[?2026h[?25l[A[1Gpulling manifest [K
pulling a3de86cd1c13:  87% ▕███████████████   ▏ 4.5 GB/5.2 GB   17 MB/s     39s[K[?25h[?2026l[?2026h[?25l[A[1Gpulling manifest [K
pulling a3de86cd1c13:  87% ▕███████████████   ▏ 4.5 GB/5.2 GB   17 MB/s     39s[K[?25h[?2026l[?2026h[?25l[A[1Gpulling manifest [K
pulling a3de86cd1c13:  87% ▕███████████████   ▏ 4.5 GB/5.2 GB   17 MB/s     39s[K[?25h[?2026l[?2026h[?25l[A[1Gpulling manifest [K
pulling a3de86cd1c13:  87% ▕███████████████   ▏ 4.5 GB/5.2 GB   17 MB/s     39s[K[?25h[?2026l[?2026h[?25l[A[1Gpulling manifest [K
pulling a3de86cd1c13:  87% ▕███████████████   ▏ 4.6 GB/5.2 GB   17 MB/s     39s[K[?25h[?2026l[?2026h[?25l[A[1Gpulling manifest [K
pulling a3de86cd1c13:  87% ▕███████████████   ▏ 4.6 GB/5.2 GB   17 MB/s     39s[K[?25h[?2026l[?2026h[?25l[A[1Gpulling manifest [K
pulling a3de86cd1c13:  87% ▕███████████████   ▏ 4.6 GB/5.2 GB   17 MB/s     39s[K[?25h[?2026l[?2026h[?25l[A[1Gpulling manifest [K
pulling a3de86cd1c13:  87% ▕███████████████   ▏ 4.6 GB/5.2 GB   17 MB/s     38s[K[?25h[?2026l[?2026h[?25l[A[1Gpulling manifest [K
pulling a3de86cd1c13:  87% ▕███████████████   ▏ 4.6 GB/5.2 GB   17 MB/s     38s[K[?25h[?2026l[?2026h[?25l[A[1Gpulling manifest [K
pulling a3de86cd1c13:  87% ▕███████████████   ▏ 4.6 GB/5.2 GB   17 MB/s     38s[K[?25h[?2026l[?2026h[?25l[A[1Gpulling manifest [K
pulling a3de86cd1c13:  87% ▕███████████████   ▏ 4.6 GB/5.2 GB   17 MB/s     38s[K[?25h[?2026l[?2026h[?25l[A[1Gpulling manifest [K
pulling a3de86cd1c13:  87% ▕███████████████   ▏ 4.6 GB/5.2 GB   17 MB/s     38s[K[?25h[?2026l[?2026h[?25l[A[1Gpulling manifest [K
pulling a3de86cd1c13:  87% ▕███████████████   ▏ 4.6 GB/5.2 GB   17 MB/s     38s[K[?25h[?2026l[?2026h[?25l[A[1Gpulling manifest [K
pulling a3de86cd1c13:  87% ▕███████████████   ▏ 4.6 GB/5.2 GB   17 MB/s     38s[K[?25h[?2026l[?2026h[?25l[A[1Gpulling manifest [K
pulling a3de86cd1c13:  87% ▕███████████████   ▏ 4.6 GB/5.2 GB   17 MB/s     38s[K[?25h[?2026l[?2026h[?25l[A[1Gpulling manifest [K
pulling a3de86cd1c13:  87% ▕███████████████   ▏ 4.6 GB/5.2 GB   17 MB/s     38s[K[?25h[?2026l[?2026h[?25l[A[1Gpulling manifest [K
pulling a3de86cd1c13:  88% ▕███████████████   ▏ 4.6 GB/5.2 GB   17 MB/s     38s[K[?25h[?2026l[?2026h[?25l[A[1Gpulling manifest [K
pulling a3de86cd1c13:  88% ▕███████████████   ▏ 4.6 GB/5.2 GB   17 MB/s     38s[K[?25h[?2026l[?2026h[?25l[A[1Gpulling manifest [K
pulling a3de86cd1c13:  88% ▕███████████████   ▏ 4.6 GB/5.2 GB   17 MB/s     37s[K[?25h[?2026l[?2026h[?25l[A[1Gpulling manifest [K
pulling a3de86cd1c13:  88% ▕███████████████   ▏ 4.6 GB/5.2 GB   17 MB/s     37s[K[?25h[?2026l[?2026h[?25l[A[1Gpulling manifest [K
pulling a3de86cd1c13:  88% ▕███████████████   ▏ 4.6 GB/5.2 GB   17 MB/s     37s[K[?25h[?2026l[?2026h[?25l[A[1Gpulling manifest [K
pulling a3de86cd1c13:  88% ▕███████████████   ▏ 4.6 GB/5.2 GB   17 MB/s     37s[K[?25h[?2026l[?2026h[?25l[A[1Gpulling manifest [K
pulling a3de86cd1c13:  88% ▕███████████████   ▏ 4.6 GB/5.2 GB   17 MB/s     37s[K[?25h[?2026l[?2026h[?25l[A[1Gpulling manifest [K
pulling a3de86cd1c13:  88% ▕███████████████   ▏ 4.6 GB/5.2 GB   17 MB/s     37s[K[?25h[?2026l[?2026h[?25l[A[1Gpulling manifest [K
pulling a3de86cd1c13:  88% ▕███████████████   ▏ 4.6 GB/5.2 GB   17 MB/s     37s[K[?25h[?2026l[?2026h[?25l[A[1Gpulling manifest [K
pulling a3de86cd1c13:  88% ▕███████████████   ▏ 4.6 GB/5.2 GB   17 MB/s     37s[K[?25h[?2026l[?2026h[?25l[A[1Gpulling manifest [K
pulling a3de86cd1c13:  88% ▕███████████████   ▏ 4.6 GB/5.2 GB   17 MB/s     37s[K[?25h[?2026l[?2026h[?25l[A[1Gpulling manifest [K
pulling a3de86cd1c13:  88% ▕███████████████   ▏ 4.6 GB/5.2 GB   17 MB/s     36s[K[?25h[?2026l[?2026h[?25l[A[1Gpulling manifest [K
pulling a3de86cd1c13:  88% ▕███████████████   ▏ 4.6 GB/5.2 GB   17 MB/s     36s[K[?25h[?2026l[?2026h[?25l[A[1Gpulling manifest [K
pulling a3de86cd1c13:  88% ▕███████████████   ▏ 4.6 GB/5.2 GB   17 MB/s     36s[K[?25h[?2026l[?2026h[?25l[A[1Gpulling manifest [K
pulling a3de86cd1c13:  88% ▕███████████████   ▏ 4.6 GB/5.2 GB   17 MB/s     36s[K[?25h[?2026l[?2026h[?25l[A[1Gpulling manifest [K
pulling a3de86cd1c13:  88% ▕███████████████   ▏ 4.6 GB/5.2 GB   17 MB/s     36s[K[?25h[?2026l[?2026h[?25l[A[1Gpulling manifest [K
pulling a3de86cd1c13:  88% ▕███████████████   ▏ 4.6 GB/5.2 GB   17 MB/s     36s[K[?25h[?2026l[?2026h[?25l[A[1Gpulling manifest [K
pulling a3de86cd1c13:  88% ▕███████████████   ▏ 4.6 GB/5.2 GB   17 MB/s     36s[K[?25h[?2026l[?2026h[?25l[A[1Gpulling manifest [K
pulling a3de86cd1c13:  88% ▕███████████████   ▏ 4.6 GB/5.2 GB   17 MB/s     36s[K[?25h[?2026l[?2026h[?25l[A[1Gpulling manifest [K
pulling a3de86cd1c13:  88% ▕███████████████   ▏ 4.6 GB/5.2 GB   17 MB/s     36s[K[?25h[?2026l[?2026h[?25l[A[1Gpulling manifest [K
pulling a3de86cd1c13:  88% ▕███████████████   ▏ 4.6 GB/5.2 GB   17 MB/s     36s[K[?25h[?2026l[?2026h[?25l[A[1Gpulling manifest [K
pulling a3de86cd1c13:  88% ▕███████████████   ▏ 4.6 GB/5.2 GB   17 MB/s     36s[K[?25h[?2026l[?2026h[?25l[A[1Gpulling manifest [K
pulling a3de86cd1c13:  88% ▕███████████████   ▏ 4.6 GB/5.2 GB   17 MB/s     36s[K[?25h[?2026l[?2026h[?25l[A[1Gpulling manifest [K
pulling a3de86cd1c13:  88% ▕███████████████   ▏ 4.6 GB/5.2 GB   17 MB/s     36s[K[?25h[?2026l[?2026h[?25l[A[1Gpulling manifest [K
pulling a3de86cd1c13:  88% ▕███████████████   ▏ 4.6 GB/5.2 GB   17 MB/s     35s[K[?25h[?2026l[?2026h[?25l[A[1Gpulling manifest [K
pulling a3de86cd1c13:  88% ▕███████████████   ▏ 4.6 GB/5.2 GB   17 MB/s     35s[K[?25h[?2026l[?2026h[?25l[A[1Gpulling manifest [K
pulling a3de86cd1c13:  88% ▕███████████████   ▏ 4.6 GB/5.2 GB   17 MB/s     35s[K[?25h[?2026l[?2026h[?25l[A[1Gpulling manifest [K
pulling a3de86cd1c13:  88% ▕███████████████   ▏ 4.6 GB/5.2 GB   17 MB/s     35s[K[?25h[?2026l[?2026h[?25l[A[1Gpulling manifest [K
pulling a3de86cd1c13:  88% ▕███████████████   ▏ 4.6 GB/5.2 GB   17 MB/s     35s[K[?25h[?2026l[?2026h[?25l[A[1Gpulling manifest [K
pulling a3de86cd1c13:  88% ▕███████████████   ▏ 4.6 GB/5.2 GB   17 MB/s     35s[K[?25h[?2026l[?2026h[?25l[A[1Gpulling manifest [K
pulling a3de86cd1c13:  88% ▕███████████████   ▏ 4.6 GB/5.2 GB   17 MB/s     35s[K[?25h[?2026l[?2026h[?25l[A[1Gpulling manifest [K
pulling a3de86cd1c13:  88% ▕███████████████   ▏ 4.6 GB/5.2 GB   17 MB/s     34s[K[?25h[?2026l[?2026h[?25l[A[1Gpulling manifest [K
pulling a3de86cd1c13:  89% ▕███████████████   ▏ 4.6 GB/5.2 GB   17 MB/s     34s[K[?25h[?2026l[?2026h[?25l[A[1Gpulling manifest [K
pulling a3de86cd1c13:  89% ▕███████████████   ▏ 4.6 GB/5.2 GB   17 MB/s     34s[K[?25h[?2026l[?2026h[?25l[A[1Gpulling manifest [K
pulling a3de86cd1c13:  89% ▕███████████████   ▏ 4.6 GB/5.2 GB   17 MB/s     34s[K[?25h[?2026l[?2026h[?25l[A[1Gpulling manifest [K
pulling a3de86cd1c13:  89% ▕███████████████   ▏ 4.6 GB/5.2 GB   17 MB/s     34s[K[?25h[?2026l[?2026h[?25l[A[1Gpulling manifest [K
pulling a3de86cd1c13:  89% ▕███████████████   ▏ 4.6 GB/5.2 GB   17 MB/s     34s[K[?25h[?2026l[?2026h[?25l[A[1Gpulling manifest [K
pulling a3de86cd1c13:  89% ▕███████████████   ▏ 4.6 GB/5.2 GB   17 MB/s     34s[K[?25h[?2026l[?2026h[?25l[A[1Gpulling manifest [K
pulling a3de86cd1c13:  89% ▕███████████████   ▏ 4.6 GB/5.2 GB   17 MB/s     34s[K[?25h[?2026l[?2026h[?25l[A[1Gpulling manifest [K
pulling a3de86cd1c13:  89% ▕███████████████   ▏ 4.6 GB/5.2 GB   17 MB/s     34s[K[?25h[?2026l[?2026h[?25l[A[1Gpulling manifest [K
pulling a3de86cd1c13:  89% ▕███████████████   ▏ 4.6 GB/5.2 GB   17 MB/s     34s[K[?25h[?2026l[?2026h[?25l[A[1Gpulling manifest [K
pulling a3de86cd1c13:  89% ▕███████████████   ▏ 4.6 GB/5.2 GB   17 MB/s     34s[K[?25h[?2026l[?2026h[?25l[A[1Gpulling manifest [K
pulling a3de86cd1c13:  89% ▕███████████████   ▏ 4.6 GB/5.2 GB   17 MB/s     34s[K[?25h[?2026l[?2026h[?25l[A[1Gpulling manifest [K
pulling a3de86cd1c13:  89% ▕███████████████   ▏ 4.6 GB/5.2 GB   17 MB/s     33s[K[?25h[?2026l[?2026h[?25l[A[1Gpulling manifest [K
pulling a3de86cd1c13:  89% ▕████████████████  ▏ 4.6 GB/5.2 GB   17 MB/s     33s[K[?25h[?2026l[?2026h[?25l[A[1Gpulling manifest [K
pulling a3de86cd1c13:  89% ▕████████████████  ▏ 4.6 GB/5.2 GB   17 MB/s     33s[K[?25h[?2026l[?2026h[?25l[A[1Gpulling manifest [K
pulling a3de86cd1c13:  89% ▕████████████████  ▏ 4.6 GB/5.2 GB   17 MB/s     33s[K[?25h[?2026l[?2026h[?25l[A[1Gpulling manifest [K
pulling a3de86cd1c13:  89% ▕████████████████  ▏ 4.6 GB/5.2 GB   17 MB/s     33s[K[?25h[?2026l[?2026h[?25l[A[1Gpulling manifest [K
pulling a3de86cd1c13:  89% ▕████████████████  ▏ 4.7 GB/5.2 GB   17 MB/s     33s[K[?25h[?2026l[?2026h[?25l[A[1Gpulling manifest [K
pulling a3de86cd1c13:  89% ▕████████████████  ▏ 4.7 GB/5.2 GB   17 MB/s     33s[K[?25h[?2026l[?2026h[?25l[A[1Gpulling manifest [K
pulling a3de86cd1c13:  89% ▕████████████████  ▏ 4.7 GB/5.2 GB   16 MB/s     33s[K[?25h[?2026l[?2026h[?25l[A[1Gpulling manifest [K
pulling a3de86cd1c13:  89% ▕████████████████  ▏ 4.7 GB/5.2 GB   16 MB/s     33s[K[?25h[?2026l[?2026h[?25l[A[1Gpulling manifest [K
pulling a3de86cd1c13:  89% ▕████████████████  ▏ 4.7 GB/5.2 GB   16 MB/s     33s[K[?25h[?2026l[?2026h[?25l[A[1Gpulling manifest [K
pulling a3de86cd1c13:  89% ▕████████████████  ▏ 4.7 GB/5.2 GB   16 MB/s     33s[K[?25h[?2026l[?2026h[?25l[A[1Gpulling manifest [K
pulling a3de86cd1c13:  89% ▕████████████████  ▏ 4.7 GB/5.2 GB   16 MB/s     33s[K[?25h[?2026l[?2026h[?25l[A[1Gpulling manifest [K
pulling a3de86cd1c13:  89% ▕████████████████  ▏ 4.7 GB/5.2 GB   16 MB/s     33s[K[?25h[?2026l[?2026h[?25l[A[1Gpulling manifest [K
pulling a3de86cd1c13:  89% ▕████████████████  ▏ 4.7 GB/5.2 GB   16 MB/s     33s[K[?25h[?2026l[?2026h[?25l[A[1Gpulling manifest [K
pulling a3de86cd1c13:  89% ▕████████████████  ▏ 4.7 GB/5.2 GB   16 MB/s     33s[K[?25h[?2026l[?2026h[?25l[A[1Gpulling manifest [K
pulling a3de86cd1c13:  89% ▕████████████████  ▏ 4.7 GB/5.2 GB   16 MB/s     33s[K[?25h[?2026l[?2026h[?25l[A[1Gpulling manifest [K
pulling a3de86cd1c13:  89% ▕████████████████  ▏ 4.7 GB/5.2 GB   16 MB/s     33s[K[?25h[?2026l[?2026h[?25l[A[1Gpulling manifest [K
pulling a3de86cd1c13:  89% ▕████████████████  ▏ 4.7 GB/5.2 GB   16 MB/s     32s[K[?25h[?2026l[?2026h[?25l[A[1Gpulling manifest [K
pulling a3de86cd1c13:  89% ▕████████████████  ▏ 4.7 GB/5.2 GB   16 MB/s     32s[K[?25h[?2026l[?2026h[?25l[A[1Gpulling manifest [K
pulling a3de86cd1c13:  89% ▕████████████████  ▏ 4.7 GB/5.2 GB   16 MB/s     32s[K[?25h[?2026l[?2026h[?25l[A[1Gpulling manifest [K
pulling a3de86cd1c13:  89% ▕████████████████  ▏ 4.7 GB/5.2 GB   16 MB/s     32s[K[?25h[?2026l[?2026h[?25l[A[1Gpulling manifest [K
pulling a3de86cd1c13:  89% ▕████████████████  ▏ 4.7 GB/5.2 GB   16 MB/s     32s[K[?25h[?2026l[?2026h[?25l[A[1Gpulling manifest [K
pulling a3de86cd1c13:  89% ▕████████████████  ▏ 4.7 GB/5.2 GB   16 MB/s     32s[K[?25h[?2026l[?2026h[?25l[A[1Gpulling manifest [K
pulling a3de86cd1c13:  90% ▕████████████████  ▏ 4.7 GB/5.2 GB   16 MB/s     32s[K[?25h[?2026l[?2026h[?25l[A[1Gpulling manifest [K
pulling a3de86cd1c13:  90% ▕████████████████  ▏ 4.7 GB/5.2 GB   16 MB/s     32s[K[?25h[?2026l[?2026h[?25l[A[1Gpulling manifest [K
pulling a3de86cd1c13:  90% ▕████████████████  ▏ 4.7 GB/5.2 GB   16 MB/s     32s[K[?25h[?2026l[?2026h[?25l[A[1Gpulling manifest [K
pulling a3de86cd1c13:  90% ▕████████████████  ▏ 4.7 GB/5.2 GB   16 MB/s     32s[K[?25h[?2026l[?2026h[?25l[A[1Gpulling manifest [K
pulling a3de86cd1c13:  90% ▕████████████████  ▏ 4.7 GB/5.2 GB   16 MB/s     32s[K[?25h[?2026l[?2026h[?25l[A[1Gpulling manifest [K
pulling a3de86cd1c13:  90% ▕████████████████  ▏ 4.7 GB/5.2 GB   16 MB/s     32s[K[?25h[?2026l[?2026h[?25l[A[1Gpulling manifest [K
pulling a3de86cd1c13:  90% ▕████████████████  ▏ 4.7 GB/5.2 GB   16 MB/s     32s[K[?25h[?2026l[?2026h[?25l[A[1Gpulling manifest [K
pulling a3de86cd1c13:  90% ▕████████████████  ▏ 4.7 GB/5.2 GB   16 MB/s     32s[K[?25h[?2026l[?2026h[?25l[A[1Gpulling manifest [K
pulling a3de86cd1c13:  90% ▕████████████████  ▏ 4.7 GB/5.2 GB   16 MB/s     32s[K[?25h[?2026l[?2026h[?25l[A[1Gpulling manifest [K
pulling a3de86cd1c13:  90% ▕████████████████  ▏ 4.7 GB/5.2 GB   16 MB/s     32s[K[?25h[?2026l[?2026h[?25l[A[1Gpulling manifest [K
pulling a3de86cd1c13:  90% ▕████████████████  ▏ 4.7 GB/5.2 GB   16 MB/s     32s[K[?25h[?2026l[?2026h[?25l[A[1Gpulling manifest [K
pulling a3de86cd1c13:  90% ▕████████████████  ▏ 4.7 GB/5.2 GB   16 MB/s     32s[K[?25h[?2026l[?2026h[?25l[A[1Gpulling manifest [K
pulling a3de86cd1c13:  90% ▕████████████████  ▏ 4.7 GB/5.2 GB   16 MB/s     32s[K[?25h[?2026l[?2026h[?25l[A[1Gpulling manifest [K
pulling a3de86cd1c13:  90% ▕████████████████  ▏ 4.7 GB/5.2 GB   16 MB/s     31s[K[?25h[?2026l[?2026h[?25l[A[1Gpulling manifest [K
pulling a3de86cd1c13:  90% ▕████████████████  ▏ 4.7 GB/5.2 GB   16 MB/s     32s[K[?25h[?2026l[?2026h[?25l[A[1Gpulling manifest [K
pulling a3de86cd1c13:  90% ▕████████████████  ▏ 4.7 GB/5.2 GB   16 MB/s     32s[K[?25h[?2026l[?2026h[?25l[A[1Gpulling manifest [K
pulling a3de86cd1c13:  90% ▕████████████████  ▏ 4.7 GB/5.2 GB   16 MB/s     32s[K[?25h[?2026l[?2026h[?25l[A[1Gpulling manifest [K
pulling a3de86cd1c13:  90% ▕████████████████  ▏ 4.7 GB/5.2 GB   16 MB/s     32s[K[?25h[?2026l[?2026h[?25l[A[1Gpulling manifest [K
pulling a3de86cd1c13:  90% ▕████████████████  ▏ 4.7 GB/5.2 GB   16 MB/s     32s[K[?25h[?2026l[?2026h[?25l[A[1Gpulling manifest [K
pulling a3de86cd1c13:  90% ▕████████████████  ▏ 4.7 GB/5.2 GB   16 MB/s     32s[K[?25h[?2026l[?2026h[?25l[A[1Gpulling manifest [K
pulling a3de86cd1c13:  90% ▕████████████████  ▏ 4.7 GB/5.2 GB   16 MB/s     32s[K[?25h[?2026l[?2026h[?25l[A[1Gpulling manifest [K
pulling a3de86cd1c13:  90% ▕████████████████  ▏ 4.7 GB/5.2 GB   16 MB/s     32s[K[?25h[?2026l[?2026h[?25l[A[1Gpulling manifest [K
pulling a3de86cd1c13:  90% ▕████████████████  ▏ 4.7 GB/5.2 GB   16 MB/s     32s[K[?25h[?2026l[?2026h[?25l[A[1Gpulling manifest [K
pulling a3de86cd1c13:  90% ▕████████████████  ▏ 4.7 GB/5.2 GB   16 MB/s     32s[K[?25h[?2026l[?2026h[?25l[A[1Gpulling manifest [K
pulling a3de86cd1c13:  90% ▕████████████████  ▏ 4.7 GB/5.2 GB   15 MB/s     32s[K[?25h[?2026l[?2026h[?25l[A[1Gpulling manifest [K
pulling a3de86cd1c13:  90% ▕████████████████  ▏ 4.7 GB/5.2 GB   15 MB/s     32s[K[?25h[?2026l[?2026h[?25l[A[1Gpulling manifest [K
pulling a3de86cd1c13:  90% ▕████████████████  ▏ 4.7 GB/5.2 GB   15 MB/s     32s[K[?25h[?2026l[?2026h[?25l[A[1Gpulling manifest [K
pulling a3de86cd1c13:  90% ▕████████████████  ▏ 4.7 GB/5.2 GB   15 MB/s     32s[K[?25h[?2026l[?2026h[?25l[A[1Gpulling manifest [K
pulling a3de86cd1c13:  90% ▕████████████████  ▏ 4.7 GB/5.2 GB   15 MB/s     32s[K[?25h[?2026l[?2026h[?25l[A[1Gpulling manifest [K
pulling a3de86cd1c13:  90% ▕████████████████  ▏ 4.7 GB/5.2 GB   15 MB/s     32s[K[?25h[?2026l[?2026h[?25l[A[1Gpulling manifest [K
pulling a3de86cd1c13:  90% ▕████████████████  ▏ 4.7 GB/5.2 GB   15 MB/s     31s[K[?25h[?2026l[?2026h[?25l[A[1Gpulling manifest [K
pulling a3de86cd1c13:  90% ▕████████████████  ▏ 4.7 GB/5.2 GB   15 MB/s     31s[K[?25h[?2026l[?2026h[?25l[A[1Gpulling manifest [K
pulling a3de86cd1c13:  90% ▕████████████████  ▏ 4.7 GB/5.2 GB   15 MB/s     31s[K[?25h[?2026l[?2026h[?25l[A[1Gpulling manifest [K
pulling a3de86cd1c13:  90% ▕████████████████  ▏ 4.7 GB/5.2 GB   15 MB/s     31s[K[?25h[?2026l[?2026h[?25l[A[1Gpulling manifest [K
pulling a3de86cd1c13:  90% ▕████████████████  ▏ 4.7 GB/5.2 GB   15 MB/s     31s[K[?25h[?2026l[?2026h[?25l[A[1Gpulling manifest [K
pulling a3de86cd1c13:  90% ▕████████████████  ▏ 4.7 GB/5.2 GB   15 MB/s     31s[K[?25h[?2026l[?2026h[?25l[A[1Gpulling manifest [K
pulling a3de86cd1c13:  91% ▕████████████████  ▏ 4.7 GB/5.2 GB   15 MB/s     31s[K[?25h[?2026l[?2026h[?25l[A[1Gpulling manifest [K
pulling a3de86cd1c13:  91% ▕████████████████  ▏ 4.7 GB/5.2 GB   15 MB/s     31s[K[?25h[?2026l[?2026h[?25l[A[1Gpulling manifest [K
pulling a3de86cd1c13:  91% ▕████████████████  ▏ 4.7 GB/5.2 GB   15 MB/s     31s[K[?25h[?2026l[?2026h[?25l[A[1Gpulling manifest [K
pulling a3de86cd1c13:  91% ▕████████████████  ▏ 4.7 GB/5.2 GB   15 MB/s     31s[K[?25h[?2026l[?2026h[?25l[A[1Gpulling manifest [K
pulling a3de86cd1c13:  91% ▕████████████████  ▏ 4.7 GB/5.2 GB   15 MB/s     31s[K[?25h[?2026l[?2026h[?25l[A[1Gpulling manifest [K
pulling a3de86cd1c13:  91% ▕████████████████  ▏ 4.7 GB/5.2 GB   15 MB/s     31s[K[?25h[?2026l[?2026h[?25l[A[1Gpulling manifest [K
pulling a3de86cd1c13:  91% ▕████████████████  ▏ 4.7 GB/5.2 GB   15 MB/s     31s[K[?25h[?2026l[?2026h[?25l[A[1Gpulling manifest [K
pulling a3de86cd1c13:  91% ▕████████████████  ▏ 4.7 GB/5.2 GB   15 MB/s     31s[K[?25h[?2026l[?2026h[?25l[A[1Gpulling manifest [K
pulling a3de86cd1c13:  91% ▕████████████████  ▏ 4.7 GB/5.2 GB   15 MB/s     30s[K[?25h[?2026l[?2026h[?25l[A[1Gpulling manifest [K
pulling a3de86cd1c13:  91% ▕████████████████  ▏ 4.7 GB/5.2 GB   15 MB/s     30s[K[?25h[?2026l[?2026h[?25l[A[1Gpulling manifest [K
pulling a3de86cd1c13:  91% ▕████████████████  ▏ 4.7 GB/5.2 GB   15 MB/s     30s[K[?25h[?2026l[?2026h[?25l[A[1Gpulling manifest [K
pulling a3de86cd1c13:  91% ▕████████████████  ▏ 4.7 GB/5.2 GB   15 MB/s     30s[K[?25h[?2026l[?2026h[?25l[A[1Gpulling manifest [K
pulling a3de86cd1c13:  91% ▕████████████████  ▏ 4.8 GB/5.2 GB   15 MB/s     30s[K[?25h[?2026l[?2026h[?25l[A[1Gpulling manifest [K
pulling a3de86cd1c13:  91% ▕████████████████  ▏ 4.8 GB/5.2 GB   15 MB/s     30s[K[?25h[?2026l[?2026h[?25l[A[1Gpulling manifest [K
pulling a3de86cd1c13:  91% ▕████████████████  ▏ 4.8 GB/5.2 GB   15 MB/s     30s[K[?25h[?2026l[?2026h[?25l[A[1Gpulling manifest [K
pulling a3de86cd1c13:  91% ▕████████████████  ▏ 4.8 GB/5.2 GB   15 MB/s     30s[K[?25h[?2026l[?2026h[?25l[A[1Gpulling manifest [K
pulling a3de86cd1c13:  91% ▕████████████████  ▏ 4.8 GB/5.2 GB   15 MB/s     29s[K[?25h[?2026l[?2026h[?25l[A[1Gpulling manifest [K
pulling a3de86cd1c13:  91% ▕████████████████  ▏ 4.8 GB/5.2 GB   15 MB/s     29s[K[?25h[?2026l[?2026h[?25l[A[1Gpulling manifest [K
pulling a3de86cd1c13:  91% ▕████████████████  ▏ 4.8 GB/5.2 GB   15 MB/s     29s[K[?25h[?2026l[?2026h[?25l[A[1Gpulling manifest [K
pulling a3de86cd1c13:  91% ▕████████████████  ▏ 4.8 GB/5.2 GB   15 MB/s     30s[K[?25h[?2026l[?2026h[?25l[A[1Gpulling manifest [K
pulling a3de86cd1c13:  91% ▕████████████████  ▏ 4.8 GB/5.2 GB   15 MB/s     30s[K[?25h[?2026l[?2026h[?25l[A[1Gpulling manifest [K
pulling a3de86cd1c13:  91% ▕████████████████  ▏ 4.8 GB/5.2 GB   15 MB/s     29s[K[?25h[?2026l[?2026h[?25l[A[1Gpulling manifest [K
pulling a3de86cd1c13:  91% ▕████████████████  ▏ 4.8 GB/5.2 GB   15 MB/s     29s[K[?25h[?2026l[?2026h[?25l[A[1Gpulling manifest [K
pulling a3de86cd1c13:  91% ▕████████████████  ▏ 4.8 GB/5.2 GB   15 MB/s     29s[K[?25h[?2026l[?2026h[?25l[A[1Gpulling manifest [K
pulling a3de86cd1c13:  91% ▕████████████████  ▏ 4.8 GB/5.2 GB   15 MB/s     29s[K[?25h[?2026l[?2026h[?25l[A[1Gpulling manifest [K
pulling a3de86cd1c13:  91% ▕████████████████  ▏ 4.8 GB/5.2 GB   15 MB/s     29s[K[?25h[?2026l[?2026h[?25l[A[1Gpulling manifest [K
pulling a3de86cd1c13:  91% ▕████████████████  ▏ 4.8 GB/5.2 GB   15 MB/s     29s[K[?25h[?2026l[?2026h[?25l[A[1Gpulling manifest [K
pulling a3de86cd1c13:  91% ▕████████████████  ▏ 4.8 GB/5.2 GB   15 MB/s     29s[K[?25h[?2026l[?2026h[?25l[A[1Gpulling manifest [K
pulling a3de86cd1c13:  91% ▕████████████████  ▏ 4.8 GB/5.2 GB   15 MB/s     29s[K[?25h[?2026l[?2026h[?25l[A[1Gpulling manifest [K
pulling a3de86cd1c13:  91% ▕████████████████  ▏ 4.8 GB/5.2 GB   15 MB/s     29s[K[?25h[?2026l[?2026h[?25l[A[1Gpulling manifest [K
pulling a3de86cd1c13:  91% ▕████████████████  ▏ 4.8 GB/5.2 GB   15 MB/s     29s[K[?25h[?2026l[?2026h[?25l[A[1Gpulling manifest [K
pulling a3de86cd1c13:  91% ▕████████████████  ▏ 4.8 GB/5.2 GB   15 MB/s     29s[K[?25h[?2026l[?2026h[?25l[A[1Gpulling manifest [K
pulling a3de86cd1c13:  91% ▕████████████████  ▏ 4.8 GB/5.2 GB   15 MB/s     29s[K[?25h[?2026l[?2026h[?25l[A[1Gpulling manifest [K
pulling a3de86cd1c13:  91% ▕████████████████  ▏ 4.8 GB/5.2 GB   15 MB/s     29s[K[?25h[?2026l[?2026h[?25l[A[1Gpulling manifest [K
pulling a3de86cd1c13:  91% ▕████████████████  ▏ 4.8 GB/5.2 GB   15 MB/s     29s[K[?25h[?2026l[?2026h[?25l[A[1Gpulling manifest [K
pulling a3de86cd1c13:  92% ▕████████████████  ▏ 4.8 GB/5.2 GB   15 MB/s     29s[K[?25h[?2026l[?2026h[?25l[A[1Gpulling manifest [K
pulling a3de86cd1c13:  92% ▕████████████████  ▏ 4.8 GB/5.2 GB   15 MB/s     29s[K[?25h[?2026l[?2026h[?25l[A[1Gpulling manifest [K
pulling a3de86cd1c13:  92% ▕████████████████  ▏ 4.8 GB/5.2 GB   15 MB/s     28s[K[?25h[?2026l[?2026h[?25l[A[1Gpulling manifest [K
pulling a3de86cd1c13:  92% ▕████████████████  ▏ 4.8 GB/5.2 GB   15 MB/s     28s[K[?25h[?2026l[?2026h[?25l[A[1Gpulling manifest [K
pulling a3de86cd1c13:  92% ▕████████████████  ▏ 4.8 GB/5.2 GB   15 MB/s     29s[K[?25h[?2026l[?2026h[?25l[A[1Gpulling manifest [K
pulling a3de86cd1c13:  92% ▕████████████████  ▏ 4.8 GB/5.2 GB   15 MB/s     28s[K[?25h[?2026l[?2026h[?25l[A[1Gpulling manifest [K
pulling a3de86cd1c13:  92% ▕████████████████  ▏ 4.8 GB/5.2 GB   15 MB/s     28s[K[?25h[?2026l[?2026h[?25l[A[1Gpulling manifest [K
pulling a3de86cd1c13:  92% ▕████████████████  ▏ 4.8 GB/5.2 GB   15 MB/s     28s[K[?25h[?2026l[?2026h[?25l[A[1Gpulling manifest [K
pulling a3de86cd1c13:  92% ▕████████████████  ▏ 4.8 GB/5.2 GB   15 MB/s     28s[K[?25h[?2026l[?2026h[?25l[A[1Gpulling manifest [K
pulling a3de86cd1c13:  92% ▕████████████████  ▏ 4.8 GB/5.2 GB   15 MB/s     28s[K[?25h[?2026l[?2026h[?25l[A[1Gpulling manifest [K
pulling a3de86cd1c13:  92% ▕████████████████  ▏ 4.8 GB/5.2 GB   15 MB/s     28s[K[?25h[?2026l[?2026h[?25l[A[1Gpulling manifest [K
pulling a3de86cd1c13:  92% ▕████████████████  ▏ 4.8 GB/5.2 GB   15 MB/s     28s[K[?25h[?2026l[?2026h[?25l[A[1Gpulling manifest [K
pulling a3de86cd1c13:  92% ▕████████████████  ▏ 4.8 GB/5.2 GB   15 MB/s     28s[K[?25h[?2026l[?2026h[?25l[A[1Gpulling manifest [K
pulling a3de86cd1c13:  92% ▕████████████████  ▏ 4.8 GB/5.2 GB   15 MB/s     28s[K[?25h[?2026l[?2026h[?25l[A[1Gpulling manifest [K
pulling a3de86cd1c13:  92% ▕████████████████  ▏ 4.8 GB/5.2 GB   15 MB/s     28s[K[?25h[?2026l[?2026h[?25l[A[1Gpulling manifest [K
pulling a3de86cd1c13:  92% ▕████████████████  ▏ 4.8 GB/5.2 GB   14 MB/s     28s[K[?25h[?2026l[?2026h[?25l[A[1Gpulling manifest [K
pulling a3de86cd1c13:  92% ▕████████████████  ▏ 4.8 GB/5.2 GB   14 MB/s     28s[K[?25h[?2026l[?2026h[?25l[A[1Gpulling manifest [K
pulling a3de86cd1c13:  92% ▕████████████████  ▏ 4.8 GB/5.2 GB   14 MB/s     28s[K[?25h[?2026l[?2026h[?25l[A[1Gpulling manifest [K
pulling a3de86cd1c13:  92% ▕████████████████  ▏ 4.8 GB/5.2 GB   14 MB/s     28s[K[?25h[?2026l[?2026h[?25l[A[1Gpulling manifest [K
pulling a3de86cd1c13:  92% ▕████████████████  ▏ 4.8 GB/5.2 GB   14 MB/s     28s[K[?25h[?2026l[?2026h[?25l[A[1Gpulling manifest [K
pulling a3de86cd1c13:  92% ▕████████████████  ▏ 4.8 GB/5.2 GB   14 MB/s     28s[K[?25h[?2026l[?2026h[?25l[A[1Gpulling manifest [K
pulling a3de86cd1c13:  92% ▕████████████████  ▏ 4.8 GB/5.2 GB   14 MB/s     28s[K[?25h[?2026l[?2026h[?25l[A[1Gpulling manifest [K
pulling a3de86cd1c13:  92% ▕████████████████  ▏ 4.8 GB/5.2 GB   14 MB/s     27s[K[?25h[?2026l[?2026h[?25l[A[1Gpulling manifest [K
pulling a3de86cd1c13:  92% ▕████████████████  ▏ 4.8 GB/5.2 GB   14 MB/s     27s[K[?25h[?2026l[?2026h[?25l[A[1Gpulling manifest [K
pulling a3de86cd1c13:  92% ▕████████████████  ▏ 4.8 GB/5.2 GB   14 MB/s     27s[K[?25h[?2026l[?2026h[?25l[A[1Gpulling manifest [K
pulling a3de86cd1c13:  92% ▕████████████████  ▏ 4.8 GB/5.2 GB   14 MB/s     27s[K[?25h[?2026l[?2026h[?25l[A[1Gpulling manifest [K
pulling a3de86cd1c13:  92% ▕████████████████  ▏ 4.8 GB/5.2 GB   14 MB/s     27s[K[?25h[?2026l[?2026h[?25l[A[1Gpulling manifest [K
pulling a3de86cd1c13:  92% ▕████████████████  ▏ 4.8 GB/5.2 GB   14 MB/s     27s[K[?25h[?2026l[?2026h[?25l[A[1Gpulling manifest [K
pulling a3de86cd1c13:  92% ▕████████████████  ▏ 4.8 GB/5.2 GB   14 MB/s     27s[K[?25h[?2026l[?2026h[?25l[A[1Gpulling manifest [K
pulling a3de86cd1c13:  92% ▕████████████████  ▏ 4.8 GB/5.2 GB   14 MB/s     27s[K[?25h[?2026l[?2026h[?25l[A[1Gpulling manifest [K
pulling a3de86cd1c13:  92% ▕████████████████  ▏ 4.8 GB/5.2 GB   14 MB/s     27s[K[?25h[?2026l[?2026h[?25l[A[1Gpulling manifest [K
pulling a3de86cd1c13:  92% ▕████████████████  ▏ 4.8 GB/5.2 GB   14 MB/s     26s[K[?25h[?2026l[?2026h[?25l[A[1Gpulling manifest [K
pulling a3de86cd1c13:  92% ▕████████████████  ▏ 4.8 GB/5.2 GB   14 MB/s     26s[K[?25h[?2026l[?2026h[?25l[A[1Gpulling manifest [K
pulling a3de86cd1c13:  92% ▕████████████████  ▏ 4.8 GB/5.2 GB   14 MB/s     26s[K[?25h[?2026l[?2026h[?25l[A[1Gpulling manifest [K
pulling a3de86cd1c13:  92% ▕████████████████  ▏ 4.8 GB/5.2 GB   14 MB/s     26s[K[?25h[?2026l[?2026h[?25l[A[1Gpulling manifest [K
pulling a3de86cd1c13:  92% ▕████████████████  ▏ 4.8 GB/5.2 GB   14 MB/s     26s[K[?25h[?2026l[?2026h[?25l[A[1Gpulling manifest [K
pulling a3de86cd1c13:  93% ▕████████████████  ▏ 4.8 GB/5.2 GB   14 MB/s     26s[K[?25h[?2026l[?2026h[?25l[A[1Gpulling manifest [K
pulling a3de86cd1c13:  93% ▕████████████████  ▏ 4.8 GB/5.2 GB   14 MB/s     26s[K[?25h[?2026l[?2026h[?25l[A[1Gpulling manifest [K
pulling a3de86cd1c13:  93% ▕████████████████  ▏ 4.8 GB/5.2 GB   14 MB/s     26s[K[?25h[?2026l[?2026h[?25l[A[1Gpulling manifest [K
pulling a3de86cd1c13:  93% ▕████████████████  ▏ 4.8 GB/5.2 GB   14 MB/s     26s[K[?25h[?2026l[?2026h[?25l[A[1Gpulling manifest [K
pulling a3de86cd1c13:  93% ▕████████████████  ▏ 4.8 GB/5.2 GB   14 MB/s     25s[K[?25h[?2026l[?2026h[?25l[A[1Gpulling manifest [K
pulling a3de86cd1c13:  93% ▕████████████████  ▏ 4.8 GB/5.2 GB   14 MB/s     25s[K[?25h[?2026l[?2026h[?25l[A[1Gpulling manifest [K
pulling a3de86cd1c13:  93% ▕████████████████  ▏ 4.8 GB/5.2 GB   14 MB/s     25s[K[?25h[?2026l[?2026h[?25l[A[1Gpulling manifest [K
pulling a3de86cd1c13:  93% ▕████████████████  ▏ 4.8 GB/5.2 GB   14 MB/s     25s[K[?25h[?2026l[?2026h[?25l[A[1Gpulling manifest [K
pulling a3de86cd1c13:  93% ▕████████████████  ▏ 4.8 GB/5.2 GB   14 MB/s     25s[K[?25h[?2026l[?2026h[?25l[A[1Gpulling manifest [K
pulling a3de86cd1c13:  93% ▕████████████████  ▏ 4.8 GB/5.2 GB   14 MB/s     25s[K[?25h[?2026l[?2026h[?25l[A[1Gpulling manifest [K
pulling a3de86cd1c13:  93% ▕████████████████  ▏ 4.8 GB/5.2 GB   14 MB/s     25s[K[?25h[?2026l[?2026h[?25l[A[1Gpulling manifest [K
pulling a3de86cd1c13:  93% ▕████████████████  ▏ 4.8 GB/5.2 GB   14 MB/s     25s[K[?25h[?2026l[?2026h[?25l[A[1Gpulling manifest [K
pulling a3de86cd1c13:  93% ▕████████████████  ▏ 4.8 GB/5.2 GB   14 MB/s     25s[K[?25h[?2026l[?2026h[?25l[A[1Gpulling manifest [K
pulling a3de86cd1c13:  93% ▕████████████████  ▏ 4.9 GB/5.2 GB   14 MB/s     25s[K[?25h[?2026l[?2026h[?25l[A[1Gpulling manifest [K
pulling a3de86cd1c13:  93% ▕████████████████  ▏ 4.9 GB/5.2 GB   14 MB/s     24s[K[?25h[?2026l[?2026h[?25l[A[1Gpulling manifest [K
pulling a3de86cd1c13:  93% ▕████████████████  ▏ 4.9 GB/5.2 GB   14 MB/s     24s[K[?25h[?2026l[?2026h[?25l[A[1Gpulling manifest [K
pulling a3de86cd1c13:  93% ▕████████████████  ▏ 4.9 GB/5.2 GB   14 MB/s     24s[K[?25h[?2026l[?2026h[?25l[A[1Gpulling manifest [K
pulling a3de86cd1c13:  93% ▕████████████████  ▏ 4.9 GB/5.2 GB   14 MB/s     24s[K[?25h[?2026l[?2026h[?25l[A[1Gpulling manifest [K
pulling a3de86cd1c13:  93% ▕████████████████  ▏ 4.9 GB/5.2 GB   14 MB/s     24s[K[?25h[?2026l[?2026h[?25l[A[1Gpulling manifest [K
pulling a3de86cd1c13:  93% ▕████████████████  ▏ 4.9 GB/5.2 GB   14 MB/s     24s[K[?25h[?2026l[?2026h[?25l[A[1Gpulling manifest [K
pulling a3de86cd1c13:  93% ▕████████████████  ▏ 4.9 GB/5.2 GB   14 MB/s     24s[K[?25h[?2026l[?2026h[?25l[A[1Gpulling manifest [K
pulling a3de86cd1c13:  93% ▕████████████████  ▏ 4.9 GB/5.2 GB   14 MB/s     24s[K[?25h[?2026l[?2026h[?25l[A[1Gpulling manifest [K
pulling a3de86cd1c13:  93% ▕████████████████  ▏ 4.9 GB/5.2 GB   14 MB/s     24s[K[?25h[?2026l[?2026h[?25l[A[1Gpulling manifest [K
pulling a3de86cd1c13:  93% ▕████████████████  ▏ 4.9 GB/5.2 GB   14 MB/s     24s[K[?25h[?2026l[?2026h[?25l[A[1Gpulling manifest [K
pulling a3de86cd1c13:  93% ▕████████████████  ▏ 4.9 GB/5.2 GB   14 MB/s     24s[K[?25h[?2026l[?2026h[?25l[A[1Gpulling manifest [K
pulling a3de86cd1c13:  93% ▕████████████████  ▏ 4.9 GB/5.2 GB   14 MB/s     24s[K[?25h[?2026l[?2026h[?25l[A[1Gpulling manifest [K
pulling a3de86cd1c13:  93% ▕████████████████  ▏ 4.9 GB/5.2 GB   14 MB/s     24s[K[?25h[?2026l[?2026h[?25l[A[1Gpulling manifest [K
pulling a3de86cd1c13:  93% ▕████████████████  ▏ 4.9 GB/5.2 GB   14 MB/s     24s[K[?25h[?2026l[?2026h[?25l[A[1Gpulling manifest [K
pulling a3de86cd1c13:  93% ▕████████████████  ▏ 4.9 GB/5.2 GB   14 MB/s     24s[K[?25h[?2026l[?2026h[?25l[A[1Gpulling manifest [K
pulling a3de86cd1c13:  93% ▕████████████████  ▏ 4.9 GB/5.2 GB   14 MB/s     24s[K[?25h[?2026l[?2026h[?25l[A[1Gpulling manifest [K
pulling a3de86cd1c13:  93% ▕████████████████  ▏ 4.9 GB/5.2 GB   14 MB/s     24s[K[?25h[?2026l[?2026h[?25l[A[1Gpulling manifest [K
pulling a3de86cd1c13:  93% ▕████████████████  ▏ 4.9 GB/5.2 GB   14 MB/s     24s[K[?25h[?2026l[?2026h[?25l[A[1Gpulling manifest [K
pulling a3de86cd1c13:  93% ▕████████████████  ▏ 4.9 GB/5.2 GB   14 MB/s     24s[K[?25h[?2026l[?2026h[?25l[A[1Gpulling manifest [K
pulling a3de86cd1c13:  93% ▕████████████████  ▏ 4.9 GB/5.2 GB   14 MB/s     24s[K[?25h[?2026l[?2026h[?25l[A[1Gpulling manifest [K
pulling a3de86cd1c13:  93% ▕████████████████  ▏ 4.9 GB/5.2 GB   14 MB/s     24s[K[?25h[?2026l[?2026h[?25l[A[1Gpulling manifest [K
pulling a3de86cd1c13:  93% ▕████████████████  ▏ 4.9 GB/5.2 GB   14 MB/s     24s[K[?25h[?2026l[?2026h[?25l[A[1Gpulling manifest [K
pulling a3de86cd1c13:  93% ▕████████████████  ▏ 4.9 GB/5.2 GB   14 MB/s     24s[K[?25h[?2026l[?2026h[?25l[A[1Gpulling manifest [K
pulling a3de86cd1c13:  93% ▕████████████████  ▏ 4.9 GB/5.2 GB   14 MB/s     24s[K[?25h[?2026l[?2026h[?25l[A[1Gpulling manifest [K
pulling a3de86cd1c13:  93% ▕████████████████  ▏ 4.9 GB/5.2 GB   14 MB/s     24s[K[?25h[?2026l[?2026h[?25l[A[1Gpulling manifest [K
pulling a3de86cd1c13:  94% ▕████████████████  ▏ 4.9 GB/5.2 GB   14 MB/s     23s[K[?25h[?2026l[?2026h[?25l[A[1Gpulling manifest [K
pulling a3de86cd1c13:  94% ▕████████████████  ▏ 4.9 GB/5.2 GB   14 MB/s     23s[K[?25h[?2026l[?2026h[?25l[A[1Gpulling manifest [K
pulling a3de86cd1c13:  94% ▕████████████████  ▏ 4.9 GB/5.2 GB   14 MB/s     23s[K[?25h[?2026l[?2026h[?25l[A[1Gpulling manifest [K
pulling a3de86cd1c13:  94% ▕████████████████  ▏ 4.9 GB/5.2 GB   14 MB/s     23s[K[?25h[?2026l[?2026h[?25l[A[1Gpulling manifest [K
pulling a3de86cd1c13:  94% ▕████████████████  ▏ 4.9 GB/5.2 GB   14 MB/s     23s[K[?25h[?2026l[?2026h[?25l[A[1Gpulling manifest [K
pulling a3de86cd1c13:  94% ▕████████████████  ▏ 4.9 GB/5.2 GB   14 MB/s     23s[K[?25h[?2026l[?2026h[?25l[A[1Gpulling manifest [K
pulling a3de86cd1c13:  94% ▕████████████████  ▏ 4.9 GB/5.2 GB   14 MB/s     23s[K[?25h[?2026l[?2026h[?25l[A[1Gpulling manifest [K
pulling a3de86cd1c13:  94% ▕████████████████  ▏ 4.9 GB/5.2 GB   14 MB/s     23s[K[?25h[?2026l[?2026h[?25l[A[1Gpulling manifest [K
pulling a3de86cd1c13:  94% ▕████████████████  ▏ 4.9 GB/5.2 GB   14 MB/s     22s[K[?25h[?2026l[?2026h[?25l[A[1Gpulling manifest [K
pulling a3de86cd1c13:  94% ▕████████████████  ▏ 4.9 GB/5.2 GB   14 MB/s     22s[K[?25h[?2026l[?2026h[?25l[A[1Gpulling manifest [K
pulling a3de86cd1c13:  94% ▕████████████████  ▏ 4.9 GB/5.2 GB   14 MB/s     22s[K[?25h[?2026l[?2026h[?25l[A[1Gpulling manifest [K
pulling a3de86cd1c13:  94% ▕████████████████  ▏ 4.9 GB/5.2 GB   14 MB/s     22s[K[?25h[?2026l[?2026h[?25l[A[1Gpulling manifest [K
pulling a3de86cd1c13:  94% ▕████████████████  ▏ 4.9 GB/5.2 GB   14 MB/s     22s[K[?25h[?2026l[?2026h[?25l[A[1Gpulling manifest [K
pulling a3de86cd1c13:  94% ▕████████████████  ▏ 4.9 GB/5.2 GB   14 MB/s     22s[K[?25h[?2026l[?2026h[?25l[A[1Gpulling manifest [K
pulling a3de86cd1c13:  94% ▕████████████████  ▏ 4.9 GB/5.2 GB   14 MB/s     22s[K[?25h[?2026l[?2026h[?25l[A[1Gpulling manifest [K
pulling a3de86cd1c13:  94% ▕████████████████  ▏ 4.9 GB/5.2 GB   14 MB/s     22s[K[?25h[?2026l[?2026h[?25l[A[1Gpulling manifest [K
pulling a3de86cd1c13:  94% ▕████████████████  ▏ 4.9 GB/5.2 GB   14 MB/s     22s[K[?25h[?2026l[?2026h[?25l[A[1Gpulling manifest [K
pulling a3de86cd1c13:  94% ▕████████████████  ▏ 4.9 GB/5.2 GB   14 MB/s     22s[K[?25h[?2026l[?2026h[?25l[A[1Gpulling manifest [K
pulling a3de86cd1c13:  94% ▕████████████████  ▏ 4.9 GB/5.2 GB   14 MB/s     22s[K[?25h[?2026l[?2026h[?25l[A[1Gpulling manifest [K
pulling a3de86cd1c13:  94% ▕████████████████  ▏ 4.9 GB/5.2 GB   14 MB/s     21s[K[?25h[?2026l[?2026h[?25l[A[1Gpulling manifest [K
pulling a3de86cd1c13:  94% ▕████████████████  ▏ 4.9 GB/5.2 GB   14 MB/s     21s[K[?25h[?2026l[?2026h[?25l[A[1Gpulling manifest [K
pulling a3de86cd1c13:  94% ▕████████████████  ▏ 4.9 GB/5.2 GB   14 MB/s     21s[K[?25h[?2026l[?2026h[?25l[A[1Gpulling manifest [K
pulling a3de86cd1c13:  94% ▕████████████████  ▏ 4.9 GB/5.2 GB   14 MB/s     21s[K[?25h[?2026l[?2026h[?25l[A[1Gpulling manifest [K
pulling a3de86cd1c13:  94% ▕████████████████  ▏ 4.9 GB/5.2 GB   14 MB/s     21s[K[?25h[?2026l[?2026h[?25l[A[1Gpulling manifest [K
pulling a3de86cd1c13:  94% ▕████████████████  ▏ 4.9 GB/5.2 GB   14 MB/s     21s[K[?25h[?2026l[?2026h[?25l[A[1Gpulling manifest [K
pulling a3de86cd1c13:  94% ▕████████████████  ▏ 4.9 GB/5.2 GB   14 MB/s     21s[K[?25h[?2026l[?2026h[?25l[A[1Gpulling manifest [K
pulling a3de86cd1c13:  94% ▕████████████████  ▏ 4.9 GB/5.2 GB   14 MB/s     21s[K[?25h[?2026l[?2026h[?25l[A[1Gpulling manifest [K
pulling a3de86cd1c13:  94% ▕████████████████  ▏ 4.9 GB/5.2 GB   14 MB/s     21s[K[?25h[?2026l[?2026h[?25l[A[1Gpulling manifest [K
pulling a3de86cd1c13:  94% ▕████████████████  ▏ 4.9 GB/5.2 GB   14 MB/s     20s[K[?25h[?2026l[?2026h[?25l[A[1Gpulling manifest [K
pulling a3de86cd1c13:  94% ▕████████████████  ▏ 4.9 GB/5.2 GB   14 MB/s     20s[K[?25h[?2026l[?2026h[?25l[A[1Gpulling manifest [K
pulling a3de86cd1c13:  94% ▕████████████████  ▏ 4.9 GB/5.2 GB   14 MB/s     20s[K[?25h[?2026l[?2026h[?25l[A[1Gpulling manifest [K
pulling a3de86cd1c13:  94% ▕████████████████  ▏ 4.9 GB/5.2 GB   14 MB/s     20s[K[?25h[?2026l[?2026h[?25l[A[1Gpulling manifest [K
pulling a3de86cd1c13:  94% ▕████████████████  ▏ 4.9 GB/5.2 GB   14 MB/s     20s[K[?25h[?2026l[?2026h[?25l[A[1Gpulling manifest [K
pulling a3de86cd1c13:  94% ▕████████████████  ▏ 4.9 GB/5.2 GB   14 MB/s     20s[K[?25h[?2026l[?2026h[?25l[A[1Gpulling manifest [K
pulling a3de86cd1c13:  94% ▕████████████████  ▏ 4.9 GB/5.2 GB   14 MB/s     20s[K[?25h[?2026l[?2026h[?25l[A[1Gpulling manifest [K
pulling a3de86cd1c13:  94% ▕████████████████  ▏ 4.9 GB/5.2 GB   14 MB/s     20s[K[?25h[?2026l[?2026h[?25l[A[1Gpulling manifest [K
pulling a3de86cd1c13:  94% ▕█████████████████ ▏ 4.9 GB/5.2 GB   14 MB/s     20s[K[?25h[?2026l[?2026h[?25l[A[1Gpulling manifest [K
pulling a3de86cd1c13:  94% ▕█████████████████ ▏ 4.9 GB/5.2 GB   14 MB/s     20s[K[?25h[?2026l[?2026h[?25l[A[1Gpulling manifest [K
pulling a3de86cd1c13:  94% ▕█████████████████ ▏ 4.9 GB/5.2 GB   14 MB/s     20s[K[?25h[?2026l[?2026h[?25l[A[1Gpulling manifest [K
pulling a3de86cd1c13:  95% ▕█████████████████ ▏ 4.9 GB/5.2 GB   14 MB/s     20s[K[?25h[?2026l[?2026h[?25l[A[1Gpulling manifest [K
pulling a3de86cd1c13:  95% ▕█████████████████ ▏ 4.9 GB/5.2 GB   14 MB/s     20s[K[?25h[?2026l[?2026h[?25l[A[1Gpulling manifest [K
pulling a3de86cd1c13:  95% ▕█████████████████ ▏ 4.9 GB/5.2 GB   14 MB/s     20s[K[?25h[?2026l[?2026h[?25l[A[1Gpulling manifest [K
pulling a3de86cd1c13:  95% ▕█████████████████ ▏ 4.9 GB/5.2 GB   13 MB/s     20s[K[?25h[?2026l[?2026h[?25l[A[1Gpulling manifest [K
pulling a3de86cd1c13:  95% ▕█████████████████ ▏ 4.9 GB/5.2 GB   13 MB/s     20s[K[?25h[?2026l[?2026h[?25l[A[1Gpulling manifest [K
pulling a3de86cd1c13:  95% ▕█████████████████ ▏ 4.9 GB/5.2 GB   13 MB/s     20s[K[?25h[?2026l[?2026h[?25l[A[1Gpulling manifest [K
pulling a3de86cd1c13:  95% ▕█████████████████ ▏ 4.9 GB/5.2 GB   13 MB/s     20s[K[?25h[?2026l[?2026h[?25l[A[1Gpulling manifest [K
pulling a3de86cd1c13:  95% ▕█████████████████ ▏ 4.9 GB/5.2 GB   13 MB/s     20s[K[?25h[?2026l[?2026h[?25l[A[1Gpulling manifest [K
pulling a3de86cd1c13:  95% ▕█████████████████ ▏ 4.9 GB/5.2 GB   13 MB/s     19s[K[?25h[?2026l[?2026h[?25l[A[1Gpulling manifest [K
pulling a3de86cd1c13:  95% ▕█████████████████ ▏ 4.9 GB/5.2 GB   13 MB/s     19s[K[?25h[?2026l[?2026h[?25l[A[1Gpulling manifest [K
pulling a3de86cd1c13:  95% ▕█████████████████ ▏ 5.0 GB/5.2 GB   13 MB/s     19s[K[?25h[?2026l[?2026h[?25l[A[1Gpulling manifest [K
pulling a3de86cd1c13:  95% ▕█████████████████ ▏ 5.0 GB/5.2 GB   13 MB/s     19s[K[?25h[?2026l[?2026h[?25l[A[1Gpulling manifest [K
pulling a3de86cd1c13:  95% ▕█████████████████ ▏ 5.0 GB/5.2 GB   13 MB/s     19s[K[?25h[?2026l[?2026h[?25l[A[1Gpulling manifest [K
pulling a3de86cd1c13:  95% ▕█████████████████ ▏ 5.0 GB/5.2 GB   13 MB/s     19s[K[?25h[?2026l[?2026h[?25l[A[1Gpulling manifest [K
pulling a3de86cd1c13:  95% ▕█████████████████ ▏ 5.0 GB/5.2 GB   13 MB/s     19s[K[?25h[?2026l[?2026h[?25l[A[1Gpulling manifest [K
pulling a3de86cd1c13:  95% ▕█████████████████ ▏ 5.0 GB/5.2 GB   13 MB/s     19s[K[?25h[?2026l[?2026h[?25l[A[1Gpulling manifest [K
pulling a3de86cd1c13:  95% ▕█████████████████ ▏ 5.0 GB/5.2 GB   13 MB/s     19s[K[?25h[?2026l[?2026h[?25l[A[1Gpulling manifest [K
pulling a3de86cd1c13:  95% ▕█████████████████ ▏ 5.0 GB/5.2 GB   13 MB/s     19s[K[?25h[?2026l[?2026h[?25l[A[1Gpulling manifest [K
pulling a3de86cd1c13:  95% ▕█████████████████ ▏ 5.0 GB/5.2 GB   13 MB/s     19s[K[?25h[?2026l[?2026h[?25l[A[1Gpulling manifest [K
pulling a3de86cd1c13:  95% ▕█████████████████ ▏ 5.0 GB/5.2 GB   13 MB/s     18s[K[?25h[?2026l[?2026h[?25l[A[1Gpulling manifest [K
pulling a3de86cd1c13:  95% ▕█████████████████ ▏ 5.0 GB/5.2 GB   13 MB/s     18s[K[?25h[?2026l[?2026h[?25l[A[1Gpulling manifest [K
pulling a3de86cd1c13:  95% ▕█████████████████ ▏ 5.0 GB/5.2 GB   13 MB/s     18s[K[?25h[?2026l[?2026h[?25l[A[1Gpulling manifest [K
pulling a3de86cd1c13:  95% ▕█████████████████ ▏ 5.0 GB/5.2 GB   13 MB/s     18s[K[?25h[?2026l[?2026h[?25l[A[1Gpulling manifest [K
pulling a3de86cd1c13:  95% ▕█████████████████ ▏ 5.0 GB/5.2 GB   13 MB/s     18s[K[?25h[?2026l[?2026h[?25l[A[1Gpulling manifest [K
pulling a3de86cd1c13:  95% ▕█████████████████ ▏ 5.0 GB/5.2 GB   13 MB/s     18s[K[?25h[?2026l[?2026h[?25l[A[1Gpulling manifest [K
pulling a3de86cd1c13:  95% ▕█████████████████ ▏ 5.0 GB/5.2 GB   13 MB/s     18s[K[?25h[?2026l[?2026h[?25l[A[1Gpulling manifest [K
pulling a3de86cd1c13:  95% ▕█████████████████ ▏ 5.0 GB/5.2 GB   13 MB/s     18s[K[?25h[?2026l[?2026h[?25l[A[1Gpulling manifest [K
pulling a3de86cd1c13:  95% ▕█████████████████ ▏ 5.0 GB/5.2 GB   13 MB/s     18s[K[?25h[?2026l[?2026h[?25l[A[1Gpulling manifest [K
pulling a3de86cd1c13:  95% ▕█████████████████ ▏ 5.0 GB/5.2 GB   13 MB/s     18s[K[?25h[?2026l[?2026h[?25l[A[1Gpulling manifest [K
pulling a3de86cd1c13:  95% ▕█████████████████ ▏ 5.0 GB/5.2 GB   13 MB/s     18s[K[?25h[?2026l[?2026h[?25l[A[1Gpulling manifest [K
pulling a3de86cd1c13:  95% ▕█████████████████ ▏ 5.0 GB/5.2 GB   13 MB/s     18s[K[?25h[?2026l[?2026h[?25l[A[1Gpulling manifest [K
pulling a3de86cd1c13:  95% ▕█████████████████ ▏ 5.0 GB/5.2 GB   13 MB/s     18s[K[?25h[?2026l[?2026h[?25l[A[1Gpulling manifest [K
pulling a3de86cd1c13:  95% ▕█████████████████ ▏ 5.0 GB/5.2 GB   13 MB/s     18s[K[?25h[?2026l[?2026h[?25l[A[1Gpulling manifest [K
pulling a3de86cd1c13:  95% ▕█████████████████ ▏ 5.0 GB/5.2 GB   13 MB/s     18s[K[?25h[?2026l[?2026h[?25l[A[1Gpulling manifest [K
pulling a3de86cd1c13:  95% ▕█████████████████ ▏ 5.0 GB/5.2 GB   13 MB/s     18s[K[?25h[?2026l[?2026h[?25l[A[1Gpulling manifest [K
pulling a3de86cd1c13:  95% ▕█████████████████ ▏ 5.0 GB/5.2 GB   13 MB/s     18s[K[?25h[?2026l[?2026h[?25l[A[1Gpulling manifest [K
pulling a3de86cd1c13:  95% ▕█████████████████ ▏ 5.0 GB/5.2 GB   13 MB/s     18s[K[?25h[?2026l[?2026h[?25l[A[1Gpulling manifest [K
pulling a3de86cd1c13:  95% ▕█████████████████ ▏ 5.0 GB/5.2 GB   13 MB/s     18s[K[?25h[?2026l[?2026h[?25l[A[1Gpulling manifest [K
pulling a3de86cd1c13:  95% ▕█████████████████ ▏ 5.0 GB/5.2 GB   13 MB/s     18s[K[?25h[?2026l[?2026h[?25l[A[1Gpulling manifest [K
pulling a3de86cd1c13:  95% ▕█████████████████ ▏ 5.0 GB/5.2 GB   13 MB/s     18s[K[?25h[?2026l[?2026h[?25l[A[1Gpulling manifest [K
pulling a3de86cd1c13:  95% ▕█████████████████ ▏ 5.0 GB/5.2 GB   13 MB/s     18s[K[?25h[?2026l[?2026h[?25l[A[1Gpulling manifest [K
pulling a3de86cd1c13:  95% ▕█████████████████ ▏ 5.0 GB/5.2 GB   13 MB/s     18s[K[?25h[?2026l[?2026h[?25l[A[1Gpulling manifest [K
pulling a3de86cd1c13:  95% ▕█████████████████ ▏ 5.0 GB/5.2 GB   13 MB/s     18s[K[?25h[?2026l[?2026h[?25l[A[1Gpulling manifest [K
pulling a3de86cd1c13:  95% ▕█████████████████ ▏ 5.0 GB/5.2 GB   13 MB/s     18s[K[?25h[?2026l[?2026h[?25l[A[1Gpulling manifest [K
pulling a3de86cd1c13:  95% ▕█████████████████ ▏ 5.0 GB/5.2 GB   13 MB/s     18s[K[?25h[?2026l[?2026h[?25l[A[1Gpulling manifest [K
pulling a3de86cd1c13:  96% ▕█████████████████ ▏ 5.0 GB/5.2 GB   13 MB/s     18s[K[?25h[?2026l[?2026h[?25l[A[1Gpulling manifest [K
pulling a3de86cd1c13:  96% ▕█████████████████ ▏ 5.0 GB/5.2 GB   13 MB/s     17s[K[?25h[?2026l[?2026h[?25l[A[1Gpulling manifest [K
pulling a3de86cd1c13:  96% ▕█████████████████ ▏ 5.0 GB/5.2 GB   13 MB/s     17s[K[?25h[?2026l[?2026h[?25l[A[1Gpulling manifest [K
pulling a3de86cd1c13:  96% ▕█████████████████ ▏ 5.0 GB/5.2 GB   13 MB/s     17s[K[?25h[?2026l[?2026h[?25l[A[1Gpulling manifest [K
pulling a3de86cd1c13:  96% ▕█████████████████ ▏ 5.0 GB/5.2 GB   13 MB/s     17s[K[?25h[?2026l[?2026h[?25l[A[1Gpulling manifest [K
pulling a3de86cd1c13:  96% ▕█████████████████ ▏ 5.0 GB/5.2 GB   13 MB/s     17s[K[?25h[?2026l[?2026h[?25l[A[1Gpulling manifest [K
pulling a3de86cd1c13:  96% ▕█████████████████ ▏ 5.0 GB/5.2 GB   13 MB/s     17s[K[?25h[?2026l[?2026h[?25l[A[1Gpulling manifest [K
pulling a3de86cd1c13:  96% ▕█████████████████ ▏ 5.0 GB/5.2 GB   13 MB/s     17s[K[?25h[?2026l[?2026h[?25l[A[1Gpulling manifest [K
pulling a3de86cd1c13:  96% ▕█████████████████ ▏ 5.0 GB/5.2 GB   13 MB/s     17s[K[?25h[?2026l[?2026h[?25l[A[1Gpulling manifest [K
pulling a3de86cd1c13:  96% ▕█████████████████ ▏ 5.0 GB/5.2 GB   12 MB/s     18s[K[?25h[?2026l[?2026h[?25l[A[1Gpulling manifest [K
pulling a3de86cd1c13:  96% ▕█████████████████ ▏ 5.0 GB/5.2 GB   12 MB/s     18s[K[?25h[?2026l[?2026h[?25l[A[1Gpulling manifest [K
pulling a3de86cd1c13:  96% ▕█████████████████ ▏ 5.0 GB/5.2 GB   12 MB/s     18s[K[?25h[?2026l[?2026h[?25l[A[1Gpulling manifest [K
pulling a3de86cd1c13:  96% ▕█████████████████ ▏ 5.0 GB/5.2 GB   12 MB/s     18s[K[?25h[?2026l[?2026h[?25l[A[1Gpulling manifest [K
pulling a3de86cd1c13:  96% ▕█████████████████ ▏ 5.0 GB/5.2 GB   12 MB/s     18s[K[?25h[?2026l[?2026h[?25l[A[1Gpulling manifest [K
pulling a3de86cd1c13:  96% ▕█████████████████ ▏ 5.0 GB/5.2 GB   12 MB/s     18s[K[?25h[?2026l[?2026h[?25l[A[1Gpulling manifest [K
pulling a3de86cd1c13:  96% ▕█████████████████ ▏ 5.0 GB/5.2 GB   12 MB/s     17s[K[?25h[?2026l[?2026h[?25l[A[1Gpulling manifest [K
pulling a3de86cd1c13:  96% ▕█████████████████ ▏ 5.0 GB/5.2 GB   12 MB/s     17s[K[?25h[?2026l[?2026h[?25l[A[1Gpulling manifest [K
pulling a3de86cd1c13:  96% ▕█████████████████ ▏ 5.0 GB/5.2 GB   12 MB/s     17s[K[?25h[?2026l[?2026h[?25l[A[1Gpulling manifest [K
pulling a3de86cd1c13:  96% ▕█████████████████ ▏ 5.0 GB/5.2 GB   12 MB/s     17s[K[?25h[?2026l[?2026h[?25l[A[1Gpulling manifest [K
pulling a3de86cd1c13:  96% ▕█████████████████ ▏ 5.0 GB/5.2 GB   11 MB/s     18s[K[?25h[?2026l[?2026h[?25l[A[1Gpulling manifest [K
pulling a3de86cd1c13:  96% ▕█████████████████ ▏ 5.0 GB/5.2 GB   11 MB/s     18s[K[?25h[?2026l[?2026h[?25l[A[1Gpulling manifest [K
pulling a3de86cd1c13:  96% ▕█████████████████ ▏ 5.0 GB/5.2 GB   11 MB/s     18s[K[?25h[?2026l[?2026h[?25l[A[1Gpulling manifest [K
pulling a3de86cd1c13:  96% ▕█████████████████ ▏ 5.0 GB/5.2 GB   11 MB/s     18s[K[?25h[?2026l[?2026h[?25l[A[1Gpulling manifest [K
pulling a3de86cd1c13:  96% ▕█████████████████ ▏ 5.0 GB/5.2 GB   11 MB/s     18s[K[?25h[?2026l[?2026h[?25l[A[1Gpulling manifest [K
pulling a3de86cd1c13:  96% ▕█████████████████ ▏ 5.0 GB/5.2 GB   11 MB/s     17s[K[?25h[?2026l[?2026h[?25l[A[1Gpulling manifest [K
pulling a3de86cd1c13:  96% ▕█████████████████ ▏ 5.0 GB/5.2 GB   11 MB/s     17s[K[?25h[?2026l[?2026h[?25l[A[1Gpulling manifest [K
pulling a3de86cd1c13:  96% ▕█████████████████ ▏ 5.0 GB/5.2 GB   11 MB/s     17s[K[?25h[?2026l[?2026h[?25l[A[1Gpulling manifest [K
pulling a3de86cd1c13:  96% ▕█████████████████ ▏ 5.0 GB/5.2 GB   11 MB/s     17s[K[?25h[?2026l[?2026h[?25l[A[1Gpulling manifest [K
pulling a3de86cd1c13:  96% ▕█████████████████ ▏ 5.0 GB/5.2 GB   11 MB/s     17s[K[?25h[?2026l[?2026h[?25l[A[1Gpulling manifest [K
pulling a3de86cd1c13:  96% ▕█████████████████ ▏ 5.0 GB/5.2 GB   11 MB/s     18s[K[?25h[?2026l[?2026h[?25l[A[1Gpulling manifest [K
pulling a3de86cd1c13:  96% ▕█████████████████ ▏ 5.0 GB/5.2 GB   11 MB/s     18s[K[?25h[?2026l[?2026h[?25l[A[1Gpulling manifest [K
pulling a3de86cd1c13:  96% ▕█████████████████ ▏ 5.0 GB/5.2 GB   11 MB/s     18s[K[?25h[?2026l[?2026h[?25l[A[1Gpulling manifest [K
pulling a3de86cd1c13:  96% ▕█████████████████ ▏ 5.0 GB/5.2 GB   11 MB/s     18s[K[?25h[?2026l[?2026h[?25l[A[1Gpulling manifest [K
pulling a3de86cd1c13:  96% ▕█████████████████ ▏ 5.0 GB/5.2 GB   11 MB/s     18s[K[?25h[?2026l[?2026h[?25l[A[1Gpulling manifest [K
pulling a3de86cd1c13:  96% ▕█████████████████ ▏ 5.0 GB/5.2 GB   11 MB/s     18s[K[?25h[?2026l[?2026h[?25l[A[1Gpulling manifest [K
pulling a3de86cd1c13:  96% ▕█████████████████ ▏ 5.0 GB/5.2 GB   11 MB/s     18s[K[?25h[?2026l[?2026h[?25l[A[1Gpulling manifest [K
pulling a3de86cd1c13:  96% ▕█████████████████ ▏ 5.0 GB/5.2 GB   11 MB/s     18s[K[?25h[?2026l[?2026h[?25l[A[1Gpulling manifest [K
pulling a3de86cd1c13:  96% ▕█████████████████ ▏ 5.0 GB/5.2 GB   11 MB/s     18s[K[?25h[?2026l[?2026h[?25l[A[1Gpulling manifest [K
pulling a3de86cd1c13:  96% ▕█████████████████ ▏ 5.0 GB/5.2 GB   11 MB/s     18s[K[?25h[?2026l[?2026h[?25l[A[1Gpulling manifest [K
pulling a3de86cd1c13:  96% ▕█████████████████ ▏ 5.0 GB/5.2 GB   10 MB/s     18s[K[?25h[?2026l[?2026h[?25l[A[1Gpulling manifest [K
pulling a3de86cd1c13:  96% ▕█████████████████ ▏ 5.0 GB/5.2 GB   10 MB/s     18s[K[?25h[?2026l[?2026h[?25l[A[1Gpulling manifest [K
pulling a3de86cd1c13:  96% ▕█████████████████ ▏ 5.0 GB/5.2 GB   10 MB/s     18s[K[?25h[?2026l[?2026h[?25l[A[1Gpulling manifest [K
pulling a3de86cd1c13:  96% ▕█████████████████ ▏ 5.0 GB/5.2 GB   10 MB/s     18s[K[?25h[?2026l[?2026h[?25l[A[1Gpulling manifest [K
pulling a3de86cd1c13:  96% ▕█████████████████ ▏ 5.0 GB/5.2 GB   10 MB/s     18s[K[?25h[?2026l[?2026h[?25l[A[1Gpulling manifest [K
pulling a3de86cd1c13:  96% ▕█████████████████ ▏ 5.0 GB/5.2 GB   10 MB/s     18s[K[?25h[?2026l[?2026h[?25l[A[1Gpulling manifest [K
pulling a3de86cd1c13:  96% ▕█████████████████ ▏ 5.0 GB/5.2 GB   10 MB/s     18s[K[?25h[?2026l[?2026h[?25l[A[1Gpulling manifest [K
pulling a3de86cd1c13:  96% ▕█████████████████ ▏ 5.0 GB/5.2 GB   10 MB/s     18s[K[?25h[?2026l[?2026h[?25l[A[1Gpulling manifest [K
pulling a3de86cd1c13:  96% ▕█████████████████ ▏ 5.0 GB/5.2 GB   10 MB/s     18s[K[?25h[?2026l[?2026h[?25l[A[1Gpulling manifest [K
pulling a3de86cd1c13:  96% ▕█████████████████ ▏ 5.0 GB/5.2 GB   10 MB/s     18s[K[?25h[?2026l[?2026h[?25l[A[1Gpulling manifest [K
pulling a3de86cd1c13:  96% ▕████████████████ ▏ 5.0 GB/5.2 GB  10.0 MB/s     19s[K[?25h[?2026l[?2026h[?25l[A[1Gpulling manifest [K
pulling a3de86cd1c13:  96% ▕████████████████ ▏ 5.0 GB/5.2 GB  10.0 MB/s     19s[K[?25h[?2026l[?2026h[?25l[A[1Gpulling manifest [K
pulling a3de86cd1c13:  96% ▕████████████████ ▏ 5.0 GB/5.2 GB  10.0 MB/s     19s[K[?25h[?2026l[?2026h[?25l[A[1Gpulling manifest [K
pulling a3de86cd1c13:  96% ▕████████████████ ▏ 5.0 GB/5.2 GB  10.0 MB/s     19s[K[?25h[?2026l[?2026h[?25l[A[1Gpulling manifest [K
pulling a3de86cd1c13:  96% ▕████████████████ ▏ 5.0 GB/5.2 GB  10.0 MB/s     19s[K[?25h[?2026l[?2026h[?25l[A[1Gpulling manifest [K
pulling a3de86cd1c13:  96% ▕████████████████ ▏ 5.0 GB/5.2 GB  10.0 MB/s     19s[K[?25h[?2026l[?2026h[?25l[A[1Gpulling manifest [K
pulling a3de86cd1c13:  96% ▕████████████████ ▏ 5.0 GB/5.2 GB  10.0 MB/s     18s[K[?25h[?2026l[?2026h[?25l[A[1Gpulling manifest [K
pulling a3de86cd1c13:  96% ▕████████████████ ▏ 5.0 GB/5.2 GB  10.0 MB/s     18s[K[?25h[?2026l[?2026h[?25l[A[1Gpulling manifest [K
pulling a3de86cd1c13:  96% ▕████████████████ ▏ 5.0 GB/5.2 GB  10.0 MB/s     18s[K[?25h[?2026l[?2026h[?25l[A[1Gpulling manifest [K
pulling a3de86cd1c13:  96% ▕████████████████ ▏ 5.0 GB/5.2 GB  10.0 MB/s     18s[K[?25h[?2026l[?2026h[?25l[A[1Gpulling manifest [K
pulling a3de86cd1c13:  96% ▕████████████████ ▏ 5.0 GB/5.2 GB  10.0 MB/s     18s[K[?25h[?2026l[?2026h[?25l[A[1Gpulling manifest [K
pulling a3de86cd1c13:  96% ▕█████████████████ ▏ 5.0 GB/5.2 GB  9.3 MB/s     19s[K[?25h[?2026l[?2026h[?25l[A[1Gpulling manifest [K
pulling a3de86cd1c13:  96% ▕█████████████████ ▏ 5.0 GB/5.2 GB  9.3 MB/s     19s[K[?25h[?2026l[?2026h[?25l[A[1Gpulling manifest [K
pulling a3de86cd1c13:  96% ▕█████████████████ ▏ 5.0 GB/5.2 GB  9.3 MB/s     19s[K[?25h[?2026l[?2026h[?25l[A[1Gpulling manifest [K
pulling a3de86cd1c13:  96% ▕█████████████████ ▏ 5.0 GB/5.2 GB  9.3 MB/s     19s[K[?25h[?2026l[?2026h[?25l[A[1Gpulling manifest [K
pulling a3de86cd1c13:  97% ▕█████████████████ ▏ 5.0 GB/5.2 GB  9.3 MB/s     19s[K[?25h[?2026l[?2026h[?25l[A[1Gpulling manifest [K
pulling a3de86cd1c13:  97% ▕█████████████████ ▏ 5.0 GB/5.2 GB  9.3 MB/s     19s[K[?25h[?2026l[?2026h[?25l[A[1Gpulling manifest [K
pulling a3de86cd1c13:  97% ▕█████████████████ ▏ 5.0 GB/5.2 GB  9.3 MB/s     19s[K[?25h[?2026l[?2026h[?25l[A[1Gpulling manifest [K
pulling a3de86cd1c13:  97% ▕█████████████████ ▏ 5.0 GB/5.2 GB  9.3 MB/s     19s[K[?25h[?2026l[?2026h[?25l[A[1Gpulling manifest [K
pulling a3de86cd1c13:  97% ▕█████████████████ ▏ 5.0 GB/5.2 GB  9.3 MB/s     19s[K[?25h[?2026l[?2026h[?25l[A[1Gpulling manifest [K
pulling a3de86cd1c13:  97% ▕█████████████████ ▏ 5.0 GB/5.2 GB  9.3 MB/s     19s[K[?25h[?2026l[?2026h[?25l[A[1Gpulling manifest [K
pulling a3de86cd1c13:  97% ▕█████████████████ ▏ 5.0 GB/5.2 GB  8.9 MB/s     19s[K[?25h[?2026l[?2026h[?25l[A[1Gpulling manifest [K
pulling a3de86cd1c13:  97% ▕█████████████████ ▏ 5.0 GB/5.2 GB  8.9 MB/s     19s[K[?25h[?2026l[?2026h[?25l[A[1Gpulling manifest [K
pulling a3de86cd1c13:  97% ▕█████████████████ ▏ 5.0 GB/5.2 GB  8.9 MB/s     19s[K[?25h[?2026l[?2026h[?25l[A[1Gpulling manifest [K
pulling a3de86cd1c13:  97% ▕█████████████████ ▏ 5.1 GB/5.2 GB  8.9 MB/s     19s[K[?25h[?2026l[?2026h[?25l[A[1Gpulling manifest [K
pulling a3de86cd1c13:  97% ▕█████████████████ ▏ 5.1 GB/5.2 GB  8.9 MB/s     19s[K[?25h[?2026l[?2026h[?25l[A[1Gpulling manifest [K
pulling a3de86cd1c13:  97% ▕█████████████████ ▏ 5.1 GB/5.2 GB  8.9 MB/s     19s[K[?25h[?2026l[?2026h[?25l[A[1Gpulling manifest [K
pulling a3de86cd1c13:  97% ▕█████████████████ ▏ 5.1 GB/5.2 GB  8.9 MB/s     19s[K[?25h[?2026l[?2026h[?25l[A[1Gpulling manifest [K
pulling a3de86cd1c13:  97% ▕█████████████████ ▏ 5.1 GB/5.2 GB  8.9 MB/s     19s[K[?25h[?2026l[?2026h[?25l[A[1Gpulling manifest [K
pulling a3de86cd1c13:  97% ▕█████████████████ ▏ 5.1 GB/5.2 GB  8.9 MB/s     19s[K[?25h[?2026l[?2026h[?25l[A[1Gpulling manifest [K
pulling a3de86cd1c13:  97% ▕█████████████████ ▏ 5.1 GB/5.2 GB  8.9 MB/s     19s[K[?25h[?2026l[?2026h[?25l[A[1Gpulling manifest [K
pulling a3de86cd1c13:  97% ▕█████████████████ ▏ 5.1 GB/5.2 GB  8.6 MB/s     19s[K[?25h[?2026l[?2026h[?25l[A[1Gpulling manifest [K
pulling a3de86cd1c13:  97% ▕█████████████████ ▏ 5.1 GB/5.2 GB  8.6 MB/s     19s[K[?25h[?2026l[?2026h[?25l[A[1Gpulling manifest [K
pulling a3de86cd1c13:  97% ▕█████████████████ ▏ 5.1 GB/5.2 GB  8.6 MB/s     19s[K[?25h[?2026l[?2026h[?25l[A[1Gpulling manifest [K
pulling a3de86cd1c13:  97% ▕█████████████████ ▏ 5.1 GB/5.2 GB  8.6 MB/s     19s[K[?25h[?2026l[?2026h[?25l[A[1Gpulling manifest [K
pulling a3de86cd1c13:  97% ▕█████████████████ ▏ 5.1 GB/5.2 GB  8.6 MB/s     19s[K[?25h[?2026l[?2026h[?25l[A[1Gpulling manifest [K
pulling a3de86cd1c13:  97% ▕█████████████████ ▏ 5.1 GB/5.2 GB  8.6 MB/s     19s[K[?25h[?2026l[?2026h[?25l[A[1Gpulling manifest [K
pulling a3de86cd1c13:  97% ▕█████████████████ ▏ 5.1 GB/5.2 GB  8.6 MB/s     19s[K[?25h[?2026l[?2026h[?25l[A[1Gpulling manifest [K
pulling a3de86cd1c13:  97% ▕█████████████████ ▏ 5.1 GB/5.2 GB  8.6 MB/s     19s[K[?25h[?2026l[?2026h[?25l[A[1Gpulling manifest [K
pulling a3de86cd1c13:  97% ▕█████████████████ ▏ 5.1 GB/5.2 GB  8.6 MB/s     19s[K[?25h[?2026l[?2026h[?25l[A[1Gpulling manifest [K
pulling a3de86cd1c13:  97% ▕█████████████████ ▏ 5.1 GB/5.2 GB  8.6 MB/s     19s[K[?25h[?2026l[?2026h[?25l[A[1Gpulling manifest [K
pulling a3de86cd1c13:  97% ▕█████████████████ ▏ 5.1 GB/5.2 GB  8.0 MB/s     20s[K[?25h[?2026l[?2026h[?25l[A[1Gpulling manifest [K
pulling a3de86cd1c13:  97% ▕█████████████████ ▏ 5.1 GB/5.2 GB  8.0 MB/s     20s[K[?25h[?2026l[?2026h[?25l[A[1Gpulling manifest [K
pulling a3de86cd1c13:  97% ▕█████████████████ ▏ 5.1 GB/5.2 GB  8.0 MB/s     20s[K[?25h[?2026l[?2026h[?25l[A[1Gpulling manifest [K
pulling a3de86cd1c13:  97% ▕█████████████████ ▏ 5.1 GB/5.2 GB  8.0 MB/s     20s[K[?25h[?2026l[?2026h[?25l[A[1Gpulling manifest [K
pulling a3de86cd1c13:  97% ▕█████████████████ ▏ 5.1 GB/5.2 GB  8.0 MB/s     20s[K[?25h[?2026l[?2026h[?25l[A[1Gpulling manifest [K
pulling a3de86cd1c13:  97% ▕█████████████████ ▏ 5.1 GB/5.2 GB  8.0 MB/s     20s[K[?25h[?2026l[?2026h[?25l[A[1Gpulling manifest [K
pulling a3de86cd1c13:  97% ▕█████████████████ ▏ 5.1 GB/5.2 GB  8.0 MB/s     19s[K[?25h[?2026l[?2026h[?25l[A[1Gpulling manifest [K
pulling a3de86cd1c13:  97% ▕█████████████████ ▏ 5.1 GB/5.2 GB  8.0 MB/s     19s[K[?25h[?2026l[?2026h[?25l[A[1Gpulling manifest [K
pulling a3de86cd1c13:  97% ▕█████████████████ ▏ 5.1 GB/5.2 GB  8.0 MB/s     19s[K[?25h[?2026l[?2026h[?25l[A[1Gpulling manifest [K
pulling a3de86cd1c13:  97% ▕█████████████████ ▏ 5.1 GB/5.2 GB  8.0 MB/s     19s[K[?25h[?2026l[?2026h[?25l[A[1Gpulling manifest [K
pulling a3de86cd1c13:  97% ▕█████████████████ ▏ 5.1 GB/5.2 GB  7.7 MB/s     20s[K[?25h[?2026l[?2026h[?25l[A[1Gpulling manifest [K
pulling a3de86cd1c13:  97% ▕█████████████████ ▏ 5.1 GB/5.2 GB  7.7 MB/s     20s[K[?25h[?2026l[?2026h[?25l[A[1Gpulling manifest [K
pulling a3de86cd1c13:  97% ▕█████████████████ ▏ 5.1 GB/5.2 GB  7.7 MB/s     20s[K[?25h[?2026l[?2026h[?25l[A[1Gpulling manifest [K
pulling a3de86cd1c13:  97% ▕█████████████████ ▏ 5.1 GB/5.2 GB  7.7 MB/s     20s[K[?25h[?2026l[?2026h[?25l[A[1Gpulling manifest [K
pulling a3de86cd1c13:  97% ▕█████████████████ ▏ 5.1 GB/5.2 GB  7.7 MB/s     20s[K[?25h[?2026l[?2026h[?25l[A[1Gpulling manifest [K
pulling a3de86cd1c13:  97% ▕█████████████████ ▏ 5.1 GB/5.2 GB  7.7 MB/s     20s[K[?25h[?2026l[?2026h[?25l[A[1Gpulling manifest [K
pulling a3de86cd1c13:  97% ▕█████████████████ ▏ 5.1 GB/5.2 GB  7.7 MB/s     19s[K[?25h[?2026l[?2026h[?25l[A[1Gpulling manifest [K
pulling a3de86cd1c13:  97% ▕█████████████████ ▏ 5.1 GB/5.2 GB  7.7 MB/s     19s[K[?25h[?2026l[?2026h[?25l[A[1Gpulling manifest [K
pulling a3de86cd1c13:  97% ▕█████████████████ ▏ 5.1 GB/5.2 GB  7.7 MB/s     19s[K[?25h[?2026l[?2026h[?25l[A[1Gpulling manifest [K
pulling a3de86cd1c13:  97% ▕█████████████████ ▏ 5.1 GB/5.2 GB  7.7 MB/s     19s[K[?25h[?2026l[?2026h[?25l[A[1Gpulling manifest [K
pulling a3de86cd1c13:  97% ▕█████████████████ ▏ 5.1 GB/5.2 GB  7.7 MB/s     19s[K[?25h[?2026l[?2026h[?25l[A[1Gpulling manifest [K
pulling a3de86cd1c13:  97% ▕█████████████████ ▏ 5.1 GB/5.2 GB  7.3 MB/s     20s[K[?25h[?2026l[?2026h[?25l[A[1Gpulling manifest [K
pulling a3de86cd1c13:  97% ▕█████████████████ ▏ 5.1 GB/5.2 GB  7.3 MB/s     20s[K[?25h[?2026l[?2026h[?25l[A[1Gpulling manifest [K
pulling a3de86cd1c13:  97% ▕█████████████████ ▏ 5.1 GB/5.2 GB  7.3 MB/s     20s[K[?25h[?2026l[?2026h[?25l[A[1Gpulling manifest [K
pulling a3de86cd1c13:  97% ▕█████████████████ ▏ 5.1 GB/5.2 GB  7.3 MB/s     20s[K[?25h[?2026l[?2026h[?25l[A[1Gpulling manifest [K
pulling a3de86cd1c13:  97% ▕█████████████████ ▏ 5.1 GB/5.2 GB  7.3 MB/s     20s[K[?25h[?2026l[?2026h[?25l[A[1Gpulling manifest [K
pulling a3de86cd1c13:  97% ▕█████████████████ ▏ 5.1 GB/5.2 GB  7.3 MB/s     20s[K[?25h[?2026l[?2026h[?25l[A[1Gpulling manifest [K
pulling a3de86cd1c13:  97% ▕█████████████████ ▏ 5.1 GB/5.2 GB  7.3 MB/s     20s[K[?25h[?2026l[?2026h[?25l[A[1Gpulling manifest [K
pulling a3de86cd1c13:  97% ▕█████████████████ ▏ 5.1 GB/5.2 GB  7.3 MB/s     20s[K[?25h[?2026l[?2026h[?25l[A[1Gpulling manifest [K
pulling a3de86cd1c13:  97% ▕█████████████████ ▏ 5.1 GB/5.2 GB  7.3 MB/s     20s[K[?25h[?2026l[?2026h[?25l[A[1Gpulling manifest [K
pulling a3de86cd1c13:  97% ▕█████████████████ ▏ 5.1 GB/5.2 GB  7.3 MB/s     20s[K[?25h[?2026l[?2026h[?25l[A[1Gpulling manifest [K
pulling a3de86cd1c13:  97% ▕█████████████████ ▏ 5.1 GB/5.2 GB  7.0 MB/s     20s[K[?25h[?2026l[?2026h[?25l[A[1Gpulling manifest [K
pulling a3de86cd1c13:  97% ▕█████████████████ ▏ 5.1 GB/5.2 GB  7.0 MB/s     20s[K[?25h[?2026l[?2026h[?25l[A[1Gpulling manifest [K
pulling a3de86cd1c13:  97% ▕█████████████████ ▏ 5.1 GB/5.2 GB  7.0 MB/s     20s[K[?25h[?2026l[?2026h[?25l[A[1Gpulling manifest [K
pulling a3de86cd1c13:  97% ▕█████████████████ ▏ 5.1 GB/5.2 GB  7.0 MB/s     20s[K[?25h[?2026l[?2026h[?25l[A[1Gpulling manifest [K
pulling a3de86cd1c13:  97% ▕█████████████████ ▏ 5.1 GB/5.2 GB  7.0 MB/s     20s[K[?25h[?2026l[?2026h[?25l[A[1Gpulling manifest [K
pulling a3de86cd1c13:  97% ▕█████████████████ ▏ 5.1 GB/5.2 GB  7.0 MB/s     20s[K[?25h[?2026l[?2026h[?25l[A[1Gpulling manifest [K
pulling a3de86cd1c13:  97% ▕█████████████████ ▏ 5.1 GB/5.2 GB  7.0 MB/s     20s[K[?25h[?2026l[?2026h[?25l[A[1Gpulling manifest [K
pulling a3de86cd1c13:  97% ▕█████████████████ ▏ 5.1 GB/5.2 GB  7.0 MB/s     20s[K[?25h[?2026l[?2026h[?25l[A[1Gpulling manifest [K
pulling a3de86cd1c13:  97% ▕█████████████████ ▏ 5.1 GB/5.2 GB  7.0 MB/s     20s[K[?25h[?2026l[?2026h[?25l[A[1Gpulling manifest [K
pulling a3de86cd1c13:  97% ▕█████████████████ ▏ 5.1 GB/5.2 GB  7.0 MB/s     19s[K[?25h[?2026l[?2026h[?25l[A[1Gpulling manifest [K
pulling a3de86cd1c13:  97% ▕█████████████████ ▏ 5.1 GB/5.2 GB  6.8 MB/s     20s[K[?25h[?2026l[?2026h[?25l[A[1Gpulling manifest [K
pulling a3de86cd1c13:  97% ▕█████████████████ ▏ 5.1 GB/5.2 GB  6.8 MB/s     20s[K[?25h[?2026l[?2026h[?25l[A[1Gpulling manifest [K
pulling a3de86cd1c13:  97% ▕█████████████████ ▏ 5.1 GB/5.2 GB  6.8 MB/s     20s[K[?25h[?2026l[?2026h[?25l[A[1Gpulling manifest [K
pulling a3de86cd1c13:  97% ▕█████████████████ ▏ 5.1 GB/5.2 GB  6.8 MB/s     20s[K[?25h[?2026l[?2026h[?25l[A[1Gpulling manifest [K
pulling a3de86cd1c13:  97% ▕█████████████████ ▏ 5.1 GB/5.2 GB  6.8 MB/s     20s[K[?25h[?2026l[?2026h[?25l[A[1Gpulling manifest [K
pulling a3de86cd1c13:  97% ▕█████████████████ ▏ 5.1 GB/5.2 GB  6.8 MB/s     20s[K[?25h[?2026l[?2026h[?25l[A[1Gpulling manifest [K
pulling a3de86cd1c13:  97% ▕█████████████████ ▏ 5.1 GB/5.2 GB  6.8 MB/s     20s[K[?25h[?2026l[?2026h[?25l[A[1Gpulling manifest [K
pulling a3de86cd1c13:  97% ▕█████████████████ ▏ 5.1 GB/5.2 GB  6.8 MB/s     20s[K[?25h[?2026l[?2026h[?25l[A[1Gpulling manifest [K
pulling a3de86cd1c13:  97% ▕█████████████████ ▏ 5.1 GB/5.2 GB  6.8 MB/s     20s[K[?25h[?2026l[?2026h[?25l[A[1Gpulling manifest [K
pulling a3de86cd1c13:  97% ▕█████████████████ ▏ 5.1 GB/5.2 GB  6.8 MB/s     20s[K[?25h[?2026l[?2026h[?25l[A[1Gpulling manifest [K
pulling a3de86cd1c13:  97% ▕█████████████████ ▏ 5.1 GB/5.2 GB  6.5 MB/s     20s[K[?25h[?2026l[?2026h[?25l[A[1Gpulling manifest [K
pulling a3de86cd1c13:  97% ▕█████████████████ ▏ 5.1 GB/5.2 GB  6.5 MB/s     20s[K[?25h[?2026l[?2026h[?25l[A[1Gpulling manifest [K
pulling a3de86cd1c13:  97% ▕█████████████████ ▏ 5.1 GB/5.2 GB  6.5 MB/s     20s[K[?25h[?2026l[?2026h[?25l[A[1Gpulling manifest [K
pulling a3de86cd1c13:  97% ▕█████████████████ ▏ 5.1 GB/5.2 GB  6.5 MB/s     20s[K[?25h[?2026l[?2026h[?25l[A[1Gpulling manifest [K
pulling a3de86cd1c13:  97% ▕█████████████████ ▏ 5.1 GB/5.2 GB  6.5 MB/s     20s[K[?25h[?2026l[?2026h[?25l[A[1Gpulling manifest [K
pulling a3de86cd1c13:  97% ▕█████████████████ ▏ 5.1 GB/5.2 GB  6.5 MB/s     20s[K[?25h[?2026l[?2026h[?25l[A[1Gpulling manifest [K
pulling a3de86cd1c13:  97% ▕█████████████████ ▏ 5.1 GB/5.2 GB  6.5 MB/s     20s[K[?25h[?2026l[?2026h[?25l[A[1Gpulling manifest [K
pulling a3de86cd1c13:  97% ▕█████████████████ ▏ 5.1 GB/5.2 GB  6.5 MB/s     20s[K[?25h[?2026l[?2026h[?25l[A[1Gpulling manifest [K
pulling a3de86cd1c13:  97% ▕█████████████████ ▏ 5.1 GB/5.2 GB  6.5 MB/s     20s[K[?25h[?2026l[?2026h[?25l[A[1Gpulling manifest [K
pulling a3de86cd1c13:  97% ▕█████████████████ ▏ 5.1 GB/5.2 GB  6.5 MB/s     20s[K[?25h[?2026l[?2026h[?25l[A[1Gpulling manifest [K
pulling a3de86cd1c13:  97% ▕█████████████████ ▏ 5.1 GB/5.2 GB  6.2 MB/s     21s[K[?25h[?2026l[?2026h[?25l[A[1Gpulling manifest [K
pulling a3de86cd1c13:  98% ▕█████████████████ ▏ 5.1 GB/5.2 GB  6.2 MB/s     21s[K[?25h[?2026l[?2026h[?25l[A[1Gpulling manifest [K
pulling a3de86cd1c13:  98% ▕█████████████████ ▏ 5.1 GB/5.2 GB  6.2 MB/s     21s[K[?25h[?2026l[?2026h[?25l[A[1Gpulling manifest [K
pulling a3de86cd1c13:  98% ▕█████████████████ ▏ 5.1 GB/5.2 GB  6.2 MB/s     21s[K[?25h[?2026l[?2026h[?25l[A[1Gpulling manifest [K
pulling a3de86cd1c13:  98% ▕█████████████████ ▏ 5.1 GB/5.2 GB  6.2 MB/s     20s[K[?25h[?2026l[?2026h[?25l[A[1Gpulling manifest [K
pulling a3de86cd1c13:  98% ▕█████████████████ ▏ 5.1 GB/5.2 GB  6.2 MB/s     20s[K[?25h[?2026l[?2026h[?25l[A[1Gpulling manifest [K
pulling a3de86cd1c13:  98% ▕█████████████████ ▏ 5.1 GB/5.2 GB  6.2 MB/s     20s[K[?25h[?2026l[?2026h[?25l[A[1Gpulling manifest [K
pulling a3de86cd1c13:  98% ▕█████████████████ ▏ 5.1 GB/5.2 GB  6.2 MB/s     20s[K[?25h[?2026l[?2026h[?25l[A[1Gpulling manifest [K
pulling a3de86cd1c13:  98% ▕█████████████████ ▏ 5.1 GB/5.2 GB  6.2 MB/s     20s[K[?25h[?2026l[?2026h[?25l[A[1Gpulling manifest [K
pulling a3de86cd1c13:  98% ▕█████████████████ ▏ 5.1 GB/5.2 GB  6.2 MB/s     20s[K[?25h[?2026l[?2026h[?25l[A[1Gpulling manifest [K
pulling a3de86cd1c13:  98% ▕█████████████████ ▏ 5.1 GB/5.2 GB  6.2 MB/s     20s[K[?25h[?2026l[?2026h[?25l[A[1Gpulling manifest [K
pulling a3de86cd1c13:  98% ▕█████████████████ ▏ 5.1 GB/5.2 GB  5.7 MB/s     22s[K[?25h[?2026l[?2026h[?25l[A[1Gpulling manifest [K
pulling a3de86cd1c13:  98% ▕█████████████████ ▏ 5.1 GB/5.2 GB  5.7 MB/s     22s[K[?25h[?2026l[?2026h[?25l[A[1Gpulling manifest [K
pulling a3de86cd1c13:  98% ▕█████████████████ ▏ 5.1 GB/5.2 GB  5.7 MB/s     22s[K[?25h[?2026l[?2026h[?25l[A[1Gpulling manifest [K
pulling a3de86cd1c13:  98% ▕█████████████████ ▏ 5.1 GB/5.2 GB  5.7 MB/s     22s[K[?25h[?2026l[?2026h[?25l[A[1Gpulling manifest [K
pulling a3de86cd1c13:  98% ▕█████████████████ ▏ 5.1 GB/5.2 GB  5.7 MB/s     21s[K[?25h[?2026l[?2026h[?25l[A[1Gpulling manifest [K
pulling a3de86cd1c13:  98% ▕█████████████████ ▏ 5.1 GB/5.2 GB  5.7 MB/s     21s[K[?25h[?2026l[?2026h[?25l[A[1Gpulling manifest [K
pulling a3de86cd1c13:  98% ▕█████████████████ ▏ 5.1 GB/5.2 GB  5.7 MB/s     21s[K[?25h[?2026l[?2026h[?25l[A[1Gpulling manifest [K
pulling a3de86cd1c13:  98% ▕█████████████████ ▏ 5.1 GB/5.2 GB  5.7 MB/s     21s[K[?25h[?2026l[?2026h[?25l[A[1Gpulling manifest [K
pulling a3de86cd1c13:  98% ▕█████████████████ ▏ 5.1 GB/5.2 GB  5.7 MB/s     21s[K[?25h[?2026l[?2026h[?25l[A[1Gpulling manifest [K
pulling a3de86cd1c13:  98% ▕█████████████████ ▏ 5.1 GB/5.2 GB  5.7 MB/s     21s[K[?25h[?2026l[?2026h[?25l[A[1Gpulling manifest [K
pulling a3de86cd1c13:  98% ▕█████████████████ ▏ 5.1 GB/5.2 GB  5.3 MB/s     23s[K[?25h[?2026l[?2026h[?25l[A[1Gpulling manifest [K
pulling a3de86cd1c13:  98% ▕█████████████████ ▏ 5.1 GB/5.2 GB  5.3 MB/s     23s[K[?25h[?2026l[?2026h[?25l[A[1Gpulling manifest [K
pulling a3de86cd1c13:  98% ▕█████████████████ ▏ 5.1 GB/5.2 GB  5.3 MB/s     23s[K[?25h[?2026l[?2026h[?25l[A[1Gpulling manifest [K
pulling a3de86cd1c13:  98% ▕█████████████████ ▏ 5.1 GB/5.2 GB  5.3 MB/s     22s[K[?25h[?2026l[?2026h[?25l[A[1Gpulling manifest [K
pulling a3de86cd1c13:  98% ▕█████████████████ ▏ 5.1 GB/5.2 GB  5.3 MB/s     22s[K[?25h[?2026l[?2026h[?25l[A[1Gpulling manifest [K
pulling a3de86cd1c13:  98% ▕█████████████████ ▏ 5.1 GB/5.2 GB  5.3 MB/s     22s[K[?25h[?2026l[?2026h[?25l[A[1Gpulling manifest [K
pulling a3de86cd1c13:  98% ▕█████████████████ ▏ 5.1 GB/5.2 GB  5.3 MB/s     22s[K[?25h[?2026l[?2026h[?25l[A[1Gpulling manifest [K
pulling a3de86cd1c13:  98% ▕█████████████████ ▏ 5.1 GB/5.2 GB  5.3 MB/s     22s[K[?25h[?2026l[?2026h[?25l[A[1Gpulling manifest [K
pulling a3de86cd1c13:  98% ▕█████████████████ ▏ 5.1 GB/5.2 GB  5.3 MB/s     22s[K[?25h[?2026l[?2026h[?25l[A[1Gpulling manifest [K
pulling a3de86cd1c13:  98% ▕█████████████████ ▏ 5.1 GB/5.2 GB  5.3 MB/s     22s[K[?25h[?2026l[?2026h[?25l[A[1Gpulling manifest [K
pulling a3de86cd1c13:  98% ▕█████████████████ ▏ 5.1 GB/5.2 GB  5.1 MB/s     23s[K[?25h[?2026l[?2026h[?25l[A[1Gpulling manifest [K
pulling a3de86cd1c13:  98% ▕█████████████████ ▏ 5.1 GB/5.2 GB  5.1 MB/s     23s[K[?25h[?2026l[?2026h[?25l[A[1Gpulling manifest [K
pulling a3de86cd1c13:  98% ▕█████████████████ ▏ 5.1 GB/5.2 GB  5.1 MB/s     22s[K[?25h[?2026l[?2026h[?25l[A[1Gpulling manifest [K
pulling a3de86cd1c13:  98% ▕█████████████████ ▏ 5.1 GB/5.2 GB  5.1 MB/s     22s[K[?25h[?2026l[?2026h[?25l[A[1Gpulling manifest [K
pulling a3de86cd1c13:  98% ▕█████████████████ ▏ 5.1 GB/5.2 GB  5.1 MB/s     22s[K[?25h[?2026l[?2026h[?25l[A[1Gpulling manifest [K
pulling a3de86cd1c13:  98% ▕█████████████████ ▏ 5.1 GB/5.2 GB  5.1 MB/s     22s[K[?25h[?2026l[?2026h[?25l[A[1Gpulling manifest [K
pulling a3de86cd1c13:  98% ▕█████████████████ ▏ 5.1 GB/5.2 GB  5.1 MB/s     22s[K[?25h[?2026l[?2026h[?25l[A[1Gpulling manifest [K
pulling a3de86cd1c13:  98% ▕█████████████████ ▏ 5.1 GB/5.2 GB  5.1 MB/s     22s[K[?25h[?2026l[?2026h[?25l[A[1Gpulling manifest [K
pulling a3de86cd1c13:  98% ▕█████████████████ ▏ 5.1 GB/5.2 GB  5.1 MB/s     22s[K[?25h[?2026l[?2026h[?25l[A[1Gpulling manifest [K
pulling a3de86cd1c13:  98% ▕█████████████████ ▏ 5.1 GB/5.2 GB  5.1 MB/s     22s[K[?25h[?2026l[?2026h[?25l[A[1Gpulling manifest [K
pulling a3de86cd1c13:  98% ▕█████████████████ ▏ 5.1 GB/5.2 GB  4.9 MB/s     23s[K[?25h[?2026l[?2026h[?25l[A[1Gpulling manifest [K
pulling a3de86cd1c13:  98% ▕█████████████████ ▏ 5.1 GB/5.2 GB  4.9 MB/s     23s[K[?25h[?2026l[?2026h[?25l[A[1Gpulling manifest [K
pulling a3de86cd1c13:  98% ▕█████████████████ ▏ 5.1 GB/5.2 GB  4.9 MB/s     23s[K[?25h[?2026l[?2026h[?25l[A[1Gpulling manifest [K
pulling a3de86cd1c13:  98% ▕█████████████████ ▏ 5.1 GB/5.2 GB  4.9 MB/s     22s[K[?25h[?2026l[?2026h[?25l[A[1Gpulling manifest [K
pulling a3de86cd1c13:  98% ▕█████████████████ ▏ 5.1 GB/5.2 GB  4.9 MB/s     22s[K[?25h[?2026l[?2026h[?25l[A[1Gpulling manifest [K
pulling a3de86cd1c13:  98% ▕█████████████████ ▏ 5.1 GB/5.2 GB  4.9 MB/s     22s[K[?25h[?2026l[?2026h[?25l[A[1Gpulling manifest [K
pulling a3de86cd1c13:  98% ▕█████████████████ ▏ 5.1 GB/5.2 GB  4.9 MB/s     22s[K[?25h[?2026l[?2026h[?25l[A[1Gpulling manifest [K
pulling a3de86cd1c13:  98% ▕█████████████████ ▏ 5.1 GB/5.2 GB  4.9 MB/s     22s[K[?25h[?2026l[?2026h[?25l[A[1Gpulling manifest [K
pulling a3de86cd1c13:  98% ▕█████████████████ ▏ 5.1 GB/5.2 GB  4.9 MB/s     22s[K[?25h[?2026l[?2026h[?25l[A[1Gpulling manifest [K
pulling a3de86cd1c13:  98% ▕█████████████████ ▏ 5.1 GB/5.2 GB  4.9 MB/s     22s[K[?25h[?2026l[?2026h[?25l[A[1Gpulling manifest [K
pulling a3de86cd1c13:  98% ▕█████████████████ ▏ 5.1 GB/5.2 GB  4.7 MB/s     23s[K[?25h[?2026l[?2026h[?25l[A[1Gpulling manifest [K
pulling a3de86cd1c13:  98% ▕█████████████████ ▏ 5.1 GB/5.2 GB  4.7 MB/s     23s[K[?25h[?2026l[?2026h[?25l[A[1Gpulling manifest [K
pulling a3de86cd1c13:  98% ▕█████████████████ ▏ 5.1 GB/5.2 GB  4.7 MB/s     23s[K[?25h[?2026l[?2026h[?25l[A[1Gpulling manifest [K
pulling a3de86cd1c13:  98% ▕█████████████████ ▏ 5.1 GB/5.2 GB  4.7 MB/s     22s[K[?25h[?2026l[?2026h[?25l[A[1Gpulling manifest [K
pulling a3de86cd1c13:  98% ▕█████████████████ ▏ 5.1 GB/5.2 GB  4.7 MB/s     22s[K[?25h[?2026l[?2026h[?25l[A[1Gpulling manifest [K
pulling a3de86cd1c13:  98% ▕█████████████████ ▏ 5.1 GB/5.2 GB  4.7 MB/s     22s[K[?25h[?2026l[?2026h[?25l[A[1Gpulling manifest [K
pulling a3de86cd1c13:  98% ▕█████████████████ ▏ 5.1 GB/5.2 GB  4.7 MB/s     22s[K[?25h[?2026l[?2026h[?25l[A[1Gpulling manifest [K
pulling a3de86cd1c13:  98% ▕█████████████████ ▏ 5.1 GB/5.2 GB  4.7 MB/s     22s[K[?25h[?2026l[?2026h[?25l[A[1Gpulling manifest [K
pulling a3de86cd1c13:  98% ▕█████████████████ ▏ 5.1 GB/5.2 GB  4.7 MB/s     22s[K[?25h[?2026l[?2026h[?25l[A[1Gpulling manifest [K
pulling a3de86cd1c13:  98% ▕█████████████████ ▏ 5.1 GB/5.2 GB  4.7 MB/s     22s[K[?25h[?2026l[?2026h[?25l[A[1Gpulling manifest [K
pulling a3de86cd1c13:  98% ▕█████████████████ ▏ 5.1 GB/5.2 GB  4.7 MB/s     22s[K[?25h[?2026l[?2026h[?25l[A[1Gpulling manifest [K
pulling a3de86cd1c13:  98% ▕█████████████████ ▏ 5.1 GB/5.2 GB  4.6 MB/s     22s[K[?25h[?2026l[?2026h[?25l[A[1Gpulling manifest [K
pulling a3de86cd1c13:  98% ▕█████████████████ ▏ 5.1 GB/5.2 GB  4.6 MB/s     22s[K[?25h[?2026l[?2026h[?25l[A[1Gpulling manifest [K
pulling a3de86cd1c13:  98% ▕█████████████████ ▏ 5.1 GB/5.2 GB  4.6 MB/s     22s[K[?25h[?2026l[?2026h[?25l[A[1Gpulling manifest [K
pulling a3de86cd1c13:  98% ▕█████████████████ ▏ 5.1 GB/5.2 GB  4.6 MB/s     22s[K[?25h[?2026l[?2026h[?25l[A[1Gpulling manifest [K
pulling a3de86cd1c13:  98% ▕█████████████████ ▏ 5.1 GB/5.2 GB  4.6 MB/s     22s[K[?25h[?2026l[?2026h[?25l[A[1Gpulling manifest [K
pulling a3de86cd1c13:  98% ▕█████████████████ ▏ 5.1 GB/5.2 GB  4.6 MB/s     22s[K[?25h[?2026l[?2026h[?25l[A[1Gpulling manifest [K
pulling a3de86cd1c13:  98% ▕█████████████████ ▏ 5.1 GB/5.2 GB  4.6 MB/s     22s[K[?25h[?2026l[?2026h[?25l[A[1Gpulling manifest [K
pulling a3de86cd1c13:  98% ▕█████████████████ ▏ 5.1 GB/5.2 GB  4.6 MB/s     22s[K[?25h[?2026l[?2026h[?25l[A[1Gpulling manifest [K
pulling a3de86cd1c13:  98% ▕█████████████████ ▏ 5.1 GB/5.2 GB  4.6 MB/s     22s[K[?25h[?2026l[?2026h[?25l[A[1Gpulling manifest [K
pulling a3de86cd1c13:  98% ▕█████████████████ ▏ 5.1 GB/5.2 GB  4.6 MB/s     21s[K[?25h[?2026l[?2026h[?25l[A[1Gpulling manifest [K
pulling a3de86cd1c13:  98% ▕█████████████████ ▏ 5.1 GB/5.2 GB  4.3 MB/s     23s[K[?25h[?2026l[?2026h[?25l[A[1Gpulling manifest [K
pulling a3de86cd1c13:  98% ▕█████████████████ ▏ 5.1 GB/5.2 GB  4.3 MB/s     23s[K[?25h[?2026l[?2026h[?25l[A[1Gpulling manifest [K
pulling a3de86cd1c13:  98% ▕█████████████████ ▏ 5.1 GB/5.2 GB  4.3 MB/s     23s[K[?25h[?2026l[?2026h[?25l[A[1Gpulling manifest [K
pulling a3de86cd1c13:  98% ▕█████████████████ ▏ 5.1 GB/5.2 GB  4.3 MB/s     23s[K[?25h[?2026l[?2026h[?25l[A[1Gpulling manifest [K
pulling a3de86cd1c13:  98% ▕█████████████████ ▏ 5.1 GB/5.2 GB  4.3 MB/s     23s[K[?25h[?2026l[?2026h[?25l[A[1Gpulling manifest [K
pulling a3de86cd1c13:  98% ▕█████████████████ ▏ 5.1 GB/5.2 GB  4.3 MB/s     23s[K[?25h[?2026l[?2026h[?25l[A[1Gpulling manifest [K
pulling a3de86cd1c13:  98% ▕█████████████████ ▏ 5.1 GB/5.2 GB  4.3 MB/s     22s[K[?25h[?2026l[?2026h[?25l[A[1Gpulling manifest [K
pulling a3de86cd1c13:  98% ▕█████████████████ ▏ 5.1 GB/5.2 GB  4.3 MB/s     22s[K[?25h[?2026l[?2026h[?25l[A[1Gpulling manifest [K
pulling a3de86cd1c13:  98% ▕█████████████████ ▏ 5.1 GB/5.2 GB  4.3 MB/s     22s[K[?25h[?2026l[?2026h[?25l[A[1Gpulling manifest [K
pulling a3de86cd1c13:  98% ▕█████████████████ ▏ 5.1 GB/5.2 GB  4.3 MB/s     22s[K[?25h[?2026l[?2026h[?25l[A[1Gpulling manifest [K
pulling a3de86cd1c13:  98% ▕█████████████████ ▏ 5.1 GB/5.2 GB  4.2 MB/s     23s[K[?25h[?2026l[?2026h[?25l[A[1Gpulling manifest [K
pulling a3de86cd1c13:  98% ▕█████████████████ ▏ 5.1 GB/5.2 GB  4.2 MB/s     23s[K[?25h[?2026l[?2026h[?25l[A[1Gpulling manifest [K
pulling a3de86cd1c13:  98% ▕█████████████████ ▏ 5.1 GB/5.2 GB  4.2 MB/s     23s[K[?25h[?2026l[?2026h[?25l[A[1Gpulling manifest [K
pulling a3de86cd1c13:  98% ▕█████████████████ ▏ 5.1 GB/5.2 GB  4.2 MB/s     23s[K[?25h[?2026l[?2026h[?25l[A[1Gpulling manifest [K
pulling a3de86cd1c13:  98% ▕█████████████████ ▏ 5.1 GB/5.2 GB  4.2 MB/s     22s[K[?25h[?2026l[?2026h[?25l[A[1Gpulling manifest [K
pulling a3de86cd1c13:  98% ▕█████████████████ ▏ 5.1 GB/5.2 GB  4.2 MB/s     22s[K[?25h[?2026l[?2026h[?25l[A[1Gpulling manifest [K
pulling a3de86cd1c13:  98% ▕█████████████████ ▏ 5.1 GB/5.2 GB  4.2 MB/s     22s[K[?25h[?2026l[?2026h[?25l[A[1Gpulling manifest [K
pulling a3de86cd1c13:  98% ▕█████████████████ ▏ 5.1 GB/5.2 GB  4.2 MB/s     22s[K[?25h[?2026l[?2026h[?25l[A[1Gpulling manifest [K
pulling a3de86cd1c13:  98% ▕█████████████████ ▏ 5.1 GB/5.2 GB  4.2 MB/s     22s[K[?25h[?2026l[?2026h[?25l[A[1Gpulling manifest [K
pulling a3de86cd1c13:  98% ▕█████████████████ ▏ 5.1 GB/5.2 GB  4.2 MB/s     22s[K[?25h[?2026l[?2026h[?25l[A[1Gpulling manifest [K
pulling a3de86cd1c13:  98% ▕█████████████████ ▏ 5.1 GB/5.2 GB  4.1 MB/s     22s[K[?25h[?2026l[?2026h[?25l[A[1Gpulling manifest [K
pulling a3de86cd1c13:  98% ▕█████████████████ ▏ 5.1 GB/5.2 GB  4.1 MB/s     22s[K[?25h[?2026l[?2026h[?25l[A[1Gpulling manifest [K
pulling a3de86cd1c13:  98% ▕█████████████████ ▏ 5.1 GB/5.2 GB  4.1 MB/s     22s[K[?25h[?2026l[?2026h[?25l[A[1Gpulling manifest [K
pulling a3de86cd1c13:  98% ▕█████████████████ ▏ 5.1 GB/5.2 GB  4.1 MB/s     22s[K[?25h[?2026l[?2026h[?25l[A[1Gpulling manifest [K
pulling a3de86cd1c13:  98% ▕█████████████████ ▏ 5.1 GB/5.2 GB  4.1 MB/s     22s[K[?25h[?2026l[?2026h[?25l[A[1Gpulling manifest [K
pulling a3de86cd1c13:  98% ▕█████████████████ ▏ 5.1 GB/5.2 GB  4.1 MB/s     22s[K[?25h[?2026l[?2026h[?25l[A[1Gpulling manifest [K
pulling a3de86cd1c13:  98% ▕█████████████████ ▏ 5.1 GB/5.2 GB  4.1 MB/s     22s[K[?25h[?2026l[?2026h[?25l[A[1Gpulling manifest [K
pulling a3de86cd1c13:  98% ▕█████████████████ ▏ 5.1 GB/5.2 GB  4.1 MB/s     22s[K[?25h[?2026l[?2026h[?25l[A[1Gpulling manifest [K
pulling a3de86cd1c13:  98% ▕█████████████████ ▏ 5.1 GB/5.2 GB  4.1 MB/s     21s[K[?25h[?2026l[?2026h[?25l[A[1Gpulling manifest [K
pulling a3de86cd1c13:  98% ▕█████████████████ ▏ 5.1 GB/5.2 GB  4.1 MB/s     21s[K[?25h[?2026l[?2026h[?25l[A[1Gpulling manifest [K
pulling a3de86cd1c13:  98% ▕█████████████████ ▏ 5.1 GB/5.2 GB  4.1 MB/s     22s[K[?25h[?2026l[?2026h[?25l[A[1Gpulling manifest [K
pulling a3de86cd1c13:  98% ▕█████████████████ ▏ 5.1 GB/5.2 GB  4.1 MB/s     22s[K[?25h[?2026l[?2026h[?25l[A[1Gpulling manifest [K
pulling a3de86cd1c13:  98% ▕█████████████████ ▏ 5.1 GB/5.2 GB  4.1 MB/s     22s[K[?25h[?2026l[?2026h[?25l[A[1Gpulling manifest [K
pulling a3de86cd1c13:  98% ▕█████████████████ ▏ 5.1 GB/5.2 GB  4.1 MB/s     21s[K[?25h[?2026l[?2026h[?25l[A[1Gpulling manifest [K
pulling a3de86cd1c13:  98% ▕█████████████████ ▏ 5.1 GB/5.2 GB  4.1 MB/s     21s[K[?25h[?2026l[?2026h[?25l[A[1Gpulling manifest [K
pulling a3de86cd1c13:  98% ▕█████████████████ ▏ 5.1 GB/5.2 GB  4.1 MB/s     21s[K[?25h[?2026l[?2026h[?25l[A[1Gpulling manifest [K
pulling a3de86cd1c13:  98% ▕█████████████████ ▏ 5.1 GB/5.2 GB  4.1 MB/s     21s[K[?25h[?2026l[?2026h[?25l[A[1Gpulling manifest [K
pulling a3de86cd1c13:  98% ▕█████████████████ ▏ 5.1 GB/5.2 GB  4.1 MB/s     21s[K[?25h[?2026l[?2026h[?25l[A[1Gpulling manifest [K
pulling a3de86cd1c13:  98% ▕█████████████████ ▏ 5.1 GB/5.2 GB  4.1 MB/s     21s[K[?25h[?2026l[?2026h[?25l[A[1Gpulling manifest [K
pulling a3de86cd1c13:  98% ▕█████████████████ ▏ 5.1 GB/5.2 GB  4.1 MB/s     21s[K[?25h[?2026l[?2026h[?25l[A[1Gpulling manifest [K
pulling a3de86cd1c13:  98% ▕█████████████████ ▏ 5.1 GB/5.2 GB  4.1 MB/s     21s[K[?25h[?2026l[?2026h[?25l[A[1Gpulling manifest [K
pulling a3de86cd1c13:  98% ▕█████████████████ ▏ 5.1 GB/5.2 GB  3.9 MB/s     22s[K[?25h[?2026l[?2026h[?25l[A[1Gpulling manifest [K
pulling a3de86cd1c13:  98% ▕█████████████████ ▏ 5.1 GB/5.2 GB  3.9 MB/s     22s[K[?25h[?2026l[?2026h[?25l[A[1Gpulling manifest [K
pulling a3de86cd1c13:  98% ▕█████████████████ ▏ 5.1 GB/5.2 GB  3.9 MB/s     22s[K[?25h[?2026l[?2026h[?25l[A[1Gpulling manifest [K
pulling a3de86cd1c13:  98% ▕█████████████████ ▏ 5.1 GB/5.2 GB  3.9 MB/s     21s[K[?25h[?2026l[?2026h[?25l[A[1Gpulling manifest [K
pulling a3de86cd1c13:  98% ▕█████████████████ ▏ 5.1 GB/5.2 GB  3.9 MB/s     21s[K[?25h[?2026l[?2026h[?25l[A[1Gpulling manifest [K
pulling a3de86cd1c13:  98% ▕█████████████████ ▏ 5.1 GB/5.2 GB  3.9 MB/s     21s[K[?25h[?2026l[?2026h[?25l[A[1Gpulling manifest [K
pulling a3de86cd1c13:  98% ▕█████████████████ ▏ 5.1 GB/5.2 GB  3.9 MB/s     21s[K[?25h[?2026l[?2026h[?25l[A[1Gpulling manifest [K
pulling a3de86cd1c13:  98% ▕█████████████████ ▏ 5.1 GB/5.2 GB  3.9 MB/s     21s[K[?25h[?2026l[?2026h[?25l[A[1Gpulling manifest [K
pulling a3de86cd1c13:  98% ▕█████████████████ ▏ 5.1 GB/5.2 GB  3.9 MB/s     21s[K[?25h[?2026l[?2026h[?25l[A[1Gpulling manifest [K
pulling a3de86cd1c13:  98% ▕█████████████████ ▏ 5.1 GB/5.2 GB  3.9 MB/s     21s[K[?25h[?2026l[?2026h[?25l[A[1Gpulling manifest [K
pulling a3de86cd1c13:  98% ▕█████████████████ ▏ 5.1 GB/5.2 GB  3.7 MB/s     22s[K[?25h[?2026l[?2026h[?25l[A[1Gpulling manifest [K
pulling a3de86cd1c13:  98% ▕█████████████████ ▏ 5.1 GB/5.2 GB  3.7 MB/s     22s[K[?25h[?2026l[?2026h[?25l[A[1Gpulling manifest [K
pulling a3de86cd1c13:  98% ▕█████████████████ ▏ 5.1 GB/5.2 GB  3.7 MB/s     22s[K[?25h[?2026l[?2026h[?25l[A[1Gpulling manifest [K
pulling a3de86cd1c13:  98% ▕█████████████████ ▏ 5.1 GB/5.2 GB  3.7 MB/s     22s[K[?25h[?2026l[?2026h[?25l[A[1Gpulling manifest [K
pulling a3de86cd1c13:  98% ▕█████████████████ ▏ 5.1 GB/5.2 GB  3.7 MB/s     22s[K[?25h[?2026l[?2026h[?25l[A[1Gpulling manifest [K
pulling a3de86cd1c13:  98% ▕█████████████████ ▏ 5.1 GB/5.2 GB  3.7 MB/s     22s[K[?25h[?2026l[?2026h[?25l[A[1Gpulling manifest [K
pulling a3de86cd1c13:  98% ▕█████████████████ ▏ 5.1 GB/5.2 GB  3.7 MB/s     22s[K[?25h[?2026l[?2026h[?25l[A[1Gpulling manifest [K
pulling a3de86cd1c13:  98% ▕█████████████████ ▏ 5.1 GB/5.2 GB  3.7 MB/s     22s[K[?25h[?2026l[?2026h[?25l[A[1Gpulling manifest [K
pulling a3de86cd1c13:  98% ▕█████████████████ ▏ 5.1 GB/5.2 GB  3.7 MB/s     22s[K[?25h[?2026l[?2026h[?25l[A[1Gpulling manifest [K
pulling a3de86cd1c13:  98% ▕█████████████████ ▏ 5.1 GB/5.2 GB  3.7 MB/s     21s[K[?25h[?2026l[?2026h[?25l[A[1Gpulling manifest [K
pulling a3de86cd1c13:  98% ▕█████████████████ ▏ 5.1 GB/5.2 GB  3.5 MB/s     23s[K[?25h[?2026l[?2026h[?25l[A[1Gpulling manifest [K
pulling a3de86cd1c13:  98% ▕█████████████████ ▏ 5.1 GB/5.2 GB  3.5 MB/s     23s[K[?25h[?2026l[?2026h[?25l[A[1Gpulling manifest [K
pulling a3de86cd1c13:  98% ▕█████████████████ ▏ 5.1 GB/5.2 GB  3.5 MB/s     23s[K[?25h[?2026l[?2026h[?25l[A[1Gpulling manifest [K
pulling a3de86cd1c13:  98% ▕█████████████████ ▏ 5.1 GB/5.2 GB  3.5 MB/s     23s[K[?25h[?2026l[?2026h[?25l[A[1Gpulling manifest [K
pulling a3de86cd1c13:  98% ▕█████████████████ ▏ 5.1 GB/5.2 GB  3.5 MB/s     23s[K[?25h[?2026l[?2026h[?25l[A[1Gpulling manifest [K
pulling a3de86cd1c13:  98% ▕█████████████████ ▏ 5.1 GB/5.2 GB  3.5 MB/s     23s[K[?25h[?2026l[?2026h[?25l[A[1Gpulling manifest [K
pulling a3de86cd1c13:  98% ▕█████████████████ ▏ 5.1 GB/5.2 GB  3.5 MB/s     23s[K[?25h[?2026l[?2026h[?25l[A[1Gpulling manifest [K
pulling a3de86cd1c13:  98% ▕█████████████████ ▏ 5.1 GB/5.2 GB  3.5 MB/s     22s[K[?25h[?2026l[?2026h[?25l[A[1Gpulling manifest [K
pulling a3de86cd1c13:  98% ▕█████████████████ ▏ 5.1 GB/5.2 GB  3.5 MB/s     22s[K[?25h[?2026l[?2026h[?25l[A[1Gpulling manifest [K
pulling a3de86cd1c13:  98% ▕█████████████████ ▏ 5.1 GB/5.2 GB  3.5 MB/s     22s[K[?25h[?2026l[?2026h[?25l[A[1Gpulling manifest [K
pulling a3de86cd1c13:  98% ▕█████████████████ ▏ 5.1 GB/5.2 GB  3.2 MB/s     24s[K[?25h[?2026l[?2026h[?25l[A[1Gpulling manifest [K
pulling a3de86cd1c13:  98% ▕█████████████████ ▏ 5.1 GB/5.2 GB  3.2 MB/s     24s[K[?25h[?2026l[?2026h[?25l[A[1Gpulling manifest [K
pulling a3de86cd1c13:  98% ▕█████████████████ ▏ 5.1 GB/5.2 GB  3.2 MB/s     24s[K[?25h[?2026l[?2026h[?25l[A[1Gpulling manifest [K
pulling a3de86cd1c13:  98% ▕█████████████████ ▏ 5.1 GB/5.2 GB  3.2 MB/s     24s[K[?25h[?2026l[?2026h[?25l[A[1Gpulling manifest [K
pulling a3de86cd1c13:  98% ▕█████████████████ ▏ 5.1 GB/5.2 GB  3.2 MB/s     24s[K[?25h[?2026l[?2026h[?25l[A[1Gpulling manifest [K
pulling a3de86cd1c13:  98% ▕█████████████████ ▏ 5.1 GB/5.2 GB  3.2 MB/s     24s[K[?25h[?2026l[?2026h[?25l[A[1Gpulling manifest [K
pulling a3de86cd1c13:  98% ▕█████████████████ ▏ 5.1 GB/5.2 GB  3.2 MB/s     24s[K[?25h[?2026l[?2026h[?25l[A[1Gpulling manifest [K
pulling a3de86cd1c13:  98% ▕█████████████████ ▏ 5.1 GB/5.2 GB  3.2 MB/s     24s[K[?25h[?2026l[?2026h[?25l[A[1Gpulling manifest [K
pulling a3de86cd1c13:  99% ▕█████████████████ ▏ 5.1 GB/5.2 GB  3.2 MB/s     24s[K[?25h[?2026l[?2026h[?25l[A[1Gpulling manifest [K
pulling a3de86cd1c13:  99% ▕█████████████████ ▏ 5.1 GB/5.2 GB  3.2 MB/s     24s[K[?25h[?2026l[?2026h[?25l[A[1Gpulling manifest [K
pulling a3de86cd1c13:  99% ▕█████████████████ ▏ 5.1 GB/5.2 GB  3.0 MB/s     26s[K[?25h[?2026l[?2026h[?25l[A[1Gpulling manifest [K
pulling a3de86cd1c13:  99% ▕█████████████████ ▏ 5.1 GB/5.2 GB  3.0 MB/s     26s[K[?25h[?2026l[?2026h[?25l[A[1Gpulling manifest [K
pulling a3de86cd1c13:  99% ▕█████████████████ ▏ 5.1 GB/5.2 GB  3.0 MB/s     26s[K[?25h[?2026l[?2026h[?25l[A[1Gpulling manifest [K
pulling a3de86cd1c13:  99% ▕█████████████████ ▏ 5.1 GB/5.2 GB  3.0 MB/s     26s[K[?25h[?2026l[?2026h[?25l[A[1Gpulling manifest [K
pulling a3de86cd1c13:  99% ▕█████████████████ ▏ 5.1 GB/5.2 GB  3.0 MB/s     26s[K[?25h[?2026l[?2026h[?25l[A[1Gpulling manifest [K
pulling a3de86cd1c13:  99% ▕█████████████████ ▏ 5.1 GB/5.2 GB  3.0 MB/s     25s[K[?25h[?2026l[?2026h[?25l[A[1Gpulling manifest [K
pulling a3de86cd1c13:  99% ▕█████████████████ ▏ 5.1 GB/5.2 GB  3.0 MB/s     25s[K[?25h[?2026l[?2026h[?25l[A[1Gpulling manifest [K
pulling a3de86cd1c13:  99% ▕█████████████████ ▏ 5.1 GB/5.2 GB  3.0 MB/s     25s[K[?25h[?2026l[?2026h[?25l[A[1Gpulling manifest [K
pulling a3de86cd1c13:  99% ▕█████████████████ ▏ 5.1 GB/5.2 GB  3.0 MB/s     25s[K[?25h[?2026l[?2026h[?25l[A[1Gpulling manifest [K
pulling a3de86cd1c13:  99% ▕█████████████████ ▏ 5.1 GB/5.2 GB  3.0 MB/s     25s[K[?25h[?2026l[?2026h[?25l[A[1Gpulling manifest [K
pulling a3de86cd1c13:  99% ▕█████████████████ ▏ 5.1 GB/5.2 GB  3.0 MB/s     25s[K[?25h[?2026l[?2026h[?25l[A[1Gpulling manifest [K
pulling a3de86cd1c13:  99% ▕█████████████████ ▏ 5.1 GB/5.2 GB  2.8 MB/s     26s[K[?25h[?2026l[?2026h[?25l[A[1Gpulling manifest [K
pulling a3de86cd1c13:  99% ▕█████████████████ ▏ 5.1 GB/5.2 GB  2.8 MB/s     26s[K[?25h[?2026l[?2026h[?25l[A[1Gpulling manifest [K
pulling a3de86cd1c13:  99% ▕█████████████████ ▏ 5.2 GB/5.2 GB  2.8 MB/s     26s[K[?25h[?2026l[?2026h[?25l[A[1Gpulling manifest [K
pulling a3de86cd1c13:  99% ▕█████████████████ ▏ 5.2 GB/5.2 GB  2.8 MB/s     26s[K[?25h[?2026l[?2026h[?25l[A[1Gpulling manifest [K
pulling a3de86cd1c13:  99% ▕█████████████████ ▏ 5.2 GB/5.2 GB  2.8 MB/s     26s[K[?25h[?2026l[?2026h[?25l[A[1Gpulling manifest [K
pulling a3de86cd1c13:  99% ▕█████████████████ ▏ 5.2 GB/5.2 GB  2.8 MB/s     26s[K[?25h[?2026l[?2026h[?25l[A[1Gpulling manifest [K
pulling a3de86cd1c13:  99% ▕█████████████████ ▏ 5.2 GB/5.2 GB  2.8 MB/s     26s[K[?25h[?2026l[?2026h[?25l[A[1Gpulling manifest [K
pulling a3de86cd1c13:  99% ▕█████████████████ ▏ 5.2 GB/5.2 GB  2.8 MB/s     26s[K[?25h[?2026l[?2026h[?25l[A[1Gpulling manifest [K
pulling a3de86cd1c13:  99% ▕█████████████████ ▏ 5.2 GB/5.2 GB  2.8 MB/s     26s[K[?25h[?2026l[?2026h[?25l[A[1Gpulling manifest [K
pulling a3de86cd1c13:  99% ▕█████████████████ ▏ 5.2 GB/5.2 GB  2.8 MB/s     26s[K[?25h[?2026l[?2026h[?25l[A[1Gpulling manifest [K
pulling a3de86cd1c13:  99% ▕█████████████████ ▏ 5.2 GB/5.2 GB  2.5 MB/s     29s[K[?25h[?2026l[?2026h[?25l[A[1Gpulling manifest [K
pulling a3de86cd1c13:  99% ▕█████████████████ ▏ 5.2 GB/5.2 GB  2.5 MB/s     29s[K[?25h[?2026l[?2026h[?25l[A[1Gpulling manifest [K
pulling a3de86cd1c13:  99% ▕█████████████████ ▏ 5.2 GB/5.2 GB  2.5 MB/s     29s[K[?25h[?2026l[?2026h[?25l[A[1Gpulling manifest [K
pulling a3de86cd1c13:  99% ▕█████████████████ ▏ 5.2 GB/5.2 GB  2.5 MB/s     29s[K[?25h[?2026l[?2026h[?25l[A[1Gpulling manifest [K
pulling a3de86cd1c13:  99% ▕█████████████████ ▏ 5.2 GB/5.2 GB  2.5 MB/s     29s[K[?25h[?2026l[?2026h[?25l[A[1Gpulling manifest [K
pulling a3de86cd1c13:  99% ▕█████████████████ ▏ 5.2 GB/5.2 GB  2.5 MB/s     29s[K[?25h[?2026l[?2026h[?25l[A[1Gpulling manifest [K
pulling a3de86cd1c13:  99% ▕█████████████████ ▏ 5.2 GB/5.2 GB  2.5 MB/s     29s[K[?25h[?2026l[?2026h[?25l[A[1Gpulling manifest [K
pulling a3de86cd1c13:  99% ▕█████████████████ ▏ 5.2 GB/5.2 GB  2.5 MB/s     29s[K[?25h[?2026l[?2026h[?25l[A[1Gpulling manifest [K
pulling a3de86cd1c13:  99% ▕█████████████████ ▏ 5.2 GB/5.2 GB  2.5 MB/s     29s[K[?25h[?2026l[?2026h[?25l[A[1Gpulling manifest [K
pulling a3de86cd1c13:  99% ▕█████████████████ ▏ 5.2 GB/5.2 GB  2.5 MB/s     29s[K[?25h[?2026l[?2026h[?25l[A[1Gpulling manifest [K
pulling a3de86cd1c13:  99% ▕█████████████████ ▏ 5.2 GB/5.2 GB  2.2 MB/s     33s[K[?25h[?2026l[?2026h[?25l[A[1Gpulling manifest [K
pulling a3de86cd1c13:  99% ▕█████████████████ ▏ 5.2 GB/5.2 GB  2.2 MB/s     33s[K[?25h[?2026l[?2026h[?25l[A[1Gpulling manifest [K
pulling a3de86cd1c13:  99% ▕█████████████████ ▏ 5.2 GB/5.2 GB  2.2 MB/s     33s[K[?25h[?2026l[?2026h[?25l[A[1Gpulling manifest [K
pulling a3de86cd1c13:  99% ▕█████████████████ ▏ 5.2 GB/5.2 GB  2.2 MB/s     33s[K[?25h[?2026l[?2026h[?25l[A[1Gpulling manifest [K
pulling a3de86cd1c13:  99% ▕█████████████████ ▏ 5.2 GB/5.2 GB  2.2 MB/s     33s[K[?25h[?2026l[?2026h[?25l[A[1Gpulling manifest [K
pulling a3de86cd1c13:  99% ▕█████████████████ ▏ 5.2 GB/5.2 GB  2.2 MB/s     32s[K[?25h[?2026l[?2026h[?25l[A[1Gpulling manifest [K
pulling a3de86cd1c13:  99% ▕█████████████████ ▏ 5.2 GB/5.2 GB  2.2 MB/s     32s[K[?25h[?2026l[?2026h[?25l[A[1Gpulling manifest [K
pulling a3de86cd1c13:  99% ▕█████████████████ ▏ 5.2 GB/5.2 GB  2.2 MB/s     32s[K[?25h[?2026l[?2026h[?25l[A[1Gpulling manifest [K
pulling a3de86cd1c13:  99% ▕█████████████████ ▏ 5.2 GB/5.2 GB  2.2 MB/s     32s[K[?25h[?2026l[?2026h[?25l[A[1Gpulling manifest [K
pulling a3de86cd1c13:  99% ▕█████████████████ ▏ 5.2 GB/5.2 GB  2.2 MB/s     32s[K[?25h[?2026l[?2026h[?25l[A[1Gpulling manifest [K
pulling a3de86cd1c13:  99% ▕█████████████████ ▏ 5.2 GB/5.2 GB  1.9 MB/s     38s[K[?25h[?2026l[?2026h[?25l[A[1Gpulling manifest [K
pulling a3de86cd1c13:  99% ▕█████████████████ ▏ 5.2 GB/5.2 GB  1.9 MB/s     38s[K[?25h[?2026l[?2026h[?25l[A[1Gpulling manifest [K
pulling a3de86cd1c13:  99% ▕█████████████████ ▏ 5.2 GB/5.2 GB  1.9 MB/s     38s[K[?25h[?2026l[?2026h[?25l[A[1Gpulling manifest [K
pulling a3de86cd1c13:  99% ▕█████████████████ ▏ 5.2 GB/5.2 GB  1.9 MB/s     38s[K[?25h[?2026l[?2026h[?25l[A[1Gpulling manifest [K
pulling a3de86cd1c13:  99% ▕█████████████████ ▏ 5.2 GB/5.2 GB  1.9 MB/s     38s[K[?25h[?2026l[?2026h[?25l[A[1Gpulling manifest [K
pulling a3de86cd1c13:  99% ▕█████████████████ ▏ 5.2 GB/5.2 GB  1.9 MB/s     38s[K[?25h[?2026l[?2026h[?25l[A[1Gpulling manifest [K
pulling a3de86cd1c13:  99% ▕█████████████████ ▏ 5.2 GB/5.2 GB  1.9 MB/s     38s[K[?25h[?2026l[?2026h[?25l[A[1Gpulling manifest [K
pulling a3de86cd1c13:  99% ▕█████████████████ ▏ 5.2 GB/5.2 GB  1.9 MB/s     38s[K[?25h[?2026l[?2026h[?25l[A[1Gpulling manifest [K
pulling a3de86cd1c13:  99% ▕█████████████████ ▏ 5.2 GB/5.2 GB  1.9 MB/s     38s[K[?25h[?2026l[?2026h[?25l[A[1Gpulling manifest [K
pulling a3de86cd1c13:  99% ▕█████████████████ ▏ 5.2 GB/5.2 GB  1.9 MB/s     37s[K[?25h[?2026l[?2026h[?25l[A[1Gpulling manifest [K
pulling a3de86cd1c13:  99% ▕█████████████████ ▏ 5.2 GB/5.2 GB  1.7 MB/s     43s[K[?25h[?2026l[?2026h[?25l[A[1Gpulling manifest [K
pulling a3de86cd1c13:  99% ▕█████████████████ ▏ 5.2 GB/5.2 GB  1.7 MB/s     43s[K[?25h[?2026l[?2026h[?25l[A[1Gpulling manifest [K
pulling a3de86cd1c13:  99% ▕█████████████████ ▏ 5.2 GB/5.2 GB  1.7 MB/s     43s[K[?25h[?2026l[?2026h[?25l[A[1Gpulling manifest [K
pulling a3de86cd1c13:  99% ▕█████████████████ ▏ 5.2 GB/5.2 GB  1.7 MB/s     43s[K[?25h[?2026l[?2026h[?25l[A[1Gpulling manifest [K
pulling a3de86cd1c13:  99% ▕█████████████████ ▏ 5.2 GB/5.2 GB  1.7 MB/s     43s[K[?25h[?2026l[?2026h[?25l[A[1Gpulling manifest [K
pulling a3de86cd1c13:  99% ▕█████████████████ ▏ 5.2 GB/5.2 GB  1.7 MB/s     43s[K[?25h[?2026l[?2026h[?25l[A[1Gpulling manifest [K
pulling a3de86cd1c13:  99% ▕█████████████████ ▏ 5.2 GB/5.2 GB  1.7 MB/s     43s[K[?25h[?2026l[?2026h[?25l[A[1Gpulling manifest [K
pulling a3de86cd1c13:  99% ▕█████████████████ ▏ 5.2 GB/5.2 GB  1.7 MB/s     43s[K[?25h[?2026l[?2026h[?25l[A[1Gpulling manifest [K
pulling a3de86cd1c13:  99% ▕█████████████████ ▏ 5.2 GB/5.2 GB  1.7 MB/s     43s[K[?25h[?2026l[?2026h[?25l[A[1Gpulling manifest [K
pulling a3de86cd1c13:  99% ▕█████████████████ ▏ 5.2 GB/5.2 GB  1.7 MB/s     43s[K[?25h[?2026l[?2026h[?25l[A[1Gpulling manifest [K
pulling a3de86cd1c13:  99% ▕█████████████████ ▏ 5.2 GB/5.2 GB  1.7 MB/s     43s[K[?25h[?2026l[?2026h[?25l[A[1Gpulling manifest [K
pulling a3de86cd1c13:  99% ▕█████████████████ ▏ 5.2 GB/5.2 GB  1.4 MB/s     50s[K[?25h[?2026l[?2026h[?25l[A[1Gpulling manifest [K
pulling a3de86cd1c13:  99% ▕█████████████████ ▏ 5.2 GB/5.2 GB  1.4 MB/s     50s[K[?25h[?2026l[?2026h[?25l[A[1Gpulling manifest [K
pulling a3de86cd1c13:  99% ▕█████████████████ ▏ 5.2 GB/5.2 GB  1.4 MB/s     50s[K[?25h[?2026l[?2026h[?25l[A[1Gpulling manifest [K
pulling a3de86cd1c13:  99% ▕█████████████████ ▏ 5.2 GB/5.2 GB  1.4 MB/s     50s[K[?25h[?2026l[?2026h[?25l[A[1Gpulling manifest [K
pulling a3de86cd1c13:  99% ▕█████████████████ ▏ 5.2 GB/5.2 GB  1.4 MB/s     50s[K[?25h[?2026l[?2026h[?25l[A[1Gpulling manifest [K
pulling a3de86cd1c13:  99% ▕█████████████████ ▏ 5.2 GB/5.2 GB  1.4 MB/s     50s[K[?25h[?2026l[?2026h[?25l[A[1Gpulling manifest [K
pulling a3de86cd1c13:  99% ▕█████████████████ ▏ 5.2 GB/5.2 GB  1.4 MB/s     50s[K[?25h[?2026l[?2026h[?25l[A[1Gpulling manifest [K
pulling a3de86cd1c13:  99% ▕█████████████████ ▏ 5.2 GB/5.2 GB  1.4 MB/s     50s[K[?25h[?2026l[?2026h[?25l[A[1Gpulling manifest [K
pulling a3de86cd1c13:  99% ▕█████████████████ ▏ 5.2 GB/5.2 GB  1.4 MB/s     50s[K[?25h[?2026l[?2026h[?25l[A[1Gpulling manifest [K
pulling a3de86cd1c13:  99% ▕█████████████████ ▏ 5.2 GB/5.2 GB  1.4 MB/s     50s[K[?25h[?2026l[?2026h[?25l[A[1Gpulling manifest [K
pulling a3de86cd1c13:  99% ▕█████████████████ ▏ 5.2 GB/5.2 GB  1.2 MB/s     59s[K[?25h[?2026l[?2026h[?25l[A[1Gpulling manifest [K
pulling a3de86cd1c13:  99% ▕█████████████████ ▏ 5.2 GB/5.2 GB  1.2 MB/s     59s[K[?25h[?2026l[?2026h[?25l[A[1Gpulling manifest [K
pulling a3de86cd1c13:  99% ▕█████████████████ ▏ 5.2 GB/5.2 GB  1.2 MB/s     58s[K[?25h[?2026l[?2026h[?25l[A[1Gpulling manifest [K
pulling a3de86cd1c13:  99% ▕█████████████████ ▏ 5.2 GB/5.2 GB  1.2 MB/s     58s[K[?25h[?2026l[?2026h[?25l[A[1Gpulling manifest [K
pulling a3de86cd1c13:  99% ▕█████████████████ ▏ 5.2 GB/5.2 GB  1.2 MB/s     58s[K[?25h[?2026l[?2026h[?25l[A[1Gpulling manifest [K
pulling a3de86cd1c13:  99% ▕█████████████████ ▏ 5.2 GB/5.2 GB  1.2 MB/s     58s[K[?25h[?2026l[?2026h[?25l[A[1Gpulling manifest [K
pulling a3de86cd1c13:  99% ▕█████████████████ ▏ 5.2 GB/5.2 GB  1.2 MB/s     58s[K[?25h[?2026l[?2026h[?25l[A[1Gpulling manifest [K
pulling a3de86cd1c13:  99% ▕█████████████████ ▏ 5.2 GB/5.2 GB  1.2 MB/s     58s[K[?25h[?2026l[?2026h[?25l[A[1Gpulling manifest [K
pulling a3de86cd1c13:  99% ▕█████████████████ ▏ 5.2 GB/5.2 GB  1.2 MB/s     58s[K[?25h[?2026l[?2026h[?25l[A[1Gpulling manifest [K
pulling a3de86cd1c13:  99% ▕█████████████████ ▏ 5.2 GB/5.2 GB  1.2 MB/s     58s[K[?25h[?2026l[?2026h[?25l[A[1Gpulling manifest [K
pulling a3de86cd1c13:  99% ▕█████████████████ ▏ 5.2 GB/5.2 GB  1.0 MB/s    1m8s[K[?25h[?2026l[?2026h[?25l[A[1Gpulling manifest [K
pulling a3de86cd1c13:  99% ▕█████████████████ ▏ 5.2 GB/5.2 GB  1.0 MB/s    1m8s[K[?25h[?2026l[?2026h[?25l[A[1Gpulling manifest [K
pulling a3de86cd1c13:  99% ▕█████████████████ ▏ 5.2 GB/5.2 GB  1.0 MB/s    1m7s[K[?25h[?2026l[?2026h[?25l[A[1Gpulling manifest [K
pulling a3de86cd1c13:  99% ▕█████████████████ ▏ 5.2 GB/5.2 GB  1.0 MB/s    1m7s[K[?25h[?2026l[?2026h[?25l[A[1Gpulling manifest [K
pulling a3de86cd1c13:  99% ▕█████████████████ ▏ 5.2 GB/5.2 GB  1.0 MB/s    1m7s[K[?25h[?2026l[?2026h[?25l[A[1Gpulling manifest [K
pulling a3de86cd1c13:  99% ▕█████████████████ ▏ 5.2 GB/5.2 GB  1.0 MB/s    1m7s[K[?25h[?2026l[?2026h[?25l[A[1Gpulling manifest [K
pulling a3de86cd1c13:  99% ▕█████████████████ ▏ 5.2 GB/5.2 GB  1.0 MB/s    1m7s[K[?25h[?2026l[?2026h[?25l[A[1Gpulling manifest [K
pulling a3de86cd1c13:  99% ▕█████████████████ ▏ 5.2 GB/5.2 GB  1.0 MB/s    1m7s[K[?25h[?2026l[?2026h[?25l[A[1Gpulling manifest [K
pulling a3de86cd1c13:  99% ▕█████████████████ ▏ 5.2 GB/5.2 GB  1.0 MB/s    1m7s[K[?25h[?2026l[?2026h[?25l[A[1Gpulling manifest [K
pulling a3de86cd1c13:  99% ▕█████████████████ ▏ 5.2 GB/5.2 GB  1.0 MB/s    1m7s[K[?25h[?2026l[?2026h[?25l[A[1Gpulling manifest [K
pulling a3de86cd1c13:  99% ▕█████████████████ ▏ 5.2 GB/5.2 GB  838 KB/s   1m23s[K[?25h[?2026l[?2026h[?25l[A[1Gpulling manifest [K
pulling a3de86cd1c13:  99% ▕█████████████████ ▏ 5.2 GB/5.2 GB  838 KB/s   1m23s[K[?25h[?2026l[?2026h[?25l[A[1Gpulling manifest [K
pulling a3de86cd1c13:  99% ▕█████████████████ ▏ 5.2 GB/5.2 GB  838 KB/s   1m23s[K[?25h[?2026l[?2026h[?25l[A[1Gpulling manifest [K
pulling a3de86cd1c13:  99% ▕█████████████████ ▏ 5.2 GB/5.2 GB  838 KB/s   1m23s[K[?25h[?2026l[?2026h[?25l[A[1Gpulling manifest [K
pulling a3de86cd1c13:  99% ▕█████████████████ ▏ 5.2 GB/5.2 GB  838 KB/s   1m23s[K[?25h[?2026l[?2026h[?25l[A[1Gpulling manifest [K
pulling a3de86cd1c13:  99% ▕█████████████████ ▏ 5.2 GB/5.2 GB  838 KB/s   1m23s[K[?25h[?2026l[?2026h[?25l[A[1Gpulling manifest [K
pulling a3de86cd1c13:  99% ▕█████████████████ ▏ 5.2 GB/5.2 GB  838 KB/s   1m23s[K[?25h[?2026l[?2026h[?25l[A[1Gpulling manifest [K
pulling a3de86cd1c13:  99% ▕█████████████████ ▏ 5.2 GB/5.2 GB  838 KB/s   1m23s[K[?25h[?2026l[?2026h[?25l[A[1Gpulling manifest [K
pulling a3de86cd1c13:  99% ▕█████████████████ ▏ 5.2 GB/5.2 GB  838 KB/s   1m23s[K[?25h[?2026l[?2026h[?25l[A[1Gpulling manifest [K
pulling a3de86cd1c13:  99% ▕█████████████████ ▏ 5.2 GB/5.2 GB  838 KB/s   1m23s[K[?25h[?2026l[?2026h[?25l[A[1Gpulling manifest [K
pulling a3de86cd1c13:  99% ▕█████████████████ ▏ 5.2 GB/5.2 GB  685 KB/s   1m41s[K[?25h[?2026l[?2026h[?25l[A[1Gpulling manifest [K
pulling a3de86cd1c13:  99% ▕█████████████████ ▏ 5.2 GB/5.2 GB  685 KB/s   1m41s[K[?25h[?2026l[?2026h[?25l[A[1Gpulling manifest [K
pulling a3de86cd1c13:  99% ▕█████████████████ ▏ 5.2 GB/5.2 GB  685 KB/s   1m41s[K[?25h[?2026l[?2026h[?25l[A[1Gpulling manifest [K
pulling a3de86cd1c13:  99% ▕█████████████████ ▏ 5.2 GB/5.2 GB  685 KB/s   1m41s[K[?25h[?2026l[?2026h[?25l[A[1Gpulling manifest [K
pulling a3de86cd1c13:  99% ▕█████████████████ ▏ 5.2 GB/5.2 GB  685 KB/s   1m41s[K[?25h[?2026l[?2026h[?25l[A[1Gpulling manifest [K
pulling a3de86cd1c13:  99% ▕█████████████████ ▏ 5.2 GB/5.2 GB  685 KB/s   1m41s[K[?25h[?2026l[?2026h[?25l[A[1Gpulling manifest [K
pulling a3de86cd1c13:  99% ▕█████████████████ ▏ 5.2 GB/5.2 GB  685 KB/s   1m41s[K[?25h[?2026l[?2026h[?25l[A[1Gpulling manifest [K
pulling a3de86cd1c13:  99% ▕█████████████████ ▏ 5.2 GB/5.2 GB  685 KB/s   1m41s[K[?25h[?2026l[?2026h[?25l[A[1Gpulling manifest [K
pulling a3de86cd1c13:  99% ▕█████████████████ ▏ 5.2 GB/5.2 GB  685 KB/s   1m41s[K[?25h[?2026l[?2026h[?25l[A[1Gpulling manifest [K
pulling a3de86cd1c13:  99% ▕█████████████████ ▏ 5.2 GB/5.2 GB  685 KB/s   1m41s[K[?25h[?2026l[?2026h[?25l[A[1Gpulling manifest [K
pulling a3de86cd1c13:  99% ▕█████████████████ ▏ 5.2 GB/5.2 GB  685 KB/s   1m40s[K[?25h[?2026l[?2026h[?25l[A[1Gpulling manifest [K
pulling a3de86cd1c13:  99% ▕█████████████████ ▏ 5.2 GB/5.2 GB  594 KB/s   1m56s[K[?25h[?2026l[?2026h[?25l[A[1Gpulling manifest [K
pulling a3de86cd1c13:  99% ▕█████████████████ ▏ 5.2 GB/5.2 GB  594 KB/s   1m56s[K[?25h[?2026l[?2026h[?25l[A[1Gpulling manifest [K
pulling a3de86cd1c13:  99% ▕█████████████████ ▏ 5.2 GB/5.2 GB  594 KB/s   1m56s[K[?25h[?2026l[?2026h[?25l[A[1Gpulling manifest [K
pulling a3de86cd1c13:  99% ▕█████████████████ ▏ 5.2 GB/5.2 GB  594 KB/s   1m56s[K[?25h[?2026l[?2026h[?25l[A[1Gpulling manifest [K
pulling a3de86cd1c13:  99% ▕█████████████████ ▏ 5.2 GB/5.2 GB  594 KB/s   1m56s[K[?25h[?2026l[?2026h[?25l[A[1Gpulling manifest [K
pulling a3de86cd1c13:  99% ▕█████████████████ ▏ 5.2 GB/5.2 GB  594 KB/s   1m56s[K[?25h[?2026l[?2026h[?25l[A[1Gpulling manifest [K
pulling a3de86cd1c13:  99% ▕█████████████████ ▏ 5.2 GB/5.2 GB  594 KB/s   1m55s[K[?25h[?2026l[?2026h[?25l[A[1Gpulling manifest [K
pulling a3de86cd1c13:  99% ▕█████████████████ ▏ 5.2 GB/5.2 GB  594 KB/s   1m55s[K[?25h[?2026l[?2026h[?25l[A[1Gpulling manifest [K
pulling a3de86cd1c13:  99% ▕█████████████████ ▏ 5.2 GB/5.2 GB  594 KB/s   1m55s[K[?25h[?2026l[?2026h[?25l[A[1Gpulling manifest [K
pulling a3de86cd1c13:  99% ▕█████████████████ ▏ 5.2 GB/5.2 GB  594 KB/s   1m55s[K[?25h[?2026l[?2026h[?25l[A[1Gpulling manifest [K
pulling a3de86cd1c13:  99% ▕█████████████████ ▏ 5.2 GB/5.2 GB  521 KB/s   2m12s[K[?25h[?2026l[?2026h[?25l[A[1Gpulling manifest [K
pulling a3de86cd1c13:  99% ▕█████████████████ ▏ 5.2 GB/5.2 GB  521 KB/s   2m11s[K[?25h[?2026l[?2026h[?25l[A[1Gpulling manifest [K
pulling a3de86cd1c13:  99% ▕█████████████████ ▏ 5.2 GB/5.2 GB  521 KB/s   2m11s[K[?25h[?2026l[?2026h[?25l[A[1Gpulling manifest [K
pulling a3de86cd1c13:  99% ▕█████████████████ ▏ 5.2 GB/5.2 GB  521 KB/s   2m11s[K[?25h[?2026l[?2026h[?25l[A[1Gpulling manifest [K
pulling a3de86cd1c13:  99% ▕█████████████████ ▏ 5.2 GB/5.2 GB  521 KB/s   2m11s[K[?25h[?2026l[?2026h[?25l[A[1Gpulling manifest [K
pulling a3de86cd1c13:  99% ▕█████████████████ ▏ 5.2 GB/5.2 GB  521 KB/s   2m11s[K[?25h[?2026l[?2026h[?25l[A[1Gpulling manifest [K
pulling a3de86cd1c13:  99% ▕█████████████████ ▏ 5.2 GB/5.2 GB  521 KB/s   2m11s[K[?25h[?2026l[?2026h[?25l[A[1Gpulling manifest [K
pulling a3de86cd1c13:  99% ▕█████████████████ ▏ 5.2 GB/5.2 GB  521 KB/s   2m11s[K[?25h[?2026l[?2026h[?25l[A[1Gpulling manifest [K
pulling a3de86cd1c13:  99% ▕█████████████████ ▏ 5.2 GB/5.2 GB  521 KB/s   2m11s[K[?25h[?2026l[?2026h[?25l[A[1Gpulling manifest [K
pulling a3de86cd1c13:  99% ▕█████████████████ ▏ 5.2 GB/5.2 GB  521 KB/s   2m11s[K[?25h[?2026l[?2026h[?25l[A[1Gpulling manifest [K
pulling a3de86cd1c13:  99% ▕█████████████████ ▏ 5.2 GB/5.2 GB  479 KB/s   2m22s[K[?25h[?2026l[?2026h[?25l[A[1Gpulling manifest [K
pulling a3de86cd1c13:  99% ▕█████████████████ ▏ 5.2 GB/5.2 GB  479 KB/s   2m22s[K[?25h[?2026l[?2026h[?25l[A[1Gpulling manifest [K
pulling a3de86cd1c13:  99% ▕█████████████████ ▏ 5.2 GB/5.2 GB  479 KB/s   2m22s[K[?25h[?2026l[?2026h[?25l[A[1Gpulling manifest [K
pulling a3de86cd1c13:  99% ▕█████████████████ ▏ 5.2 GB/5.2 GB  479 KB/s   2m22s[K[?25h[?2026l[?2026h[?25l[A[1Gpulling manifest [K
pulling a3de86cd1c13:  99% ▕█████████████████ ▏ 5.2 GB/5.2 GB  479 KB/s   2m22s[K[?25h[?2026l[?2026h[?25l[A[1Gpulling manifest [K
pulling a3de86cd1c13:  99% ▕█████████████████ ▏ 5.2 GB/5.2 GB  479 KB/s   2m22s[K[?25h[?2026l[?2026h[?25l[A[1Gpulling manifest [K
pulling a3de86cd1c13:  99% ▕█████████████████ ▏ 5.2 GB/5.2 GB  479 KB/s   2m22s[K[?25h[?2026l[?2026h[?25l[A[1Gpulling manifest [K
pulling a3de86cd1c13:  99% ▕█████████████████ ▏ 5.2 GB/5.2 GB  479 KB/s   2m22s[K[?25h[?2026l[?2026h[?25l[A[1Gpulling manifest [K
pulling a3de86cd1c13:  99% ▕█████████████████ ▏ 5.2 GB/5.2 GB  479 KB/s   2m22s[K[?25h[?2026l[?2026h[?25l[A[1Gpulling manifest [K
pulling a3de86cd1c13:  99% ▕█████████████████ ▏ 5.2 GB/5.2 GB  479 KB/s   2m22s[K[?25h[?2026l[?2026h[?25l[A[1Gpulling manifest [K
pulling a3de86cd1c13:  99% ▕█████████████████ ▏ 5.2 GB/5.2 GB  461 KB/s   2m27s[K[?25h[?2026l[?2026h[?25l[A[1Gpulling manifest [K
pulling a3de86cd1c13:  99% ▕█████████████████ ▏ 5.2 GB/5.2 GB  461 KB/s   2m27s[K[?25h[?2026l[?2026h[?25l[A[1Gpulling manifest [K
pulling a3de86cd1c13:  99% ▕█████████████████ ▏ 5.2 GB/5.2 GB  461 KB/s   2m27s[K[?25h[?2026l[?2026h[?25l[A[1Gpulling manifest [K
pulling a3de86cd1c13:  99% ▕█████████████████ ▏ 5.2 GB/5.2 GB  461 KB/s   2m27s[K[?25h[?2026l[?2026h[?25l[A[1Gpulling manifest [K
pulling a3de86cd1c13:  99% ▕█████████████████ ▏ 5.2 GB/5.2 GB  461 KB/s   2m27s[K[?25h[?2026l[?2026h[?25l[A[1Gpulling manifest [K
pulling a3de86cd1c13:  99% ▕█████████████████ ▏ 5.2 GB/5.2 GB  461 KB/s   2m27s[K[?25h[?2026l[?2026h[?25l[A[1Gpulling manifest [K
pulling a3de86cd1c13:  99% ▕█████████████████ ▏ 5.2 GB/5.2 GB  461 KB/s   2m27s[K[?25h[?2026l[?2026h[?25l[A[1Gpulling manifest [K
pulling a3de86cd1c13:  99% ▕█████████████████ ▏ 5.2 GB/5.2 GB  461 KB/s   2m27s[K[?25h[?2026l[?2026h[?25l[A[1Gpulling manifest [K
pulling a3de86cd1c13:  99% ▕█████████████████ ▏ 5.2 GB/5.2 GB  461 KB/s   2m26s[K[?25h[?2026l[?2026h[?25l[A[1Gpulling manifest [K
pulling a3de86cd1c13:  99% ▕█████████████████ ▏ 5.2 GB/5.2 GB  461 KB/s   2m26s[K[?25h[?2026l[?2026h[?25l[A[1Gpulling manifest [K
pulling a3de86cd1c13:  99% ▕█████████████████ ▏ 5.2 GB/5.2 GB  441 KB/s   2m33s[K[?25h[?2026l[?2026h[?25l[A[1Gpulling manifest [K
pulling a3de86cd1c13:  99% ▕█████████████████ ▏ 5.2 GB/5.2 GB  441 KB/s   2m33s[K[?25h[?2026l[?2026h[?25l[A[1Gpulling manifest [K
pulling a3de86cd1c13:  99% ▕█████████████████ ▏ 5.2 GB/5.2 GB  441 KB/s   2m33s[K[?25h[?2026l[?2026h[?25l[A[1Gpulling manifest [K
pulling a3de86cd1c13:  99% ▕█████████████████ ▏ 5.2 GB/5.2 GB  441 KB/s   2m33s[K[?25h[?2026l[?2026h[?25l[A[1Gpulling manifest [K
pulling a3de86cd1c13:  99% ▕█████████████████ ▏ 5.2 GB/5.2 GB  441 KB/s   2m33s[K[?25h[?2026l[?2026h[?25l[A[1Gpulling manifest [K
pulling a3de86cd1c13:  99% ▕█████████████████ ▏ 5.2 GB/5.2 GB  441 KB/s   2m32s[K[?25h[?2026l[?2026h[?25l[A[1Gpulling manifest [K
pulling a3de86cd1c13:  99% ▕█████████████████ ▏ 5.2 GB/5.2 GB  441 KB/s   2m32s[K[?25h[?2026l[?2026h[?25l[A[1Gpulling manifest [K
pulling a3de86cd1c13:  99% ▕█████████████████ ▏ 5.2 GB/5.2 GB  441 KB/s   2m32s[K[?25h[?2026l[?2026h[?25l[A[1Gpulling manifest [K
pulling a3de86cd1c13:  99% ▕█████████████████ ▏ 5.2 GB/5.2 GB  441 KB/s   2m32s[K[?25h[?2026l[?2026h[?25l[A[1Gpulling manifest [K
pulling a3de86cd1c13:  99% ▕█████████████████ ▏ 5.2 GB/5.2 GB  441 KB/s   2m32s[K[?25h[?2026l[?2026h[?25l[A[1Gpulling manifest [K
pulling a3de86cd1c13:  99% ▕█████████████████ ▏ 5.2 GB/5.2 GB  441 KB/s   2m32s[K[?25h[?2026l[?2026h[?25l[A[1Gpulling manifest [K
pulling a3de86cd1c13:  99% ▕█████████████████ ▏ 5.2 GB/5.2 GB  417 KB/s   2m41s[K[?25h[?2026l[?2026h[?25l[A[1Gpulling manifest [K
pulling a3de86cd1c13:  99% ▕█████████████████ ▏ 5.2 GB/5.2 GB  417 KB/s   2m41s[K[?25h[?2026l[?2026h[?25l[A[1Gpulling manifest [K
pulling a3de86cd1c13:  99% ▕█████████████████ ▏ 5.2 GB/5.2 GB  417 KB/s   2m41s[K[?25h[?2026l[?2026h[?25l[A[1Gpulling manifest [K
pulling a3de86cd1c13:  99% ▕█████████████████ ▏ 5.2 GB/5.2 GB  417 KB/s   2m41s[K[?25h[?2026l[?2026h[?25l[A[1Gpulling manifest [K
pulling a3de86cd1c13:  99% ▕█████████████████ ▏ 5.2 GB/5.2 GB  417 KB/s   2m40s[K[?25h[?2026l[?2026h[?25l[A[1Gpulling manifest [K
pulling a3de86cd1c13:  99% ▕█████████████████ ▏ 5.2 GB/5.2 GB  417 KB/s   2m40s[K[?25h[?2026l[?2026h[?25l[A[1Gpulling manifest [K
pulling a3de86cd1c13:  99% ▕█████████████████ ▏ 5.2 GB/5.2 GB  417 KB/s   2m40s[K[?25h[?2026l[?2026h[?25l[A[1Gpulling manifest [K
pulling a3de86cd1c13:  99% ▕█████████████████ ▏ 5.2 GB/5.2 GB  417 KB/s   2m40s[K[?25h[?2026l[?2026h[?25l[A[1Gpulling manifest [K
pulling a3de86cd1c13:  99% ▕█████████████████ ▏ 5.2 GB/5.2 GB  417 KB/s   2m40s[K[?25h[?2026l[?2026h[?25l[A[1Gpulling manifest [K
pulling a3de86cd1c13:  99% ▕█████████████████ ▏ 5.2 GB/5.2 GB  417 KB/s   2m40s[K[?25h[?2026l[?2026h[?25l[A[1Gpulling manifest [K
pulling a3de86cd1c13:  99% ▕█████████████████ ▏ 5.2 GB/5.2 GB  394 KB/s   2m50s[K[?25h[?2026l[?2026h[?25l[A[1Gpulling manifest [K
pulling a3de86cd1c13:  99% ▕█████████████████ ▏ 5.2 GB/5.2 GB  394 KB/s   2m49s[K[?25h[?2026l[?2026h[?25l[A[1Gpulling manifest [K
pulling a3de86cd1c13:  99% ▕█████████████████ ▏ 5.2 GB/5.2 GB  394 KB/s   2m49s[K[?25h[?2026l[?2026h[?25l[A[1Gpulling manifest [K
pulling a3de86cd1c13:  99% ▕█████████████████ ▏ 5.2 GB/5.2 GB  394 KB/s   2m49s[K[?25h[?2026l[?2026h[?25l[A[1Gpulling manifest [K
pulling a3de86cd1c13:  99% ▕█████████████████ ▏ 5.2 GB/5.2 GB  394 KB/s   2m49s[K[?25h[?2026l[?2026h[?25l[A[1Gpulling manifest [K
pulling a3de86cd1c13:  99% ▕█████████████████ ▏ 5.2 GB/5.2 GB  394 KB/s   2m49s[K[?25h[?2026l[?2026h[?25l[A[1Gpulling manifest [K
pulling a3de86cd1c13:  99% ▕█████████████████ ▏ 5.2 GB/5.2 GB  394 KB/s   2m49s[K[?25h[?2026l[?2026h[?25l[A[1Gpulling manifest [K
pulling a3de86cd1c13:  99% ▕█████████████████ ▏ 5.2 GB/5.2 GB  394 KB/s   2m49s[K[?25h[?2026l[?2026h[?25l[A[1Gpulling manifest [K
pulling a3de86cd1c13:  99% ▕█████████████████ ▏ 5.2 GB/5.2 GB  394 KB/s   2m49s[K[?25h[?2026l[?2026h[?25l[A[1Gpulling manifest [K
pulling a3de86cd1c13:  99% ▕█████████████████ ▏ 5.2 GB/5.2 GB  394 KB/s   2m49s[K[?25h[?2026l[?2026h[?25l[A[1Gpulling manifest [K
pulling a3de86cd1c13:  99% ▕█████████████████ ▏ 5.2 GB/5.2 GB  381 KB/s   2m54s[K[?25h[?2026l[?2026h[?25l[A[1Gpulling manifest [K
pulling a3de86cd1c13:  99% ▕█████████████████ ▏ 5.2 GB/5.2 GB  381 KB/s   2m54s[K[?25h[?2026l[?2026h[?25l[A[1Gpulling manifest [K
pulling a3de86cd1c13:  99% ▕█████████████████ ▏ 5.2 GB/5.2 GB  381 KB/s   2m54s[K[?25h[?2026l[?2026h[?25l[A[1Gpulling manifest [K
pulling a3de86cd1c13:  99% ▕█████████████████ ▏ 5.2 GB/5.2 GB  381 KB/s   2m54s[K[?25h[?2026l[?2026h[?25l[A[1Gpulling manifest [K
pulling a3de86cd1c13:  99% ▕█████████████████ ▏ 5.2 GB/5.2 GB  381 KB/s   2m54s[K[?25h[?2026l[?2026h[?25l[A[1Gpulling manifest [K
pulling a3de86cd1c13:  99% ▕█████████████████ ▏ 5.2 GB/5.2 GB  381 KB/s   2m54s[K[?25h[?2026l[?2026h[?25l[A[1Gpulling manifest [K
pulling a3de86cd1c13:  99% ▕█████████████████ ▏ 5.2 GB/5.2 GB  381 KB/s   2m54s[K[?25h[?2026l[?2026h[?25l[A[1Gpulling manifest [K
pulling a3de86cd1c13:  99% ▕█████████████████ ▏ 5.2 GB/5.2 GB  381 KB/s   2m54s[K[?25h[?2026l[?2026h[?25l[A[1Gpulling manifest [K
pulling a3de86cd1c13:  99% ▕█████████████████ ▏ 5.2 GB/5.2 GB  381 KB/s   2m54s[K[?25h[?2026l[?2026h[?25l[A[1Gpulling manifest [K
pulling a3de86cd1c13:  99% ▕█████████████████ ▏ 5.2 GB/5.2 GB  381 KB/s   2m54s[K[?25h[?2026l[?2026h[?25l[A[1Gpulling manifest [K
pulling a3de86cd1c13:  99% ▕█████████████████ ▏ 5.2 GB/5.2 GB  350 KB/s    3m9s[K[?25h[?2026l[?2026h[?25l[A[1Gpulling manifest [K
pulling a3de86cd1c13:  99% ▕█████████████████ ▏ 5.2 GB/5.2 GB  350 KB/s    3m9s[K[?25h[?2026l[?2026h[?25l[A[1Gpulling manifest [K
pulling a3de86cd1c13:  99% ▕█████████████████ ▏ 5.2 GB/5.2 GB  350 KB/s    3m9s[K[?25h[?2026l[?2026h[?25l[A[1Gpulling manifest [K
pulling a3de86cd1c13:  99% ▕█████████████████ ▏ 5.2 GB/5.2 GB  350 KB/s    3m9s[K[?25h[?2026l[?2026h[?25l[A[1Gpulling manifest [K
pulling a3de86cd1c13:  99% ▕█████████████████ ▏ 5.2 GB/5.2 GB  350 KB/s    3m9s[K[?25h[?2026l[?2026h[?25l[A[1Gpulling manifest [K
pulling a3de86cd1c13:  99% ▕█████████████████ ▏ 5.2 GB/5.2 GB  350 KB/s    3m8s[K[?25h[?2026l[?2026h[?25l[A[1Gpulling manifest [K
pulling a3de86cd1c13:  99% ▕█████████████████ ▏ 5.2 GB/5.2 GB  350 KB/s    3m8s[K[?25h[?2026l[?2026h[?25l[A[1Gpulling manifest [K
pulling a3de86cd1c13:  99% ▕█████████████████ ▏ 5.2 GB/5.2 GB  350 KB/s    3m8s[K[?25h[?2026l[?2026h[?25l[A[1Gpulling manifest [K
pulling a3de86cd1c13:  99% ▕█████████████████ ▏ 5.2 GB/5.2 GB  350 KB/s    3m8s[K[?25h[?2026l[?2026h[?25l[A[1Gpulling manifest [K
pulling a3de86cd1c13:  99% ▕█████████████████ ▏ 5.2 GB/5.2 GB  350 KB/s    3m8s[K[?25h[?2026l[?2026h[?25l[A[1Gpulling manifest [K
pulling a3de86cd1c13:  99% ▕█████████████████ ▏ 5.2 GB/5.2 GB  338 KB/s   3m15s[K[?25h[?2026l[?2026h[?25l[A[1Gpulling manifest [K
pulling a3de86cd1c13:  99% ▕█████████████████ ▏ 5.2 GB/5.2 GB  338 KB/s   3m15s[K[?25h[?2026l[?2026h[?25l[A[1Gpulling manifest [K
pulling a3de86cd1c13:  99% ▕█████████████████ ▏ 5.2 GB/5.2 GB  338 KB/s   3m15s[K[?25h[?2026l[?2026h[?25l[A[1Gpulling manifest [K
pulling a3de86cd1c13:  99% ▕█████████████████ ▏ 5.2 GB/5.2 GB  338 KB/s   3m15s[K[?25h[?2026l[?2026h[?25l[A[1Gpulling manifest [K
pulling a3de86cd1c13:  99% ▕█████████████████ ▏ 5.2 GB/5.2 GB  338 KB/s   3m15s[K[?25h[?2026l[?2026h[?25l[A[1Gpulling manifest [K
pulling a3de86cd1c13:  99% ▕█████████████████ ▏ 5.2 GB/5.2 GB  338 KB/s   3m15s[K[?25h[?2026l[?2026h[?25l[A[1Gpulling manifest [K
pulling a3de86cd1c13:  99% ▕█████████████████ ▏ 5.2 GB/5.2 GB  338 KB/s   3m15s[K[?25h[?2026l[?2026h[?25l[A[1Gpulling manifest [K
pulling a3de86cd1c13:  99% ▕█████████████████ ▏ 5.2 GB/5.2 GB  338 KB/s   3m15s[K[?25h[?2026l[?2026h[?25l[A[1Gpulling manifest [K
pulling a3de86cd1c13:  99% ▕█████████████████ ▏ 5.2 GB/5.2 GB  338 KB/s   3m14s[K[?25h[?2026l[?2026h[?25l[A[1Gpulling manifest [K
pulling a3de86cd1c13:  99% ▕█████████████████ ▏ 5.2 GB/5.2 GB  338 KB/s   3m14s[K[?25h[?2026l[?2026h[?25l[A[1Gpulling manifest [K
pulling a3de86cd1c13:  99% ▕█████████████████ ▏ 5.2 GB/5.2 GB  338 KB/s   3m14s[K[?25h[?2026l[?2026h[?25l[A[1Gpulling manifest [K
pulling a3de86cd1c13:  99% ▕█████████████████ ▏ 5.2 GB/5.2 GB  330 KB/s   3m18s[K[?25h[?2026l[?2026h[?25l[A[1Gpulling manifest [K
pulling a3de86cd1c13:  99% ▕█████████████████ ▏ 5.2 GB/5.2 GB  330 KB/s   3m18s[K[?25h[?2026l[?2026h[?25l[A[1Gpulling manifest [K
pulling a3de86cd1c13:  99% ▕█████████████████ ▏ 5.2 GB/5.2 GB  330 KB/s   3m18s[K[?25h[?2026l[?2026h[?25l[A[1Gpulling manifest [K
pulling a3de86cd1c13:  99% ▕█████████████████ ▏ 5.2 GB/5.2 GB  330 KB/s   3m18s[K[?25h[?2026l[?2026h[?25l[A[1Gpulling manifest [K
pulling a3de86cd1c13:  99% ▕█████████████████ ▏ 5.2 GB/5.2 GB  330 KB/s   3m18s[K[?25h[?2026l[?2026h[?25l[A[1Gpulling manifest [K
pulling a3de86cd1c13:  99% ▕█████████████████ ▏ 5.2 GB/5.2 GB  330 KB/s   3m18s[K[?25h[?2026l[?2026h[?25l[A[1Gpulling manifest [K
pulling a3de86cd1c13:  99% ▕█████████████████ ▏ 5.2 GB/5.2 GB  330 KB/s   3m18s[K[?25h[?2026l[?2026h[?25l[A[1Gpulling manifest [K
pulling a3de86cd1c13:  99% ▕█████████████████ ▏ 5.2 GB/5.2 GB  330 KB/s   3m18s[K[?25h[?2026l[?2026h[?25l[A[1Gpulling manifest [K
pulling a3de86cd1c13:  99% ▕█████████████████ ▏ 5.2 GB/5.2 GB  330 KB/s   3m18s[K[?25h[?2026l[?2026h[?25l[A[1Gpulling manifest [K
pulling a3de86cd1c13:  99% ▕█████████████████ ▏ 5.2 GB/5.2 GB  330 KB/s   3m17s[K[?25h[?2026l[?2026h[?25l[A[1Gpulling manifest [K
pulling a3de86cd1c13:  99% ▕█████████████████ ▏ 5.2 GB/5.2 GB  338 KB/s   3m13s[K[?25h[?2026l[?2026h[?25l[A[1Gpulling manifest [K
pulling a3de86cd1c13:  99% ▕█████████████████ ▏ 5.2 GB/5.2 GB  338 KB/s   3m13s[K[?25h[?2026l[?2026h[?25l[A[1Gpulling manifest [K
pulling a3de86cd1c13:  99% ▕█████████████████ ▏ 5.2 GB/5.2 GB  338 KB/s   3m13s[K[?25h[?2026l[?2026h[?25l[A[1Gpulling manifest [K
pulling a3de86cd1c13:  99% ▕█████████████████ ▏ 5.2 GB/5.2 GB  338 KB/s   3m13s[K[?25h[?2026l[?2026h[?25l[A[1Gpulling manifest [K
pulling a3de86cd1c13:  99% ▕█████████████████ ▏ 5.2 GB/5.2 GB  338 KB/s   3m13s[K[?25h[?2026l[?2026h[?25l[A[1Gpulling manifest [K
pulling a3de86cd1c13:  99% ▕█████████████████ ▏ 5.2 GB/5.2 GB  338 KB/s   3m12s[K[?25h[?2026l[?2026h[?25l[A[1Gpulling manifest [K
pulling a3de86cd1c13:  99% ▕█████████████████ ▏ 5.2 GB/5.2 GB  338 KB/s   3m12s[K[?25h[?2026l[?2026h[?25l[A[1Gpulling manifest [K
pulling a3de86cd1c13:  99% ▕█████████████████ ▏ 5.2 GB/5.2 GB  338 KB/s   3m12s[K[?25h[?2026l[?2026h[?25l[A[1Gpulling manifest [K
pulling a3de86cd1c13:  99% ▕█████████████████ ▏ 5.2 GB/5.2 GB  338 KB/s   3m12s[K[?25h[?2026l[?2026h[?25l[A[1Gpulling manifest [K
pulling a3de86cd1c13:  99% ▕█████████████████ ▏ 5.2 GB/5.2 GB  338 KB/s   3m12s[K[?25h[?2026l[?2026h[?25l[A[1Gpulling manifest [K
pulling a3de86cd1c13:  99% ▕█████████████████ ▏ 5.2 GB/5.2 GB  354 KB/s    3m3s[K[?25h[?2026l[?2026h[?25l[A[1Gpulling manifest [K
pulling a3de86cd1c13:  99% ▕█████████████████ ▏ 5.2 GB/5.2 GB  354 KB/s    3m2s[K[?25h[?2026l[?2026h[?25l[A[1Gpulling manifest [K
pulling a3de86cd1c13:  99% ▕█████████████████ ▏ 5.2 GB/5.2 GB  354 KB/s    3m2s[K[?25h[?2026l[?2026h[?25l[A[1Gpulling manifest [K
pulling a3de86cd1c13:  99% ▕█████████████████ ▏ 5.2 GB/5.2 GB  354 KB/s    3m2s[K[?25h[?2026l[?2026h[?25l[A[1Gpulling manifest [K
pulling a3de86cd1c13:  99% ▕█████████████████ ▏ 5.2 GB/5.2 GB  354 KB/s    3m2s[K[?25h[?2026l[?2026h[?25l[A[1Gpulling manifest [K
pulling a3de86cd1c13:  99% ▕█████████████████ ▏ 5.2 GB/5.2 GB  354 KB/s    3m2s[K[?25h[?2026l[?2026h[?25l[A[1Gpulling manifest [K
pulling a3de86cd1c13:  99% ▕█████████████████ ▏ 5.2 GB/5.2 GB  354 KB/s    3m2s[K[?25h[?2026l[?2026h[?25l[A[1Gpulling manifest [K
pulling a3de86cd1c13:  99% ▕█████████████████ ▏ 5.2 GB/5.2 GB  354 KB/s    3m1s[K[?25h[?2026l[?2026h[?25l[A[1Gpulling manifest [K
pulling a3de86cd1c13:  99% ▕█████████████████ ▏ 5.2 GB/5.2 GB  354 KB/s    3m1s[K[?25h[?2026l[?2026h[?25l[A[1Gpulling manifest [K
pulling a3de86cd1c13:  99% ▕█████████████████ ▏ 5.2 GB/5.2 GB  354 KB/s    3m1s[K[?25h[?2026l[?2026h[?25l[A[1Gpulling manifest [K
pulling a3de86cd1c13:  99% ▕█████████████████ ▏ 5.2 GB/5.2 GB  362 KB/s   2m57s[K[?25h[?2026l[?2026h[?25l[A[1Gpulling manifest [K
pulling a3de86cd1c13:  99% ▕█████████████████ ▏ 5.2 GB/5.2 GB  362 KB/s   2m57s[K[?25h[?2026l[?2026h[?25l[A[1Gpulling manifest [K
pulling a3de86cd1c13:  99% ▕█████████████████ ▏ 5.2 GB/5.2 GB  362 KB/s   2m57s[K[?25h[?2026l[?2026h[?25l[A[1Gpulling manifest [K
pulling a3de86cd1c13:  99% ▕█████████████████ ▏ 5.2 GB/5.2 GB  362 KB/s   2m57s[K[?25h[?2026l[?2026h[?25l[A[1Gpulling manifest [K
pulling a3de86cd1c13:  99% ▕█████████████████ ▏ 5.2 GB/5.2 GB  362 KB/s   2m57s[K[?25h[?2026l[?2026h[?25l[A[1Gpulling manifest [K
pulling a3de86cd1c13:  99% ▕█████████████████ ▏ 5.2 GB/5.2 GB  362 KB/s   2m57s[K[?25h[?2026l[?2026h[?25l[A[1Gpulling manifest [K
pulling a3de86cd1c13:  99% ▕█████████████████ ▏ 5.2 GB/5.2 GB  362 KB/s   2m56s[K[?25h[?2026l[?2026h[?25l[A[1Gpulling manifest [K
pulling a3de86cd1c13:  99% ▕█████████████████ ▏ 5.2 GB/5.2 GB  362 KB/s   2m56s[K[?25h[?2026l[?2026h[?25l[A[1Gpulling manifest [K
pulling a3de86cd1c13:  99% ▕█████████████████ ▏ 5.2 GB/5.2 GB  362 KB/s   2m56s[K[?25h[?2026l[?2026h[?25l[A[1Gpulling manifest [K
pulling a3de86cd1c13:  99% ▕█████████████████ ▏ 5.2 GB/5.2 GB  362 KB/s   2m56s[K[?25h[?2026l[?2026h[?25l[A[1Gpulling manifest [K
pulling a3de86cd1c13:  99% ▕█████████████████ ▏ 5.2 GB/5.2 GB  366 KB/s   2m54s[K[?25h[?2026l[?2026h[?25l[A[1Gpulling manifest [K
pulling a3de86cd1c13:  99% ▕█████████████████ ▏ 5.2 GB/5.2 GB  366 KB/s   2m54s[K[?25h[?2026l[?2026h[?25l[A[1Gpulling manifest [K
pulling a3de86cd1c13:  99% ▕█████████████████ ▏ 5.2 GB/5.2 GB  366 KB/s   2m54s[K[?25h[?2026l[?2026h[?25l[A[1Gpulling manifest [K
pulling a3de86cd1c13:  99% ▕█████████████████ ▏ 5.2 GB/5.2 GB  366 KB/s   2m54s[K[?25h[?2026l[?2026h[?25l[A[1Gpulling manifest [K
pulling a3de86cd1c13:  99% ▕█████████████████ ▏ 5.2 GB/5.2 GB  366 KB/s   2m54s[K[?25h[?2026l[?2026h[?25l[A[1Gpulling manifest [K
pulling a3de86cd1c13:  99% ▕█████████████████ ▏ 5.2 GB/5.2 GB  366 KB/s   2m54s[K[?25h[?2026l[?2026h[?25l[A[1Gpulling manifest [K
pulling a3de86cd1c13:  99% ▕█████████████████ ▏ 5.2 GB/5.2 GB  366 KB/s   2m54s[K[?25h[?2026l[?2026h[?25l[A[1Gpulling manifest [K
pulling a3de86cd1c13:  99% ▕█████████████████ ▏ 5.2 GB/5.2 GB  366 KB/s   2m54s[K[?25h[?2026l[?2026h[?25l[A[1Gpulling manifest [K
pulling a3de86cd1c13:  99% ▕█████████████████ ▏ 5.2 GB/5.2 GB  366 KB/s   2m53s[K[?25h[?2026l[?2026h[?25l[A[1Gpulling manifest [K
pulling a3de86cd1c13:  99% ▕█████████████████ ▏ 5.2 GB/5.2 GB  366 KB/s   2m53s[K[?25h[?2026l[?2026h[?25l[A[1Gpulling manifest [K
pulling a3de86cd1c13:  99% ▕█████████████████ ▏ 5.2 GB/5.2 GB  366 KB/s   2m53s[K[?25h[?2026l[?2026h[?25l[A[1Gpulling manifest [K
pulling a3de86cd1c13:  99% ▕█████████████████ ▏ 5.2 GB/5.2 GB  375 KB/s   2m49s[K[?25h[?2026l[?2026h[?25l[A[1Gpulling manifest [K
pulling a3de86cd1c13:  99% ▕█████████████████ ▏ 5.2 GB/5.2 GB  375 KB/s   2m49s[K[?25h[?2026l[?2026h[?25l[A[1Gpulling manifest [K
pulling a3de86cd1c13:  99% ▕█████████████████ ▏ 5.2 GB/5.2 GB  375 KB/s   2m49s[K[?25h[?2026l[?2026h[?25l[A[1Gpulling manifest [K
pulling a3de86cd1c13:  99% ▕█████████████████ ▏ 5.2 GB/5.2 GB  375 KB/s   2m49s[K[?25h[?2026l[?2026h[?25l[A[1Gpulling manifest [K
pulling a3de86cd1c13:  99% ▕█████████████████ ▏ 5.2 GB/5.2 GB  375 KB/s   2m49s[K[?25h[?2026l[?2026h[?25l[A[1Gpulling manifest [K
pulling a3de86cd1c13:  99% ▕█████████████████ ▏ 5.2 GB/5.2 GB  375 KB/s   2m49s[K[?25h[?2026l[?2026h[?25l[A[1Gpulling manifest [K
pulling a3de86cd1c13:  99% ▕█████████████████ ▏ 5.2 GB/5.2 GB  375 KB/s   2m48s[K[?25h[?2026l[?2026h[?25l[A[1Gpulling manifest [K
pulling a3de86cd1c13:  99% ▕█████████████████ ▏ 5.2 GB/5.2 GB  375 KB/s   2m48s[K[?25h[?2026l[?2026h[?25l[A[1Gpulling manifest [K
pulling a3de86cd1c13:  99% ▕█████████████████ ▏ 5.2 GB/5.2 GB  375 KB/s   2m48s[K[?25h[?2026l[?2026h[?25l[A[1Gpulling manifest [K
pulling a3de86cd1c13:  99% ▕█████████████████ ▏ 5.2 GB/5.2 GB  375 KB/s   2m48s[K[?25h[?2026l[?2026h[?25l[A[1Gpulling manifest [K
pulling a3de86cd1c13:  99% ▕█████████████████ ▏ 5.2 GB/5.2 GB  384 KB/s   2m44s[K[?25h[?2026l[?2026h[?25l[A[1Gpulling manifest [K
pulling a3de86cd1c13:  99% ▕█████████████████ ▏ 5.2 GB/5.2 GB  384 KB/s   2m44s[K[?25h[?2026l[?2026h[?25l[A[1Gpulling manifest [K
pulling a3de86cd1c13:  99% ▕█████████████████ ▏ 5.2 GB/5.2 GB  384 KB/s   2m44s[K[?25h[?2026l[?2026h[?25l[A[1Gpulling manifest [K
pulling a3de86cd1c13:  99% ▕█████████████████ ▏ 5.2 GB/5.2 GB  384 KB/s   2m44s[K[?25h[?2026l[?2026h[?25l[A[1Gpulling manifest [K
pulling a3de86cd1c13:  99% ▕█████████████████ ▏ 5.2 GB/5.2 GB  384 KB/s   2m44s[K[?25h[?2026l[?2026h[?25l[A[1Gpulling manifest [K
pulling a3de86cd1c13:  99% ▕█████████████████ ▏ 5.2 GB/5.2 GB  384 KB/s   2m44s[K[?25h[?2026l[?2026h[?25l[A[1Gpulling manifest [K
pulling a3de86cd1c13:  99% ▕█████████████████ ▏ 5.2 GB/5.2 GB  384 KB/s   2m43s[K[?25h[?2026l[?2026h[?25l[A[1Gpulling manifest [K
pulling a3de86cd1c13:  99% ▕█████████████████ ▏ 5.2 GB/5.2 GB  384 KB/s   2m43s[K[?25h[?2026l[?2026h[?25l[A[1Gpulling manifest [K
pulling a3de86cd1c13:  99% ▕█████████████████ ▏ 5.2 GB/5.2 GB  384 KB/s   2m43s[K[?25h[?2026l[?2026h[?25l[A[1Gpulling manifest [K
pulling a3de86cd1c13:  99% ▕█████████████████ ▏ 5.2 GB/5.2 GB  384 KB/s   2m43s[K[?25h[?2026l[?2026h[?25l[A[1Gpulling manifest [K
pulling a3de86cd1c13:  99% ▕█████████████████ ▏ 5.2 GB/5.2 GB  411 KB/s   2m32s[K[?25h[?2026l[?2026h[?25l[A[1Gpulling manifest [K
pulling a3de86cd1c13:  99% ▕█████████████████ ▏ 5.2 GB/5.2 GB  411 KB/s   2m32s[K[?25h[?2026l[?2026h[?25l[A[1Gpulling manifest [K
pulling a3de86cd1c13:  99% ▕█████████████████ ▏ 5.2 GB/5.2 GB  411 KB/s   2m32s[K[?25h[?2026l[?2026h[?25l[A[1Gpulling manifest [K
pulling a3de86cd1c13:  99% ▕█████████████████ ▏ 5.2 GB/5.2 GB  411 KB/s   2m32s[K[?25h[?2026l[?2026h[?25l[A[1Gpulling manifest [K
pulling a3de86cd1c13:  99% ▕█████████████████ ▏ 5.2 GB/5.2 GB  411 KB/s   2m31s[K[?25h[?2026l[?2026h[?25l[A[1Gpulling manifest [K
pulling a3de86cd1c13:  99% ▕█████████████████ ▏ 5.2 GB/5.2 GB  411 KB/s   2m31s[K[?25h[?2026l[?2026h[?25l[A[1Gpulling manifest [K
pulling a3de86cd1c13:  99% ▕█████████████████ ▏ 5.2 GB/5.2 GB  411 KB/s   2m31s[K[?25h[?2026l[?2026h[?25l[A[1Gpulling manifest [K
pulling a3de86cd1c13:  99% ▕█████████████████ ▏ 5.2 GB/5.2 GB  411 KB/s   2m31s[K[?25h[?2026l[?2026h[?25l[A[1Gpulling manifest [K
pulling a3de86cd1c13:  99% ▕█████████████████ ▏ 5.2 GB/5.2 GB  411 KB/s   2m31s[K[?25h[?2026l[?2026h[?25l[A[1Gpulling manifest [K
pulling a3de86cd1c13:  99% ▕█████████████████ ▏ 5.2 GB/5.2 GB  411 KB/s   2m31s[K[?25h[?2026l[?2026h[?25l[A[1Gpulling manifest [K
pulling a3de86cd1c13:  99% ▕█████████████████ ▏ 5.2 GB/5.2 GB  440 KB/s   2m21s[K[?25h[?2026l[?2026h[?25l[A[1Gpulling manifest [K
pulling a3de86cd1c13:  99% ▕█████████████████ ▏ 5.2 GB/5.2 GB  440 KB/s   2m20s[K[?25h[?2026l[?2026h[?25l[A[1Gpulling manifest [K
pulling a3de86cd1c13:  99% ▕█████████████████ ▏ 5.2 GB/5.2 GB  440 KB/s   2m20s[K[?25h[?2026l[?2026h[?25l[A[1Gpulling manifest [K
pulling a3de86cd1c13:  99% ▕█████████████████ ▏ 5.2 GB/5.2 GB  440 KB/s   2m20s[K[?25h[?2026l[?2026h[?25l[A[1Gpulling manifest [K
pulling a3de86cd1c13:  99% ▕█████████████████ ▏ 5.2 GB/5.2 GB  440 KB/s   2m20s[K[?25h[?2026l[?2026h[?25l[A[1Gpulling manifest [K
pulling a3de86cd1c13:  99% ▕█████████████████ ▏ 5.2 GB/5.2 GB  440 KB/s   2m20s[K[?25h[?2026l[?2026h[?25l[A[1Gpulling manifest [K
pulling a3de86cd1c13:  99% ▕█████████████████ ▏ 5.2 GB/5.2 GB  440 KB/s   2m20s[K[?25h[?2026l[?2026h[?25l[A[1Gpulling manifest [K
pulling a3de86cd1c13:  99% ▕█████████████████ ▏ 5.2 GB/5.2 GB  440 KB/s   2m20s[K[?25h[?2026l[?2026h[?25l[A[1Gpulling manifest [K
pulling a3de86cd1c13:  99% ▕█████████████████ ▏ 5.2 GB/5.2 GB  440 KB/s   2m20s[K[?25h[?2026l[?2026h[?25l[A[1Gpulling manifest [K
pulling a3de86cd1c13:  99% ▕█████████████████ ▏ 5.2 GB/5.2 GB  440 KB/s   2m20s[K[?25h[?2026l[?2026h[?25l[A[1Gpulling manifest [K
pulling a3de86cd1c13:  99% ▕█████████████████ ▏ 5.2 GB/5.2 GB  457 KB/s   2m15s[K[?25h[?2026l[?2026h[?25l[A[1Gpulling manifest [K
pulling a3de86cd1c13:  99% ▕█████████████████ ▏ 5.2 GB/5.2 GB  457 KB/s   2m15s[K[?25h[?2026l[?2026h[?25l[A[1Gpulling manifest [K
pulling a3de86cd1c13:  99% ▕█████████████████ ▏ 5.2 GB/5.2 GB  457 KB/s   2m14s[K[?25h[?2026l[?2026h[?25l[A[1Gpulling manifest [K
pulling a3de86cd1c13:  99% ▕█████████████████ ▏ 5.2 GB/5.2 GB  457 KB/s   2m14s[K[?25h[?2026l[?2026h[?25l[A[1Gpulling manifest [K
pulling a3de86cd1c13:  99% ▕█████████████████ ▏ 5.2 GB/5.2 GB  457 KB/s   2m14s[K[?25h[?2026l[?2026h[?25l[A[1Gpulling manifest [K
pulling a3de86cd1c13:  99% ▕█████████████████ ▏ 5.2 GB/5.2 GB  457 KB/s   2m14s[K[?25h[?2026l[?2026h[?25l[A[1Gpulling manifest [K
pulling a3de86cd1c13:  99% ▕█████████████████ ▏ 5.2 GB/5.2 GB  457 KB/s   2m14s[K[?25h[?2026l[?2026h[?25l[A[1Gpulling manifest [K
pulling a3de86cd1c13:  99% ▕█████████████████ ▏ 5.2 GB/5.2 GB  457 KB/s   2m14s[K[?25h[?2026l[?2026h[?25l[A[1Gpulling manifest [K
pulling a3de86cd1c13:  99% ▕█████████████████ ▏ 5.2 GB/5.2 GB  457 KB/s   2m14s[K[?25h[?2026l[?2026h[?25l[A[1Gpulling manifest [K
pulling a3de86cd1c13:  99% ▕█████████████████ ▏ 5.2 GB/5.2 GB  457 KB/s   2m14s[K[?25h[?2026l[?2026h[?25l[A[1Gpulling manifest [K
pulling a3de86cd1c13:  99% ▕█████████████████ ▏ 5.2 GB/5.2 GB  457 KB/s   2m14s[K[?25h[?2026l[?2026h[?25l[A[1Gpulling manifest [K
pulling a3de86cd1c13:  99% ▕█████████████████ ▏ 5.2 GB/5.2 GB  460 KB/s   2m12s[K[?25h[?2026l[?2026h[?25l[A[1Gpulling manifest [K
pulling a3de86cd1c13:  99% ▕█████████████████ ▏ 5.2 GB/5.2 GB  460 KB/s   2m12s[K[?25h[?2026l[?2026h[?25l[A[1Gpulling manifest [K
pulling a3de86cd1c13:  99% ▕█████████████████ ▏ 5.2 GB/5.2 GB  460 KB/s   2m12s[K[?25h[?2026l[?2026h[?25l[A[1Gpulling manifest [K
pulling a3de86cd1c13:  99% ▕█████████████████ ▏ 5.2 GB/5.2 GB  460 KB/s   2m12s[K[?25h[?2026l[?2026h[?25l[A[1Gpulling manifest [K
pulling a3de86cd1c13:  99% ▕█████████████████ ▏ 5.2 GB/5.2 GB  460 KB/s   2m12s[K[?25h[?2026l[?2026h[?25l[A[1Gpulling manifest [K
pulling a3de86cd1c13:  99% ▕█████████████████ ▏ 5.2 GB/5.2 GB  460 KB/s   2m12s[K[?25h[?2026l[?2026h[?25l[A[1Gpulling manifest [K
pulling a3de86cd1c13:  99% ▕█████████████████ ▏ 5.2 GB/5.2 GB  460 KB/s   2m12s[K[?25h[?2026l[?2026h[?25l[A[1Gpulling manifest [K
pulling a3de86cd1c13:  99% ▕█████████████████ ▏ 5.2 GB/5.2 GB  460 KB/s   2m12s[K[?25h[?2026l[?2026h[?25l[A[1Gpulling manifest [K
pulling a3de86cd1c13:  99% ▕█████████████████ ▏ 5.2 GB/5.2 GB  460 KB/s   2m12s[K[?25h[?2026l[?2026h[?25l[A[1Gpulling manifest [K
pulling a3de86cd1c13:  99% ▕█████████████████ ▏ 5.2 GB/5.2 GB  460 KB/s   2m12s[K[?25h[?2026l[?2026h[?25l[A[1Gpulling manifest [K
pulling a3de86cd1c13:  99% ▕█████████████████ ▏ 5.2 GB/5.2 GB  449 KB/s   2m15s[K[?25h[?2026l[?2026h[?25l[A[1Gpulling manifest [K
pulling a3de86cd1c13:  99% ▕█████████████████ ▏ 5.2 GB/5.2 GB  449 KB/s   2m15s[K[?25h[?2026l[?2026h[?25l[A[1Gpulling manifest [K
pulling a3de86cd1c13:  99% ▕█████████████████ ▏ 5.2 GB/5.2 GB  449 KB/s   2m14s[K[?25h[?2026l[?2026h[?25l[A[1Gpulling manifest [K
pulling a3de86cd1c13:  99% ▕█████████████████ ▏ 5.2 GB/5.2 GB  449 KB/s   2m14s[K[?25h[?2026l[?2026h[?25l[A[1Gpulling manifest [K
pulling a3de86cd1c13:  99% ▕█████████████████ ▏ 5.2 GB/5.2 GB  449 KB/s   2m14s[K[?25h[?2026l[?2026h[?25l[A[1Gpulling manifest [K
pulling a3de86cd1c13:  99% ▕█████████████████ ▏ 5.2 GB/5.2 GB  449 KB/s   2m14s[K[?25h[?2026l[?2026h[?25l[A[1Gpulling manifest [K
pulling a3de86cd1c13:  99% ▕█████████████████ ▏ 5.2 GB/5.2 GB  449 KB/s   2m14s[K[?25h[?2026l[?2026h[?25l[A[1Gpulling manifest [K
pulling a3de86cd1c13:  99% ▕█████████████████ ▏ 5.2 GB/5.2 GB  449 KB/s   2m14s[K[?25h[?2026l[?2026h[?25l[A[1Gpulling manifest [K
pulling a3de86cd1c13:  99% ▕█████████████████ ▏ 5.2 GB/5.2 GB  449 KB/s   2m14s[K[?25h[?2026l[?2026h[?25l[A[1Gpulling manifest [K
pulling a3de86cd1c13:  99% ▕█████████████████ ▏ 5.2 GB/5.2 GB  449 KB/s   2m14s[K[?25h[?2026l[?2026h[?25l[A[1Gpulling manifest [K
pulling a3de86cd1c13:  99% ▕█████████████████ ▏ 5.2 GB/5.2 GB  455 KB/s   2m12s[K[?25h[?2026l[?2026h[?25l[A[1Gpulling manifest [K
pulling a3de86cd1c13:  99% ▕█████████████████ ▏ 5.2 GB/5.2 GB  455 KB/s   2m12s[K[?25h[?2026l[?2026h[?25l[A[1Gpulling manifest [K
pulling a3de86cd1c13:  99% ▕█████████████████ ▏ 5.2 GB/5.2 GB  455 KB/s   2m12s[K[?25h[?2026l[?2026h[?25l[A[1Gpulling manifest [K
pulling a3de86cd1c13:  99% ▕█████████████████ ▏ 5.2 GB/5.2 GB  455 KB/s   2m12s[K[?25h[?2026l[?2026h[?25l[A[1Gpulling manifest [K
pulling a3de86cd1c13:  99% ▕█████████████████ ▏ 5.2 GB/5.2 GB  455 KB/s   2m12s[K[?25h[?2026l[?2026h[?25l[A[1Gpulling manifest [K
pulling a3de86cd1c13:  99% ▕█████████████████ ▏ 5.2 GB/5.2 GB  455 KB/s   2m11s[K[?25h[?2026l[?2026h[?25l[A[1Gpulling manifest [K
pulling a3de86cd1c13:  99% ▕█████████████████ ▏ 5.2 GB/5.2 GB  455 KB/s   2m11s[K[?25h[?2026l[?2026h[?25l[A[1Gpulling manifest [K
pulling a3de86cd1c13:  99% ▕█████████████████ ▏ 5.2 GB/5.2 GB  455 KB/s   2m11s[K[?25h[?2026l[?2026h[?25l[A[1Gpulling manifest [K
pulling a3de86cd1c13:  99% ▕█████████████████ ▏ 5.2 GB/5.2 GB  455 KB/s   2m11s[K[?25h[?2026l[?2026h[?25l[A[1Gpulling manifest [K
pulling a3de86cd1c13:  99% ▕█████████████████ ▏ 5.2 GB/5.2 GB  455 KB/s   2m11s[K[?25h[?2026l[?2026h[?25l[A[1Gpulling manifest [K
pulling a3de86cd1c13:  99% ▕█████████████████ ▏ 5.2 GB/5.2 GB  471 KB/s    2m6s[K[?25h[?2026l[?2026h[?25l[A[1Gpulling manifest [K
pulling a3de86cd1c13:  99% ▕█████████████████ ▏ 5.2 GB/5.2 GB  471 KB/s    2m6s[K[?25h[?2026l[?2026h[?25l[A[1Gpulling manifest [K
pulling a3de86cd1c13:  99% ▕█████████████████ ▏ 5.2 GB/5.2 GB  471 KB/s    2m6s[K[?25h[?2026l[?2026h[?25l[A[1Gpulling manifest [K
pulling a3de86cd1c13:  99% ▕█████████████████ ▏ 5.2 GB/5.2 GB  471 KB/s    2m6s[K[?25h[?2026l[?2026h[?25l[A[1Gpulling manifest [K
pulling a3de86cd1c13:  99% ▕█████████████████ ▏ 5.2 GB/5.2 GB  471 KB/s    2m6s[K[?25h[?2026l[?2026h[?25l[A[1Gpulling manifest [K
pulling a3de86cd1c13:  99% ▕█████████████████ ▏ 5.2 GB/5.2 GB  471 KB/s    2m6s[K[?25h[?2026l[?2026h[?25l[A[1Gpulling manifest [K
pulling a3de86cd1c13:  99% ▕█████████████████ ▏ 5.2 GB/5.2 GB  471 KB/s    2m5s[K[?25h[?2026l[?2026h[?25l[A[1Gpulling manifest [K
pulling a3de86cd1c13:  99% ▕█████████████████ ▏ 5.2 GB/5.2 GB  471 KB/s    2m5s[K[?25h[?2026l[?2026h[?25l[A[1Gpulling manifest [K
pulling a3de86cd1c13:  99% ▕█████████████████ ▏ 5.2 GB/5.2 GB  471 KB/s    2m5s[K[?25h[?2026l[?2026h[?25l[A[1Gpulling manifest [K
pulling a3de86cd1c13:  99% ▕█████████████████ ▏ 5.2 GB/5.2 GB  471 KB/s    2m5s[K[?25h[?2026l[?2026h[?25l[A[1Gpulling manifest [K
pulling a3de86cd1c13:  99% ▕█████████████████ ▏ 5.2 GB/5.2 GB  511 KB/s   1m55s[K[?25h[?2026l[?2026h[?25l[A[1Gpulling manifest [K
pulling a3de86cd1c13:  99% ▕█████████████████ ▏ 5.2 GB/5.2 GB  511 KB/s   1m55s[K[?25h[?2026l[?2026h[?25l[A[1Gpulling manifest [K
pulling a3de86cd1c13:  99% ▕█████████████████ ▏ 5.2 GB/5.2 GB  511 KB/s   1m55s[K[?25h[?2026l[?2026h[?25l[A[1Gpulling manifest [K
pulling a3de86cd1c13:  99% ▕█████████████████ ▏ 5.2 GB/5.2 GB  511 KB/s   1m55s[K[?25h[?2026l[?2026h[?25l[A[1Gpulling manifest [K
pulling a3de86cd1c13:  99% ▕█████████████████ ▏ 5.2 GB/5.2 GB  511 KB/s   1m55s[K[?25h[?2026l[?2026h[?25l[A[1Gpulling manifest [K
pulling a3de86cd1c13:  99% ▕█████████████████ ▏ 5.2 GB/5.2 GB  511 KB/s   1m54s[K[?25h[?2026l[?2026h[?25l[A[1Gpulling manifest [K
pulling a3de86cd1c13:  99% ▕█████████████████ ▏ 5.2 GB/5.2 GB  511 KB/s   1m54s[K[?25h[?2026l[?2026h[?25l[A[1Gpulling manifest [K
pulling a3de86cd1c13:  99% ▕█████████████████ ▏ 5.2 GB/5.2 GB  511 KB/s   1m54s[K[?25h[?2026l[?2026h[?25l[A[1Gpulling manifest [K
pulling a3de86cd1c13:  99% ▕█████████████████ ▏ 5.2 GB/5.2 GB  511 KB/s   1m54s[K[?25h[?2026l[?2026h[?25l[A[1Gpulling manifest [K
pulling a3de86cd1c13:  99% ▕█████████████████ ▏ 5.2 GB/5.2 GB  511 KB/s   1m54s[K[?25h[?2026l[?2026h[?25l[A[1Gpulling manifest [K
pulling a3de86cd1c13:  99% ▕█████████████████ ▏ 5.2 GB/5.2 GB  511 KB/s   1m54s[K[?25h[?2026l[?2026h[?25l[A[1Gpulling manifest [K
pulling a3de86cd1c13:  99% ▕█████████████████ ▏ 5.2 GB/5.2 GB  528 KB/s   1m50s[K[?25h[?2026l[?2026h[?25l[A[1Gpulling manifest [K
pulling a3de86cd1c13:  99% ▕█████████████████ ▏ 5.2 GB/5.2 GB  528 KB/s   1m50s[K[?25h[?2026l[?2026h[?25l[A[1Gpulling manifest [K
pulling a3de86cd1c13:  99% ▕█████████████████ ▏ 5.2 GB/5.2 GB  528 KB/s   1m50s[K[?25h[?2026l[?2026h[?25l[A[1Gpulling manifest [K
pulling a3de86cd1c13:  99% ▕█████████████████ ▏ 5.2 GB/5.2 GB  528 KB/s   1m50s[K[?25h[?2026l[?2026h[?25l[A[1Gpulling manifest [K
pulling a3de86cd1c13:  99% ▕█████████████████ ▏ 5.2 GB/5.2 GB  528 KB/s   1m50s[K[?25h[?2026l[?2026h[?25l[A[1Gpulling manifest [K
pulling a3de86cd1c13:  99% ▕█████████████████ ▏ 5.2 GB/5.2 GB  528 KB/s   1m50s[K[?25h[?2026l[?2026h[?25l[A[1Gpulling manifest [K
pulling a3de86cd1c13:  99% ▕█████████████████ ▏ 5.2 GB/5.2 GB  528 KB/s   1m50s[K[?25h[?2026l[?2026h[?25l[A[1Gpulling manifest [K
pulling a3de86cd1c13:  99% ▕█████████████████ ▏ 5.2 GB/5.2 GB  528 KB/s   1m49s[K[?25h[?2026l[?2026h[?25l[A[1Gpulling manifest [K
pulling a3de86cd1c13:  99% ▕█████████████████ ▏ 5.2 GB/5.2 GB  528 KB/s   1m49s[K[?25h[?2026l[?2026h[?25l[A[1Gpulling manifest [K
pulling a3de86cd1c13:  99% ▕█████████████████ ▏ 5.2 GB/5.2 GB  528 KB/s   1m49s[K[?25h[?2026l[?2026h[?25l[A[1Gpulling manifest [K
pulling a3de86cd1c13:  99% ▕█████████████████ ▏ 5.2 GB/5.2 GB  531 KB/s   1m48s[K[?25h[?2026l[?2026h[?25l[A[1Gpulling manifest [K
pulling a3de86cd1c13:  99% ▕█████████████████ ▏ 5.2 GB/5.2 GB  531 KB/s   1m48s[K[?25h[?2026l[?2026h[?25l[A[1Gpulling manifest [K
pulling a3de86cd1c13:  99% ▕█████████████████ ▏ 5.2 GB/5.2 GB  531 KB/s   1m48s[K[?25h[?2026l[?2026h[?25l[A[1Gpulling manifest [K
pulling a3de86cd1c13:  99% ▕█████████████████ ▏ 5.2 GB/5.2 GB  531 KB/s   1m48s[K[?25h[?2026l[?2026h[?25l[A[1Gpulling manifest [K
pulling a3de86cd1c13:  99% ▕█████████████████ ▏ 5.2 GB/5.2 GB  531 KB/s   1m48s[K[?25h[?2026l[?2026h[?25l[A[1Gpulling manifest [K
pulling a3de86cd1c13:  99% ▕█████████████████ ▏ 5.2 GB/5.2 GB  531 KB/s   1m48s[K[?25h[?2026l[?2026h[?25l[A[1Gpulling manifest [K
pulling a3de86cd1c13:  99% ▕█████████████████ ▏ 5.2 GB/5.2 GB  531 KB/s   1m48s[K[?25h[?2026l[?2026h[?25l[A[1Gpulling manifest [K
pulling a3de86cd1c13:  99% ▕█████████████████ ▏ 5.2 GB/5.2 GB  531 KB/s   1m48s[K[?25h[?2026l[?2026h[?25l[A[1Gpulling manifest [K
pulling a3de86cd1c13:  99% ▕█████████████████ ▏ 5.2 GB/5.2 GB  531 KB/s   1m48s[K[?25h[?2026l[?2026h[?25l[A[1Gpulling manifest [K
pulling a3de86cd1c13:  99% ▕█████████████████ ▏ 5.2 GB/5.2 GB  531 KB/s   1m48s[K[?25h[?2026l[?2026h[?25l[A[1Gpulling manifest [K
pulling a3de86cd1c13:  99% ▕█████████████████ ▏ 5.2 GB/5.2 GB  527 KB/s   1m48s[K[?25h[?2026l[?2026h[?25l[A[1Gpulling manifest [K
pulling a3de86cd1c13:  99% ▕█████████████████ ▏ 5.2 GB/5.2 GB  527 KB/s   1m48s[K[?25h[?2026l[?2026h[?25l[A[1Gpulling manifest [K
pulling a3de86cd1c13:  99% ▕█████████████████ ▏ 5.2 GB/5.2 GB  527 KB/s   1m48s[K[?25h[?2026l[?2026h[?25l[A[1Gpulling manifest [K
pulling a3de86cd1c13:  99% ▕█████████████████ ▏ 5.2 GB/5.2 GB  527 KB/s   1m48s[K[?25h[?2026l[?2026h[?25l[A[1Gpulling manifest [K
pulling a3de86cd1c13:  99% ▕█████████████████ ▏ 5.2 GB/5.2 GB  527 KB/s   1m48s[K[?25h[?2026l[?2026h[?25l[A[1Gpulling manifest [K
pulling a3de86cd1c13:  99% ▕█████████████████ ▏ 5.2 GB/5.2 GB  527 KB/s   1m48s[K[?25h[?2026l[?2026h[?25l[A[1Gpulling manifest [K
pulling a3de86cd1c13:  99% ▕█████████████████ ▏ 5.2 GB/5.2 GB  527 KB/s   1m48s[K[?25h[?2026l[?2026h[?25l[A[1Gpulling manifest [K
pulling a3de86cd1c13:  99% ▕█████████████████ ▏ 5.2 GB/5.2 GB  527 KB/s   1m48s[K[?25h[?2026l[?2026h[?25l[A[1Gpulling manifest [K
pulling a3de86cd1c13:  99% ▕█████████████████ ▏ 5.2 GB/5.2 GB  527 KB/s   1m48s[K[?25h[?2026l[?2026h[?25l[A[1Gpulling manifest [K
pulling a3de86cd1c13:  99% ▕█████████████████ ▏ 5.2 GB/5.2 GB  527 KB/s   1m48s[K[?25h[?2026l[?2026h[?25l[A[1Gpulling manifest [K
pulling a3de86cd1c13:  99% ▕█████████████████ ▏ 5.2 GB/5.2 GB  529 KB/s   1m47s[K[?25h[?2026l[?2026h[?25l[A[1Gpulling manifest [K
pulling a3de86cd1c13:  99% ▕█████████████████ ▏ 5.2 GB/5.2 GB  529 KB/s   1m47s[K[?25h[?2026l[?2026h[?25l[A[1Gpulling manifest [K
pulling a3de86cd1c13:  99% ▕█████████████████ ▏ 5.2 GB/5.2 GB  529 KB/s   1m47s[K[?25h[?2026l[?2026h[?25l[A[1Gpulling manifest [K
pulling a3de86cd1c13:  99% ▕█████████████████ ▏ 5.2 GB/5.2 GB  529 KB/s   1m47s[K[?25h[?2026l[?2026h[?25l[A[1Gpulling manifest [K
pulling a3de86cd1c13:  99% ▕█████████████████ ▏ 5.2 GB/5.2 GB  529 KB/s   1m47s[K[?25h[?2026l[?2026h[?25l[A[1Gpulling manifest [K
pulling a3de86cd1c13:  99% ▕█████████████████ ▏ 5.2 GB/5.2 GB  529 KB/s   1m47s[K[?25h[?2026l[?2026h[?25l[A[1Gpulling manifest [K
pulling a3de86cd1c13:  99% ▕█████████████████ ▏ 5.2 GB/5.2 GB  529 KB/s   1m47s[K[?25h[?2026l[?2026h[?25l[A[1Gpulling manifest [K
pulling a3de86cd1c13:  99% ▕█████████████████ ▏ 5.2 GB/5.2 GB  529 KB/s   1m46s[K[?25h[?2026l[?2026h[?25l[A[1Gpulling manifest [K
pulling a3de86cd1c13:  99% ▕█████████████████ ▏ 5.2 GB/5.2 GB  529 KB/s   1m46s[K[?25h[?2026l[?2026h[?25l[A[1Gpulling manifest [K
pulling a3de86cd1c13:  99% ▕█████████████████ ▏ 5.2 GB/5.2 GB  529 KB/s   1m46s[K[?25h[?2026l[?2026h[?25l[A[1Gpulling manifest [K
pulling a3de86cd1c13:  99% ▕█████████████████ ▏ 5.2 GB/5.2 GB  529 KB/s   1m46s[K[?25h[?2026l[?2026h[?25l[A[1Gpulling manifest [K
pulling a3de86cd1c13:  99% ▕█████████████████ ▏ 5.2 GB/5.2 GB  529 KB/s   1m46s[K[?25h[?2026l[?2026h[?25l[A[1Gpulling manifest [K
pulling a3de86cd1c13:  99% ▕█████████████████ ▏ 5.2 GB/5.2 GB  529 KB/s   1m46s[K[?25h[?2026l[?2026h[?25l[A[1Gpulling manifest [K
pulling a3de86cd1c13:  99% ▕█████████████████ ▏ 5.2 GB/5.2 GB  529 KB/s   1m46s[K[?25h[?2026l[?2026h[?25l[A[1Gpulling manifest [K
pulling a3de86cd1c13:  99% ▕█████████████████ ▏ 5.2 GB/5.2 GB  529 KB/s   1m46s[K[?25h[?2026l[?2026h[?25l[A[1Gpulling manifest [K
pulling a3de86cd1c13:  99% ▕█████████████████ ▏ 5.2 GB/5.2 GB  529 KB/s   1m46s[K[?25h[?2026l[?2026h[?25l[A[1Gpulling manifest [K
pulling a3de86cd1c13:  99% ▕█████████████████ ▏ 5.2 GB/5.2 GB  529 KB/s   1m46s[K[?25h[?2026l[?2026h[?25l[A[1Gpulling manifest [K
pulling a3de86cd1c13:  99% ▕█████████████████ ▏ 5.2 GB/5.2 GB  529 KB/s   1m46s[K[?25h[?2026l[?2026h[?25l[A[1Gpulling manifest [K
pulling a3de86cd1c13:  99% ▕█████████████████ ▏ 5.2 GB/5.2 GB  529 KB/s   1m46s[K[?25h[?2026l[?2026h[?25l[A[1Gpulling manifest [K
pulling a3de86cd1c13:  99% ▕█████████████████ ▏ 5.2 GB/5.2 GB  529 KB/s   1m46s[K[?25h[?2026l[?2026h[?25l[A[1Gpulling manifest [K
pulling a3de86cd1c13:  99% ▕█████████████████ ▏ 5.2 GB/5.2 GB  529 KB/s   1m46s[K[?25h[?2026l[?2026h[?25l[A[1Gpulling manifest [K
pulling a3de86cd1c13:  99% ▕█████████████████ ▏ 5.2 GB/5.2 GB  520 KB/s   1m47s[K[?25h[?2026l[?2026h[?25l[A[1Gpulling manifest [K
pulling a3de86cd1c13:  99% ▕█████████████████ ▏ 5.2 GB/5.2 GB  520 KB/s   1m47s[K[?25h[?2026l[?2026h[?25l[A[1Gpulling manifest [K
pulling a3de86cd1c13:  99% ▕█████████████████ ▏ 5.2 GB/5.2 GB  520 KB/s   1m47s[K[?25h[?2026l[?2026h[?25l[A[1Gpulling manifest [K
pulling a3de86cd1c13:  99% ▕█████████████████ ▏ 5.2 GB/5.2 GB  520 KB/s   1m47s[K[?25h[?2026l[?2026h[?25l[A[1Gpulling manifest [K
pulling a3de86cd1c13:  99% ▕█████████████████ ▏ 5.2 GB/5.2 GB  520 KB/s   1m47s[K[?25h[?2026l[?2026h[?25l[A[1Gpulling manifest [K
pulling a3de86cd1c13:  99% ▕█████████████████ ▏ 5.2 GB/5.2 GB  520 KB/s   1m47s[K[?25h[?2026l[?2026h[?25l[A[1Gpulling manifest [K
pulling a3de86cd1c13:  99% ▕█████████████████ ▏ 5.2 GB/5.2 GB  520 KB/s   1m47s[K[?25h[?2026l[?2026h[?25l[A[1Gpulling manifest [K
pulling a3de86cd1c13:  99% ▕█████████████████ ▏ 5.2 GB/5.2 GB  520 KB/s   1m47s[K[?25h[?2026l[?2026h[?25l[A[1Gpulling manifest [K
pulling a3de86cd1c13:  99% ▕█████████████████ ▏ 5.2 GB/5.2 GB  520 KB/s   1m47s[K[?25h[?2026l[?2026h[?25l[A[1Gpulling manifest [K
pulling a3de86cd1c13:  99% ▕█████████████████ ▏ 5.2 GB/5.2 GB  520 KB/s   1m46s[K[?25h[?2026l[?2026h[?25l[A[1Gpulling manifest [K
pulling a3de86cd1c13:  99% ▕█████████████████ ▏ 5.2 GB/5.2 GB  517 KB/s   1m47s[K[?25h[?2026l[?2026h[?25l[A[1Gpulling manifest [K
pulling a3de86cd1c13:  99% ▕█████████████████ ▏ 5.2 GB/5.2 GB  517 KB/s   1m47s[K[?25h[?2026l[?2026h[?25l[A[1Gpulling manifest [K
pulling a3de86cd1c13:  99% ▕█████████████████ ▏ 5.2 GB/5.2 GB  517 KB/s   1m47s[K[?25h[?2026l[?2026h[?25l[A[1Gpulling manifest [K
pulling a3de86cd1c13:  99% ▕█████████████████ ▏ 5.2 GB/5.2 GB  517 KB/s   1m47s[K[?25h[?2026l[?2026h[?25l[A[1Gpulling manifest [K
pulling a3de86cd1c13:  99% ▕█████████████████ ▏ 5.2 GB/5.2 GB  517 KB/s   1m47s[K[?25h[?2026l[?2026h[?25l[A[1Gpulling manifest [K
pulling a3de86cd1c13:  99% ▕█████████████████ ▏ 5.2 GB/5.2 GB  517 KB/s   1m47s[K[?25h[?2026l[?2026h[?25l[A[1Gpulling manifest [K
pulling a3de86cd1c13:  99% ▕█████████████████ ▏ 5.2 GB/5.2 GB  517 KB/s   1m47s[K[?25h[?2026l[?2026h[?25l[A[1Gpulling manifest [K
pulling a3de86cd1c13:  99% ▕█████████████████ ▏ 5.2 GB/5.2 GB  517 KB/s   1m47s[K[?25h[?2026l[?2026h[?25l[A[1Gpulling manifest [K
pulling a3de86cd1c13:  99% ▕█████████████████ ▏ 5.2 GB/5.2 GB  517 KB/s   1m46s[K[?25h[?2026l[?2026h[?25l[A[1Gpulling manifest [K
pulling a3de86cd1c13:  99% ▕█████████████████ ▏ 5.2 GB/5.2 GB  517 KB/s   1m46s[K[?25h[?2026l[?2026h[?25l[A[1Gpulling manifest [K
pulling a3de86cd1c13:  99% ▕█████████████████ ▏ 5.2 GB/5.2 GB  506 KB/s   1m49s[K[?25h[?2026l[?2026h[?25l[A[1Gpulling manifest [K
pulling a3de86cd1c13:  99% ▕█████████████████ ▏ 5.2 GB/5.2 GB  506 KB/s   1m49s[K[?25h[?2026l[?2026h[?25l[A[1Gpulling manifest [K
pulling a3de86cd1c13:  99% ▕█████████████████ ▏ 5.2 GB/5.2 GB  506 KB/s   1m48s[K[?25h[?2026l[?2026h[?25l[A[1Gpulling manifest [K
pulling a3de86cd1c13:  99% ▕█████████████████ ▏ 5.2 GB/5.2 GB  506 KB/s   1m48s[K[?25h[?2026l[?2026h[?25l[A[1Gpulling manifest [K
pulling a3de86cd1c13:  99% ▕█████████████████ ▏ 5.2 GB/5.2 GB  506 KB/s   1m48s[K[?25h[?2026l[?2026h[?25l[A[1Gpulling manifest [K
pulling a3de86cd1c13:  99% ▕█████████████████ ▏ 5.2 GB/5.2 GB  506 KB/s   1m48s[K[?25h[?2026l[?2026h[?25l[A[1Gpulling manifest [K
pulling a3de86cd1c13:  99% ▕█████████████████ ▏ 5.2 GB/5.2 GB  506 KB/s   1m48s[K[?25h[?2026l[?2026h[?25l[A[1Gpulling manifest [K
pulling a3de86cd1c13:  99% ▕█████████████████ ▏ 5.2 GB/5.2 GB  506 KB/s   1m48s[K[?25h[?2026l[?2026h[?25l[A[1Gpulling manifest [K
pulling a3de86cd1c13:  99% ▕█████████████████ ▏ 5.2 GB/5.2 GB  506 KB/s   1m48s[K[?25h[?2026l[?2026h[?25l[A[1Gpulling manifest [K
pulling a3de86cd1c13:  99% ▕█████████████████ ▏ 5.2 GB/5.2 GB  506 KB/s   1m48s[K[?25h[?2026l[?2026h[?25l[A[1Gpulling manifest [K
pulling a3de86cd1c13:  99% ▕█████████████████ ▏ 5.2 GB/5.2 GB  480 KB/s   1m53s[K[?25h[?2026l[?2026h[?25l[A[1Gpulling manifest [K
pulling a3de86cd1c13:  99% ▕█████████████████ ▏ 5.2 GB/5.2 GB  480 KB/s   1m53s[K[?25h[?2026l[?2026h[?25l[A[1Gpulling manifest [K
pulling a3de86cd1c13:  99% ▕█████████████████ ▏ 5.2 GB/5.2 GB  480 KB/s   1m53s[K[?25h[?2026l[?2026h[?25l[A[1Gpulling manifest [K
pulling a3de86cd1c13:  99% ▕█████████████████ ▏ 5.2 GB/5.2 GB  480 KB/s   1m53s[K[?25h[?2026l[?2026h[?25l[A[1Gpulling manifest [K
pulling a3de86cd1c13:  99% ▕█████████████████ ▏ 5.2 GB/5.2 GB  480 KB/s   1m53s[K[?25h[?2026l[?2026h[?25l[A[1Gpulling manifest [K
pulling a3de86cd1c13:  99% ▕█████████████████ ▏ 5.2 GB/5.2 GB  480 KB/s   1m53s[K[?25h[?2026l[?2026h[?25l[A[1Gpulling manifest [K
pulling a3de86cd1c13:  99% ▕█████████████████ ▏ 5.2 GB/5.2 GB  480 KB/s   1m53s[K[?25h[?2026l[?2026h[?25l[A[1Gpulling manifest [K
pulling a3de86cd1c13:  99% ▕█████████████████ ▏ 5.2 GB/5.2 GB  480 KB/s   1m53s[K[?25h[?2026l[?2026h[?25l[A[1Gpulling manifest [K
pulling a3de86cd1c13:  99% ▕█████████████████ ▏ 5.2 GB/5.2 GB  480 KB/s   1m53s[K[?25h[?2026l[?2026h[?25l[A[1Gpulling manifest [K
pulling a3de86cd1c13:  99% ▕█████████████████ ▏ 5.2 GB/5.2 GB  480 KB/s   1m53s[K[?25h[?2026l[?2026h[?25l[A[1Gpulling manifest [K
pulling a3de86cd1c13:  99% ▕█████████████████ ▏ 5.2 GB/5.2 GB  482 KB/s   1m52s[K[?25h[?2026l[?2026h[?25l[A[1Gpulling manifest [K
pulling a3de86cd1c13:  99% ▕█████████████████ ▏ 5.2 GB/5.2 GB  482 KB/s   1m52s[K[?25h[?2026l[?2026h[?25l[A[1Gpulling manifest [K
pulling a3de86cd1c13:  99% ▕█████████████████ ▏ 5.2 GB/5.2 GB  482 KB/s   1m52s[K[?25h[?2026l[?2026h[?25l[A[1Gpulling manifest [K
pulling a3de86cd1c13:  99% ▕█████████████████ ▏ 5.2 GB/5.2 GB  482 KB/s   1m51s[K[?25h[?2026l[?2026h[?25l[A[1Gpulling manifest [K
pulling a3de86cd1c13:  99% ▕█████████████████ ▏ 5.2 GB/5.2 GB  482 KB/s   1m51s[K[?25h[?2026l[?2026h[?25l[A[1Gpulling manifest [K
pulling a3de86cd1c13:  99% ▕█████████████████ ▏ 5.2 GB/5.2 GB  482 KB/s   1m51s[K[?25h[?2026l[?2026h[?25l[A[1Gpulling manifest [K
pulling a3de86cd1c13:  99% ▕█████████████████ ▏ 5.2 GB/5.2 GB  482 KB/s   1m51s[K[?25h[?2026l[?2026h[?25l[A[1Gpulling manifest [K
pulling a3de86cd1c13:  99% ▕█████████████████ ▏ 5.2 GB/5.2 GB  482 KB/s   1m51s[K[?25h[?2026l[?2026h[?25l[A[1Gpulling manifest [K
pulling a3de86cd1c13:  99% ▕█████████████████ ▏ 5.2 GB/5.2 GB  482 KB/s   1m51s[K[?25h[?2026l[?2026h[?25l[A[1Gpulling manifest [K
pulling a3de86cd1c13:  99% ▕█████████████████ ▏ 5.2 GB/5.2 GB  482 KB/s   1m51s[K[?25h[?2026l[?2026h[?25l[A[1Gpulling manifest [K
pulling a3de86cd1c13:  99% ▕█████████████████ ▏ 5.2 GB/5.2 GB  482 KB/s   1m51s[K[?25h[?2026l[?2026h[?25l[A[1Gpulling manifest [K
pulling a3de86cd1c13:  99% ▕█████████████████ ▏ 5.2 GB/5.2 GB  486 KB/s   1m50s[K[?25h[?2026l[?2026h[?25l[A[1Gpulling manifest [K
pulling a3de86cd1c13:  99% ▕█████████████████ ▏ 5.2 GB/5.2 GB  486 KB/s   1m49s[K[?25h[?2026l[?2026h[?25l[A[1Gpulling manifest [K
pulling a3de86cd1c13:  99% ▕█████████████████ ▏ 5.2 GB/5.2 GB  486 KB/s   1m49s[K[?25h[?2026l[?2026h[?25l[A[1Gpulling manifest [K
pulling a3de86cd1c13:  99% ▕█████████████████ ▏ 5.2 GB/5.2 GB  486 KB/s   1m49s[K[?25h[?2026l[?2026h[?25l[A[1Gpulling manifest [K
pulling a3de86cd1c13:  99% ▕█████████████████ ▏ 5.2 GB/5.2 GB  486 KB/s   1m49s[K[?25h[?2026l[?2026h[?25l[A[1Gpulling manifest [K
pulling a3de86cd1c13:  99% ▕█████████████████ ▏ 5.2 GB/5.2 GB  486 KB/s   1m49s[K[?25h[?2026l[?2026h[?25l[A[1Gpulling manifest [K
pulling a3de86cd1c13:  99% ▕█████████████████ ▏ 5.2 GB/5.2 GB  486 KB/s   1m49s[K[?25h[?2026l[?2026h[?25l[A[1Gpulling manifest [K
pulling a3de86cd1c13:  99% ▕█████████████████ ▏ 5.2 GB/5.2 GB  486 KB/s   1m49s[K[?25h[?2026l[?2026h[?25l[A[1Gpulling manifest [K
pulling a3de86cd1c13:  99% ▕█████████████████ ▏ 5.2 GB/5.2 GB  486 KB/s   1m49s[K[?25h[?2026l[?2026h[?25l[A[1Gpulling manifest [K
pulling a3de86cd1c13:  99% ▕█████████████████ ▏ 5.2 GB/5.2 GB  486 KB/s   1m48s[K[?25h[?2026l[?2026h[?25l[A[1Gpulling manifest [K
pulling a3de86cd1c13:  99% ▕█████████████████ ▏ 5.2 GB/5.2 GB  491 KB/s   1m47s[K[?25h[?2026l[?2026h[?25l[A[1Gpulling manifest [K
pulling a3de86cd1c13:  99% ▕█████████████████ ▏ 5.2 GB/5.2 GB  491 KB/s   1m47s[K[?25h[?2026l[?2026h[?25l[A[1Gpulling manifest [K
pulling a3de86cd1c13:  99% ▕█████████████████ ▏ 5.2 GB/5.2 GB  491 KB/s   1m47s[K[?25h[?2026l[?2026h[?25l[A[1Gpulling manifest [K
pulling a3de86cd1c13:  99% ▕█████████████████ ▏ 5.2 GB/5.2 GB  491 KB/s   1m47s[K[?25h[?2026l[?2026h[?25l[A[1Gpulling manifest [K
pulling a3de86cd1c13:  99% ▕█████████████████ ▏ 5.2 GB/5.2 GB  491 KB/s   1m47s[K[?25h[?2026l[?2026h[?25l[A[1Gpulling manifest [K
pulling a3de86cd1c13:  99% ▕█████████████████ ▏ 5.2 GB/5.2 GB  491 KB/s   1m47s[K[?25h[?2026l[?2026h[?25l[A[1Gpulling manifest [K
pulling a3de86cd1c13:  99% ▕█████████████████ ▏ 5.2 GB/5.2 GB  491 KB/s   1m46s[K[?25h[?2026l[?2026h[?25l[A[1Gpulling manifest [K
pulling a3de86cd1c13:  99% ▕█████████████████ ▏ 5.2 GB/5.2 GB  491 KB/s   1m46s[K[?25h[?2026l[?2026h[?25l[A[1Gpulling manifest [K
pulling a3de86cd1c13:  99% ▕█████████████████ ▏ 5.2 GB/5.2 GB  491 KB/s   1m46s[K[?25h[?2026l[?2026h[?25l[A[1Gpulling manifest [K
pulling a3de86cd1c13:  99% ▕█████████████████ ▏ 5.2 GB/5.2 GB  491 KB/s   1m46s[K[?25h[?2026l[?2026h[?25l[A[1Gpulling manifest [K
pulling a3de86cd1c13:  99% ▕█████████████████ ▏ 5.2 GB/5.2 GB  519 KB/s   1m40s[K[?25h[?2026l[?2026h[?25l[A[1Gpulling manifest [K
pulling a3de86cd1c13:  99% ▕█████████████████ ▏ 5.2 GB/5.2 GB  519 KB/s   1m40s[K[?25h[?2026l[?2026h[?25l[A[1Gpulling manifest [K
pulling a3de86cd1c13:  99% ▕█████████████████ ▏ 5.2 GB/5.2 GB  519 KB/s   1m40s[K[?25h[?2026l[?2026h[?25l[A[1Gpulling manifest [K
pulling a3de86cd1c13:  99% ▕█████████████████ ▏ 5.2 GB/5.2 GB  519 KB/s   1m40s[K[?25h[?2026l[?2026h[?25l[A[1Gpulling manifest [K
pulling a3de86cd1c13:  99% ▕█████████████████ ▏ 5.2 GB/5.2 GB  519 KB/s   1m40s[K[?25h[?2026l[?2026h[?25l[A[1Gpulling manifest [K
pulling a3de86cd1c13:  99% ▕█████████████████ ▏ 5.2 GB/5.2 GB  519 KB/s   1m40s[K[?25h[?2026l[?2026h[?25l[A[1Gpulling manifest [K
pulling a3de86cd1c13:  99% ▕█████████████████ ▏ 5.2 GB/5.2 GB  519 KB/s   1m40s[K[?25h[?2026l[?2026h[?25l[A[1Gpulling manifest [K
pulling a3de86cd1c13:  99% ▕█████████████████ ▏ 5.2 GB/5.2 GB  519 KB/s   1m40s[K[?25h[?2026l[?2026h[?25l[A[1Gpulling manifest [K
pulling a3de86cd1c13:  99% ▕█████████████████ ▏ 5.2 GB/5.2 GB  519 KB/s   1m39s[K[?25h[?2026l[?2026h[?25l[A[1Gpulling manifest [K
pulling a3de86cd1c13:  99% ▕█████████████████ ▏ 5.2 GB/5.2 GB  519 KB/s   1m39s[K[?25h[?2026l[?2026h[?25l[A[1Gpulling manifest [K
pulling a3de86cd1c13:  99% ▕█████████████████ ▏ 5.2 GB/5.2 GB  522 KB/s   1m39s[K[?25h[?2026l[?2026h[?25l[A[1Gpulling manifest [K
pulling a3de86cd1c13:  99% ▕█████████████████ ▏ 5.2 GB/5.2 GB  522 KB/s   1m39s[K[?25h[?2026l[?2026h[?25l[A[1Gpulling manifest [K
pulling a3de86cd1c13:  99% ▕█████████████████ ▏ 5.2 GB/5.2 GB  522 KB/s   1m38s[K[?25h[?2026l[?2026h[?25l[A[1Gpulling manifest [K
pulling a3de86cd1c13:  99% ▕█████████████████ ▏ 5.2 GB/5.2 GB  522 KB/s   1m38s[K[?25h[?2026l[?2026h[?25l[A[1Gpulling manifest [K
pulling a3de86cd1c13:  99% ▕█████████████████ ▏ 5.2 GB/5.2 GB  522 KB/s   1m38s[K[?25h[?2026l[?2026h[?25l[A[1Gpulling manifest [K
pulling a3de86cd1c13:  99% ▕█████████████████ ▏ 5.2 GB/5.2 GB  522 KB/s   1m38s[K[?25h[?2026l[?2026h[?25l[A[1Gpulling manifest [K
pulling a3de86cd1c13:  99% ▕█████████████████ ▏ 5.2 GB/5.2 GB  522 KB/s   1m38s[K[?25h[?2026l[?2026h[?25l[A[1Gpulling manifest [K
pulling a3de86cd1c13:  99% ▕█████████████████ ▏ 5.2 GB/5.2 GB  522 KB/s   1m38s[K[?25h[?2026l[?2026h[?25l[A[1Gpulling manifest [K
pulling a3de86cd1c13:  99% ▕█████████████████ ▏ 5.2 GB/5.2 GB  522 KB/s   1m38s[K[?25h[?2026l[?2026h[?25l[A[1Gpulling manifest [K
pulling a3de86cd1c13:  99% ▕█████████████████ ▏ 5.2 GB/5.2 GB  522 KB/s   1m38s[K[?25h[?2026l[?2026h[?25l[A[1Gpulling manifest [K
pulling a3de86cd1c13:  99% ▕█████████████████ ▏ 5.2 GB/5.2 GB  535 KB/s   1m35s[K[?25h[?2026l[?2026h[?25l[A[1Gpulling manifest [K
pulling a3de86cd1c13:  99% ▕█████████████████ ▏ 5.2 GB/5.2 GB  535 KB/s   1m35s[K[?25h[?2026l[?2026h[?25l[A[1Gpulling manifest [K
pulling a3de86cd1c13:  99% ▕█████████████████ ▏ 5.2 GB/5.2 GB  535 KB/s   1m35s[K[?25h[?2026l[?2026h[?25l[A[1Gpulling manifest [K
pulling a3de86cd1c13:  99% ▕█████████████████ ▏ 5.2 GB/5.2 GB  535 KB/s   1m35s[K[?25h[?2026l[?2026h[?25l[A[1Gpulling manifest [K
pulling a3de86cd1c13:  99% ▕█████████████████ ▏ 5.2 GB/5.2 GB  535 KB/s   1m35s[K[?25h[?2026l[?2026h[?25l[A[1Gpulling manifest [K
pulling a3de86cd1c13:  99% ▕█████████████████ ▏ 5.2 GB/5.2 GB  535 KB/s   1m35s[K[?25h[?2026l[?2026h[?25l[A[1Gpulling manifest [K
pulling a3de86cd1c13:  99% ▕█████████████████ ▏ 5.2 GB/5.2 GB  535 KB/s   1m35s[K[?25h[?2026l[?2026h[?25l[A[1Gpulling manifest [K
pulling a3de86cd1c13:  99% ▕█████████████████ ▏ 5.2 GB/5.2 GB  535 KB/s   1m35s[K[?25h[?2026l[?2026h[?25l[A[1Gpulling manifest [K
pulling a3de86cd1c13:  99% ▕█████████████████ ▏ 5.2 GB/5.2 GB  535 KB/s   1m35s[K[?25h[?2026l[?2026h[?25l[A[1Gpulling manifest [K
pulling a3de86cd1c13:  99% ▕█████████████████ ▏ 5.2 GB/5.2 GB  535 KB/s   1m35s[K[?25h[?2026l[?2026h[?25l[A[1Gpulling manifest [K
pulling a3de86cd1c13:  99% ▕█████████████████ ▏ 5.2 GB/5.2 GB  535 KB/s   1m34s[K[?25h[?2026l[?2026h[?25l[A[1Gpulling manifest [K
pulling a3de86cd1c13:  99% ▕█████████████████ ▏ 5.2 GB/5.2 GB  540 KB/s   1m33s[K[?25h[?2026l[?2026h[?25l[A[1Gpulling manifest [K
pulling a3de86cd1c13:  99% ▕█████████████████ ▏ 5.2 GB/5.2 GB  540 KB/s   1m33s[K[?25h[?2026l[?2026h[?25l[A[1Gpulling manifest [K
pulling a3de86cd1c13:  99% ▕█████████████████ ▏ 5.2 GB/5.2 GB  540 KB/s   1m33s[K[?25h[?2026l[?2026h[?25l[A[1Gpulling manifest [K
pulling a3de86cd1c13:  99% ▕█████████████████ ▏ 5.2 GB/5.2 GB  540 KB/s   1m33s[K[?25h[?2026l[?2026h[?25l[A[1Gpulling manifest [K
pulling a3de86cd1c13:  99% ▕█████████████████ ▏ 5.2 GB/5.2 GB  540 KB/s   1m33s[K[?25h[?2026l[?2026h[?25l[A[1Gpulling manifest [K
pulling a3de86cd1c13:  99% ▕█████████████████ ▏ 5.2 GB/5.2 GB  540 KB/s   1m33s[K[?25h[?2026l[?2026h[?25l[A[1Gpulling manifest [K
pulling a3de86cd1c13:  99% ▕█████████████████ ▏ 5.2 GB/5.2 GB  540 KB/s   1m33s[K[?25h[?2026l[?2026h[?25l[A[1Gpulling manifest [K
pulling a3de86cd1c13:  99% ▕█████████████████ ▏ 5.2 GB/5.2 GB  540 KB/s   1m33s[K[?25h[?2026l[?2026h[?25l[A[1Gpulling manifest [K
pulling a3de86cd1c13:  99% ▕█████████████████ ▏ 5.2 GB/5.2 GB  540 KB/s   1m33s[K[?25h[?2026l[?2026h[?25l[A[1Gpulling manifest [K
pulling a3de86cd1c13:  99% ▕█████████████████ ▏ 5.2 GB/5.2 GB  540 KB/s   1m33s[K[?25h[?2026l[?2026h[?25l[A[1Gpulling manifest [K
pulling a3de86cd1c13:  99% ▕█████████████████ ▏ 5.2 GB/5.2 GB  544 KB/s   1m32s[K[?25h[?2026l[?2026h[?25l[A[1Gpulling manifest [K
pulling a3de86cd1c13:  99% ▕█████████████████ ▏ 5.2 GB/5.2 GB  544 KB/s   1m32s[K[?25h[?2026l[?2026h[?25l[A[1Gpulling manifest [K
pulling a3de86cd1c13:  99% ▕█████████████████ ▏ 5.2 GB/5.2 GB  544 KB/s   1m32s[K[?25h[?2026l[?2026h[?25l[A[1Gpulling manifest [K
pulling a3de86cd1c13:  99% ▕█████████████████ ▏ 5.2 GB/5.2 GB  544 KB/s   1m32s[K[?25h[?2026l[?2026h[?25l[A[1Gpulling manifest [K
pulling a3de86cd1c13:  99% ▕█████████████████ ▏ 5.2 GB/5.2 GB  544 KB/s   1m32s[K[?25h[?2026l[?2026h[?25l[A[1Gpulling manifest [K
pulling a3de86cd1c13:  99% ▕█████████████████ ▏ 5.2 GB/5.2 GB  544 KB/s   1m32s[K[?25h[?2026l[?2026h[?25l[A[1Gpulling manifest [K
pulling a3de86cd1c13:  99% ▕█████████████████ ▏ 5.2 GB/5.2 GB  544 KB/s   1m32s[K[?25h[?2026l[?2026h[?25l[A[1Gpulling manifest [K
pulling a3de86cd1c13:  99% ▕█████████████████ ▏ 5.2 GB/5.2 GB  544 KB/s   1m31s[K[?25h[?2026l[?2026h[?25l[A[1Gpulling manifest [K
pulling a3de86cd1c13:  99% ▕█████████████████ ▏ 5.2 GB/5.2 GB  544 KB/s   1m31s[K[?25h[?2026l[?2026h[?25l[A[1Gpulling manifest [K
pulling a3de86cd1c13:  99% ▕█████████████████ ▏ 5.2 GB/5.2 GB  544 KB/s   1m31s[K[?25h[?2026l[?2026h[?25l[A[1Gpulling manifest [K
pulling a3de86cd1c13:  99% ▕█████████████████ ▏ 5.2 GB/5.2 GB  535 KB/s   1m33s[K[?25h[?2026l[?2026h[?25l[A[1Gpulling manifest [K
pulling a3de86cd1c13:  99% ▕█████████████████ ▏ 5.2 GB/5.2 GB  535 KB/s   1m33s[K[?25h[?2026l[?2026h[?25l[A[1Gpulling manifest [K
pulling a3de86cd1c13:  99% ▕█████████████████ ▏ 5.2 GB/5.2 GB  535 KB/s   1m33s[K[?25h[?2026l[?2026h[?25l[A[1Gpulling manifest [K
pulling a3de86cd1c13:  99% ▕█████████████████ ▏ 5.2 GB/5.2 GB  535 KB/s   1m33s[K[?25h[?2026l[?2026h[?25l[A[1Gpulling manifest [K
pulling a3de86cd1c13:  99% ▕█████████████████ ▏ 5.2 GB/5.2 GB  535 KB/s   1m32s[K[?25h[?2026l[?2026h[?25l[A[1Gpulling manifest [K
pulling a3de86cd1c13:  99% ▕█████████████████ ▏ 5.2 GB/5.2 GB  535 KB/s   1m32s[K[?25h[?2026l[?2026h[?25l[A[1Gpulling manifest [K
pulling a3de86cd1c13:  99% ▕█████████████████ ▏ 5.2 GB/5.2 GB  535 KB/s   1m32s[K[?25h[?2026l[?2026h[?25l[A[1Gpulling manifest [K
pulling a3de86cd1c13:  99% ▕█████████████████ ▏ 5.2 GB/5.2 GB  535 KB/s   1m32s[K[?25h[?2026l[?2026h[?25l[A[1Gpulling manifest [K
pulling a3de86cd1c13:  99% ▕█████████████████ ▏ 5.2 GB/5.2 GB  535 KB/s   1m32s[K[?25h[?2026l[?2026h[?25l[A[1Gpulling manifest [K
pulling a3de86cd1c13:  99% ▕█████████████████ ▏ 5.2 GB/5.2 GB  535 KB/s   1m32s[K[?25h[?2026l[?2026h[?25l[A[1Gpulling manifest [K
pulling a3de86cd1c13:  99% ▕█████████████████ ▏ 5.2 GB/5.2 GB  518 KB/s   1m35s[K[?25h[?2026l[?2026h[?25l[A[1Gpulling manifest [K
pulling a3de86cd1c13:  99% ▕█████████████████ ▏ 5.2 GB/5.2 GB  518 KB/s   1m35s[K[?25h[?2026l[?2026h[?25l[A[1Gpulling manifest [K
pulling a3de86cd1c13:  99% ▕█████████████████ ▏ 5.2 GB/5.2 GB  518 KB/s   1m35s[K[?25h[?2026l[?2026h[?25l[A[1Gpulling manifest [K
pulling a3de86cd1c13:  99% ▕█████████████████ ▏ 5.2 GB/5.2 GB  518 KB/s   1m35s[K[?25h[?2026l[?2026h[?25l[A[1Gpulling manifest [K
pulling a3de86cd1c13:  99% ▕█████████████████ ▏ 5.2 GB/5.2 GB  518 KB/s   1m35s[K[?25h[?2026l[?2026h[?25l[A[1Gpulling manifest [K
pulling a3de86cd1c13:  99% ▕█████████████████ ▏ 5.2 GB/5.2 GB  518 KB/s   1m35s[K[?25h[?2026l[?2026h[?25l[A[1Gpulling manifest [K
pulling a3de86cd1c13:  99% ▕█████████████████ ▏ 5.2 GB/5.2 GB  518 KB/s   1m34s[K[?25h[?2026l[?2026h[?25l[A[1Gpulling manifest [K
pulling a3de86cd1c13:  99% ▕█████████████████ ▏ 5.2 GB/5.2 GB  518 KB/s   1m34s[K[?25h[?2026l[?2026h[?25l[A[1Gpulling manifest [K
pulling a3de86cd1c13:  99% ▕█████████████████ ▏ 5.2 GB/5.2 GB  518 KB/s   1m34s[K[?25h[?2026l[?2026h[?25l[A[1Gpulling manifest [K
pulling a3de86cd1c13:  99% ▕█████████████████ ▏ 5.2 GB/5.2 GB  518 KB/s   1m34s[K[?25h[?2026l[?2026h[?25l[A[1Gpulling manifest [K
pulling a3de86cd1c13:  99% ▕█████████████████ ▏ 5.2 GB/5.2 GB  504 KB/s   1m37s[K[?25h[?2026l[?2026h[?25l[A[1Gpulling manifest [K
pulling a3de86cd1c13:  99% ▕█████████████████ ▏ 5.2 GB/5.2 GB  504 KB/s   1m37s[K[?25h[?2026l[?2026h[?25l[A[1Gpulling manifest [K
pulling a3de86cd1c13:  99% ▕█████████████████ ▏ 5.2 GB/5.2 GB  504 KB/s   1m37s[K[?25h[?2026l[?2026h[?25l[A[1Gpulling manifest [K
pulling a3de86cd1c13:  99% ▕█████████████████ ▏ 5.2 GB/5.2 GB  504 KB/s   1m37s[K[?25h[?2026l[?2026h[?25l[A[1Gpulling manifest [K
pulling a3de86cd1c13:  99% ▕█████████████████ ▏ 5.2 GB/5.2 GB  504 KB/s   1m37s[K[?25h[?2026l[?2026h[?25l[A[1Gpulling manifest [K
pulling a3de86cd1c13:  99% ▕█████████████████ ▏ 5.2 GB/5.2 GB  504 KB/s   1m36s[K[?25h[?2026l[?2026h[?25l[A[1Gpulling manifest [K
pulling a3de86cd1c13:  99% ▕█████████████████ ▏ 5.2 GB/5.2 GB  504 KB/s   1m36s[K[?25h[?2026l[?2026h[?25l[A[1Gpulling manifest [K
pulling a3de86cd1c13:  99% ▕█████████████████ ▏ 5.2 GB/5.2 GB  504 KB/s   1m36s[K[?25h[?2026l[?2026h[?25l[A[1Gpulling manifest [K
pulling a3de86cd1c13:  99% ▕█████████████████ ▏ 5.2 GB/5.2 GB  504 KB/s   1m36s[K[?25h[?2026l[?2026h[?25l[A[1Gpulling manifest [K
pulling a3de86cd1c13:  99% ▕█████████████████ ▏ 5.2 GB/5.2 GB  504 KB/s   1m36s[K[?25h[?2026l[?2026h[?25l[A[1Gpulling manifest [K
pulling a3de86cd1c13:  99% ▕█████████████████ ▏ 5.2 GB/5.2 GB  504 KB/s   1m36s[K[?25h[?2026l[?2026h[?25l[A[1Gpulling manifest [K
pulling a3de86cd1c13:  99% ▕█████████████████ ▏ 5.2 GB/5.2 GB  487 KB/s   1m39s[K[?25h[?2026l[?2026h[?25l[A[1Gpulling manifest [K
pulling a3de86cd1c13:  99% ▕█████████████████ ▏ 5.2 GB/5.2 GB  487 KB/s   1m39s[K[?25h[?2026l[?2026h[?25l[A[1Gpulling manifest [K
pulling a3de86cd1c13:  99% ▕█████████████████ ▏ 5.2 GB/5.2 GB  487 KB/s   1m39s[K[?25h[?2026l[?2026h[?25l[A[1Gpulling manifest [K
pulling a3de86cd1c13:  99% ▕█████████████████ ▏ 5.2 GB/5.2 GB  487 KB/s   1m39s[K[?25h[?2026l[?2026h[?25l[A[1Gpulling manifest [K
pulling a3de86cd1c13:  99% ▕█████████████████ ▏ 5.2 GB/5.2 GB  487 KB/s   1m39s[K[?25h[?2026l[?2026h[?25l[A[1Gpulling manifest [K
pulling a3de86cd1c13:  99% ▕█████████████████ ▏ 5.2 GB/5.2 GB  487 KB/s   1m38s[K[?25h[?2026l[?2026h[?25l[A[1Gpulling manifest [K
pulling a3de86cd1c13:  99% ▕█████████████████ ▏ 5.2 GB/5.2 GB  487 KB/s   1m38s[K[?25h[?2026l[?2026h[?25l[A[1Gpulling manifest [K
pulling a3de86cd1c13:  99% ▕█████████████████ ▏ 5.2 GB/5.2 GB  487 KB/s   1m38s[K[?25h[?2026l[?2026h[?25l[A[1Gpulling manifest [K
pulling a3de86cd1c13:  99% ▕█████████████████ ▏ 5.2 GB/5.2 GB  487 KB/s   1m38s[K[?25h[?2026l[?2026h[?25l[A[1Gpulling manifest [K
pulling a3de86cd1c13:  99% ▕█████████████████ ▏ 5.2 GB/5.2 GB  487 KB/s   1m38s[K[?25h[?2026l[?2026h[?25l[A[1Gpulling manifest [K
pulling a3de86cd1c13:  99% ▕█████████████████ ▏ 5.2 GB/5.2 GB  503 KB/s   1m34s[K[?25h[?2026l[?2026h[?25l[A[1Gpulling manifest [K
pulling a3de86cd1c13:  99% ▕█████████████████ ▏ 5.2 GB/5.2 GB  503 KB/s   1m34s[K[?25h[?2026l[?2026h[?25l[A[1Gpulling manifest [K
pulling a3de86cd1c13:  99% ▕█████████████████ ▏ 5.2 GB/5.2 GB  503 KB/s   1m33s[K[?25h[?2026l[?2026h[?25l[A[1Gpulling manifest [K
pulling a3de86cd1c13:  99% ▕█████████████████ ▏ 5.2 GB/5.2 GB  503 KB/s   1m33s[K[?25h[?2026l[?2026h[?25l[A[1Gpulling manifest [K
pulling a3de86cd1c13:  99% ▕█████████████████ ▏ 5.2 GB/5.2 GB  503 KB/s   1m33s[K[?25h[?2026l[?2026h[?25l[A[1Gpulling manifest [K
pulling a3de86cd1c13:  99% ▕█████████████████ ▏ 5.2 GB/5.2 GB  503 KB/s   1m32s[K[?25h[?2026l[?2026h[?25l[A[1Gpulling manifest [K
pulling a3de86cd1c13:  99% ▕█████████████████ ▏ 5.2 GB/5.2 GB  503 KB/s   1m32s[K[?25h[?2026l[?2026h[?25l[A[1Gpulling manifest [K
pulling a3de86cd1c13:  99% ▕█████████████████ ▏ 5.2 GB/5.2 GB  503 KB/s   1m32s[K[?25h[?2026l[?2026h[?25l[A[1Gpulling manifest [K
pulling a3de86cd1c13:  99% ▕█████████████████ ▏ 5.2 GB/5.2 GB  503 KB/s   1m31s[K[?25h[?2026l[?2026h[?25l[A[1Gpulling manifest [K
pulling a3de86cd1c13:  99% ▕█████████████████ ▏ 5.2 GB/5.2 GB  503 KB/s   1m31s[K[?25h[?2026l[?2026h[?25l[A[1Gpulling manifest [K
pulling a3de86cd1c13:  99% ▕█████████████████ ▏ 5.2 GB/5.2 GB  675 KB/s    1m7s[K[?25h[?2026l[?2026h[?25l[A[1Gpulling manifest [K
pulling a3de86cd1c13:  99% ▕█████████████████ ▏ 5.2 GB/5.2 GB  675 KB/s    1m7s[K[?25h[?2026l[?2026h[?25l[A[1Gpulling manifest [K
pulling a3de86cd1c13:  99% ▕█████████████████ ▏ 5.2 GB/5.2 GB  675 KB/s    1m7s[K[?25h[?2026l[?2026h[?25l[A[1Gpulling manifest [K
pulling a3de86cd1c13:  99% ▕█████████████████ ▏ 5.2 GB/5.2 GB  675 KB/s    1m6s[K[?25h[?2026l[?2026h[?25l[A[1Gpulling manifest [K
pulling a3de86cd1c13:  99% ▕█████████████████ ▏ 5.2 GB/5.2 GB  675 KB/s    1m6s[K[?25h[?2026l[?2026h[?25l[A[1Gpulling manifest [K
pulling a3de86cd1c13:  99% ▕█████████████████ ▏ 5.2 GB/5.2 GB  675 KB/s    1m6s[K[?25h[?2026l[?2026h[?25l[A[1Gpulling manifest [K
pulling a3de86cd1c13:  99% ▕█████████████████ ▏ 5.2 GB/5.2 GB  675 KB/s    1m5s[K[?25h[?2026l[?2026h[?25l[A[1Gpulling manifest [K
pulling a3de86cd1c13:  99% ▕█████████████████ ▏ 5.2 GB/5.2 GB  675 KB/s    1m5s[K[?25h[?2026l[?2026h[?25l[A[1Gpulling manifest [K
pulling a3de86cd1c13:  99% ▕█████████████████ ▏ 5.2 GB/5.2 GB  675 KB/s    1m5s[K[?25h[?2026l[?2026h[?25l[A[1Gpulling manifest [K
pulling a3de86cd1c13:  99% ▕█████████████████ ▏ 5.2 GB/5.2 GB  675 KB/s    1m4s[K[?25h[?2026l[?2026h[?25l[A[1Gpulling manifest [K
pulling a3de86cd1c13:  99% ▕█████████████████ ▏ 5.2 GB/5.2 GB  872 KB/s     49s[K[?25h[?2026l[?2026h[?25l[A[1Gpulling manifest [K
pulling a3de86cd1c13:  99% ▕█████████████████ ▏ 5.2 GB/5.2 GB  872 KB/s     49s[K[?25h[?2026l[?2026h[?25l[A[1Gpulling manifest [K
pulling a3de86cd1c13:  99% ▕█████████████████ ▏ 5.2 GB/5.2 GB  872 KB/s     49s[K[?25h[?2026l[?2026h[?25l[A[1Gpulling manifest [K
pulling a3de86cd1c13:  99% ▕█████████████████ ▏ 5.2 GB/5.2 GB  872 KB/s     49s[K[?25h[?2026l[?2026h[?25l[A[1Gpulling manifest [K
pulling a3de86cd1c13:  99% ▕█████████████████ ▏ 5.2 GB/5.2 GB  872 KB/s     48s[K[?25h[?2026l[?2026h[?25l[A[1Gpulling manifest [K
pulling a3de86cd1c13:  99% ▕█████████████████ ▏ 5.2 GB/5.2 GB  872 KB/s     48s[K[?25h[?2026l[?2026h[?25l[A[1Gpulling manifest [K
pulling a3de86cd1c13:  99% ▕█████████████████ ▏ 5.2 GB/5.2 GB  872 KB/s     48s[K[?25h[?2026l[?2026h[?25l[A[1Gpulling manifest [K
pulling a3de86cd1c13:  99% ▕█████████████████ ▏ 5.2 GB/5.2 GB  872 KB/s     47s[K[?25h[?2026l[?2026h[?25l[A[1Gpulling manifest [K
pulling a3de86cd1c13:  99% ▕█████████████████ ▏ 5.2 GB/5.2 GB  872 KB/s     47s[K[?25h[?2026l[?2026h[?25l[A[1Gpulling manifest [K
pulling a3de86cd1c13:  99% ▕█████████████████ ▏ 5.2 GB/5.2 GB  872 KB/s     46s[K[?25h[?2026l[?2026h[?25l[A[1Gpulling manifest [K
pulling a3de86cd1c13:  99% ▕█████████████████ ▏ 5.2 GB/5.2 GB  1.1 MB/s     35s[K[?25h[?2026l[?2026h[?25l[A[1Gpulling manifest [K
pulling a3de86cd1c13:  99% ▕█████████████████ ▏ 5.2 GB/5.2 GB  1.1 MB/s     35s[K[?25h[?2026l[?2026h[?25l[A[1Gpulling manifest [K
pulling a3de86cd1c13:  99% ▕█████████████████ ▏ 5.2 GB/5.2 GB  1.1 MB/s     34s[K[?25h[?2026l[?2026h[?25l[A[1Gpulling manifest [K
pulling a3de86cd1c13:  99% ▕█████████████████ ▏ 5.2 GB/5.2 GB  1.1 MB/s     34s[K[?25h[?2026l[?2026h[?25l[A[1Gpulling manifest [K
pulling a3de86cd1c13:  99% ▕█████████████████ ▏ 5.2 GB/5.2 GB  1.1 MB/s     33s[K[?25h[?2026l[?2026h[?25l[A[1Gpulling manifest [K
pulling a3de86cd1c13:  99% ▕█████████████████ ▏ 5.2 GB/5.2 GB  1.1 MB/s     33s[K[?25h[?2026l[?2026h[?25l[A[1Gpulling manifest [K
pulling a3de86cd1c13:  99% ▕█████████████████ ▏ 5.2 GB/5.2 GB  1.1 MB/s     33s[K[?25h[?2026l[?2026h[?25l[A[1Gpulling manifest [K
pulling a3de86cd1c13:  99% ▕█████████████████ ▏ 5.2 GB/5.2 GB  1.1 MB/s     33s[K[?25h[?2026l[?2026h[?25l[A[1Gpulling manifest [K
pulling a3de86cd1c13:  99% ▕█████████████████ ▏ 5.2 GB/5.2 GB  1.1 MB/s     32s[K[?25h[?2026l[?2026h[?25l[A[1Gpulling manifest [K
pulling a3de86cd1c13:  99% ▕█████████████████ ▏ 5.2 GB/5.2 GB  1.1 MB/s     31s[K[?25h[?2026l[?2026h[?25l[A[1Gpulling manifest [K
pulling a3de86cd1c13:  99% ▕█████████████████ ▏ 5.2 GB/5.2 GB  1.1 MB/s     30s[K[?25h[?2026l[?2026h[?25l[A[1Gpulling manifest [K
pulling a3de86cd1c13:  99% ▕█████████████████ ▏ 5.2 GB/5.2 GB  1.7 MB/s     20s[K[?25h[?2026l[?2026h[?25l[A[1Gpulling manifest [K
pulling a3de86cd1c13:  99% ▕█████████████████ ▏ 5.2 GB/5.2 GB  1.7 MB/s     19s[K[?25h[?2026l[?2026h[?25l[A[1Gpulling manifest [K
pulling a3de86cd1c13:  99% ▕█████████████████ ▏ 5.2 GB/5.2 GB  1.7 MB/s     19s[K[?25h[?2026l[?2026h[?25l[A[1Gpulling manifest [K
pulling a3de86cd1c13:  99% ▕█████████████████ ▏ 5.2 GB/5.2 GB  1.7 MB/s     18s[K[?25h[?2026l[?2026h[?25l[A[1Gpulling manifest [K
pulling a3de86cd1c13:  99% ▕█████████████████ ▏ 5.2 GB/5.2 GB  1.7 MB/s     18s[K[?25h[?2026l[?2026h[?25l[A[1Gpulling manifest [K
pulling a3de86cd1c13:  99% ▕█████████████████ ▏ 5.2 GB/5.2 GB  1.7 MB/s     18s[K[?25h[?2026l[?2026h[?25l[A[1Gpulling manifest [K
pulling a3de86cd1c13:  99% ▕█████████████████ ▏ 5.2 GB/5.2 GB  1.7 MB/s     18s[K[?25h[?2026l[?2026h[?25l[A[1Gpulling manifest [K
pulling a3de86cd1c13:  99% ▕█████████████████ ▏ 5.2 GB/5.2 GB  1.7 MB/s     17s[K[?25h[?2026l[?2026h[?25l[A[1Gpulling manifest [K
pulling a3de86cd1c13:  99% ▕█████████████████ ▏ 5.2 GB/5.2 GB  1.7 MB/s     17s[K[?25h[?2026l[?2026h[?25l[A[1Gpulling manifest [K
pulling a3de86cd1c13:  99% ▕█████████████████ ▏ 5.2 GB/5.2 GB  1.7 MB/s     16s[K[?25h[?2026l[?2026h[?25l[A[1Gpulling manifest [K
pulling a3de86cd1c13:  99% ▕█████████████████ ▏ 5.2 GB/5.2 GB  2.3 MB/s     12s[K[?25h[?2026l[?2026h[?25l[A[1Gpulling manifest [K
pulling a3de86cd1c13:  99% ▕█████████████████ ▏ 5.2 GB/5.2 GB  2.3 MB/s     11s[K[?25h[?2026l[?2026h[?25l[A[1Gpulling manifest [K
pulling a3de86cd1c13:  99% ▕█████████████████ ▏ 5.2 GB/5.2 GB  2.3 MB/s     11s[K[?25h[?2026l[?2026h[?25l[A[1Gpulling manifest [K
pulling a3de86cd1c13: 100% ▕█████████████████ ▏ 5.2 GB/5.2 GB  2.3 MB/s     10s[K[?25h[?2026l[?2026h[?25l[A[1Gpulling manifest [K
pulling a3de86cd1c13: 100% ▕█████████████████ ▏ 5.2 GB/5.2 GB  2.3 MB/s     10s[K[?25h[?2026l[?2026h[?25l[A[1Gpulling manifest [K
pulling a3de86cd1c13: 100% ▕█████████████████ ▏ 5.2 GB/5.2 GB  2.3 MB/s     10s[K[?25h[?2026l[?2026h[?25l[A[1Gpulling manifest [K
pulling a3de86cd1c13: 100% ▕█████████████████ ▏ 5.2 GB/5.2 GB  2.3 MB/s      9s[K[?25h[?2026l[?2026h[?25l[A[1Gpulling manifest [K
pulling a3de86cd1c13: 100% ▕█████████████████ ▏ 5.2 GB/5.2 GB  2.3 MB/s      9s[K[?25h[?2026l[?2026h[?25l[A[1Gpulling manifest [K
pulling a3de86cd1c13: 100% ▕█████████████████ ▏ 5.2 GB/5.2 GB  2.3 MB/s      9s[K[?25h[?2026l[?2026h[?25l[A[1Gpulling manifest [K
pulling a3de86cd1c13: 100% ▕█████████████████ ▏ 5.2 GB/5.2 GB  2.3 MB/s      8s[K[?25h[?2026l[?2026h[?25l[A[1Gpulling manifest [K
pulling a3de86cd1c13: 100% ▕█████████████████ ▏ 5.2 GB/5.2 GB  3.3 MB/s      5s[K[?25h[?2026l[?2026h[?25l[A[1Gpulling manifest [K
pulling a3de86cd1c13: 100% ▕█████████████████ ▏ 5.2 GB/5.2 GB  3.3 MB/s      5s[K[?25h[?2026l[?2026h[?25l[A[1Gpulling manifest [K
pulling a3de86cd1c13: 100% ▕█████████████████ ▏ 5.2 GB/5.2 GB  3.3 MB/s      5s[K[?25h[?2026l[?2026h[?25l[A[1Gpulling manifest [K
pulling a3de86cd1c13: 100% ▕█████████████████ ▏ 5.2 GB/5.2 GB  3.3 MB/s      5s[K[?25h[?2026l[?2026h[?25l[A[1Gpulling manifest [K
pulling a3de86cd1c13: 100% ▕█████████████████ ▏ 5.2 GB/5.2 GB  3.3 MB/s      4s[K[?25h[?2026l[?2026h[?25l[A[1Gpulling manifest [K
pulling a3de86cd1c13: 100% ▕█████████████████ ▏ 5.2 GB/5.2 GB  3.3 MB/s      4s[K[?25h[?2026l[?2026h[?25l[A[1Gpulling manifest [K
pulling a3de86cd1c13: 100% ▕█████████████████ ▏ 5.2 GB/5.2 GB  3.3 MB/s      3s[K[?25h[?2026l[?2026h[?25l[A[1Gpulling manifest [K
pulling a3de86cd1c13: 100% ▕█████████████████ ▏ 5.2 GB/5.2 GB  3.3 MB/s      3s[K[?25h[?2026l[?2026h[?25l[A[1Gpulling manifest [K
pulling a3de86cd1c13: 100% ▕█████████████████ ▏ 5.2 GB/5.2 GB  3.3 MB/s      2s[K[?25h[?2026l[?2026h[?25l[A[1Gpulling manifest [K
pulling a3de86cd1c13: 100% ▕█████████████████ ▏ 5.2 GB/5.2 GB  3.3 MB/s      2s[K[?25h[?2026l[?2026h[?25l[A[1Gpulling manifest [K
pulling a3de86cd1c13: 100% ▕█████████████████ ▏ 5.2 GB/5.2 GB  4.4 MB/s      2s[K[?25h[?2026l[?2026h[?25l[A[1Gpulling manifest [K
pulling a3de86cd1c13: 100% ▕█████████████████ ▏ 5.2 GB/5.2 GB  4.4 MB/s      1s[K[?25h[?2026l[?2026h[?25l[A[1Gpulling manifest [K
pulling a3de86cd1c13: 100% ▕█████████████████ ▏ 5.2 GB/5.2 GB  4.4 MB/s      1s[K[?25h[?2026l[?2026h[?25l[A[1Gpulling manifest [K
pulling a3de86cd1c13: 100% ▕█████████████████ ▏ 5.2 GB/5.2 GB  4.4 MB/s      1s[K[?25h[?2026l[?2026h[?25l[A[1Gpulling manifest [K
pulling a3de86cd1c13: 100% ▕█████████████████ ▏ 5.2 GB/5.2 GB  4.4 MB/s      0s[K[?25h[?2026l[?2026h[?25l[A[1Gpulling manifest [K
pulling a3de86cd1c13: 100% ▕█████████████████ ▏ 5.2 GB/5.2 GB  4.4 MB/s      0s[K[?25h[?2026l[?2026h[?25l[A[1Gpulling manifest [K
pulling a3de86cd1c13: 100% ▕█████████████████ ▏ 5.2 GB/5.2 GB  4.4 MB/s      0s[K[?25h[?2026l[?2026h[?25l[A[1Gpulling manifest [K
pulling a3de86cd1c13: 100% ▕█████████████████ ▏ 5.2 GB/5.2 GB  4.4 MB/s      0s[K[?25h[?2026l[?2026h[?25l[A[1Gpulling manifest [K
pulling a3de86cd1c13: 100% ▕██████████████████▏ 5.2 GB                         [K[?25h[?2026l[?2026h[?25l[A[1Gpulling manifest [K
pulling a3de86cd1c13: 100% ▕██████████████████▏ 5.2 GB                         [K[?25h[?2026l[?2026h[?25l[A[1Gpulling manifest [K
pulling a3de86cd1c13: 100% ▕██████████████████▏ 5.2 GB                         [K[?25h[?2026l[?2026h[?25l[A[1Gpulling manifest [K
pulling a3de86cd1c13: 100% ▕██████████████████▏ 5.2 GB                         [K[?25h[?2026l[?2026h[?25l[A[1Gpulling manifest [K
pulling a3de86cd1c13: 100% ▕██████████████████▏ 5.2 GB                         [K[?25h[?2026l[?2026h[?25l[A[1Gpulling manifest [K
pulling a3de86cd1c13: 100% ▕██████████████████▏ 5.2 GB                         [K[?25h[?2026l[?2026h[?25l[A[1Gpulling manifest [K
pulling a3de86cd1c13: 100% ▕██████████████████▏ 5.2 GB                         [K[?25h[?2026l[?2026h[?25l[A[1Gpulling manifest [K
pulling a3de86cd1c13: 100% ▕██████████████████▏ 5.2 GB                         [K[?25h[?2026l[?2026h[?25l[A[1Gpulling manifest [K
pulling a3de86cd1c13: 100% ▕██████████████████▏ 5.2 GB                         [K[?25h[?2026l[?2026h[?25l[A[1Gpulling manifest [K
pulling a3de86cd1c13: 100% ▕██████████████████▏ 5.2 GB                         [K[?25h[?2026l[?2026h[?25l[A[1Gpulling manifest [K
pulling a3de86cd1c13: 100% ▕██████████████████▏ 5.2 GB                         [K[?25h[?2026l[?2026h[?25l[A[1Gpulling manifest [K
pulling a3de86cd1c13: 100% ▕██████████████████▏ 5.2 GB                         [K[?25h[?2026l[?2026h[?25l[A[1Gpulling manifest [K
pulling a3de86cd1c13: 100% ▕██████████████████▏ 5.2 GB                         [K[?25h[?2026l[?2026h[?25l[A[1Gpulling manifest [K
pulling a3de86cd1c13: 100% ▕██████████████████▏ 5.2 GB                         [K[?25h[?2026l[?2026h[?25l[A[1Gpulling manifest [K
pulling a3de86cd1c13: 100% ▕██████████████████▏ 5.2 GB                         [K[?25h[?2026l[?2026h[?25l[A[1Gpulling manifest [K
pulling a3de86cd1c13: 100% ▕██████████████████▏ 5.2 GB                         [K[?25h[?2026l[?2026h[?25l[A[1Gpulling manifest [K
pulling a3de86cd1c13: 100% ▕██████████████████▏ 5.2 GB                         [K[?25h[?2026l[?2026h[?25l[A[1Gpulling manifest [K
pulling a3de86cd1c13: 100% ▕██████████████████▏ 5.2 GB                         [K[?25h[?2026l[?2026h[?25l[A[1Gpulling manifest [K
pulling a3de86cd1c13: 100% ▕██████████████████▏ 5.2 GB                         [K[?25h[?2026l[?2026h[?25l[A[1Gpulling manifest [K
pulling a3de86cd1c13: 100% ▕██████████████████▏ 5.2 GB                         [K[?25h[?2026l[?2026h[?25l[A[1Gpulling manifest [K
pulling a3de86cd1c13: 100% ▕██████████████████▏ 5.2 GB                         [K[?25h[?2026l[?2026h[?25l[A[1Gpulling manifest [K
pulling a3de86cd1c13: 100% ▕██████████████████▏ 5.2 GB                         [K[?25h[?2026l[?2026h[?25l[A[1Gpulling manifest [K
pulling a3de86cd1c13: 100% ▕██████████████████▏ 5.2 GB                         [K[?25h[?2026l[?2026h[?25l[A[1Gpulling manifest [K
pulling a3de86cd1c13: 100% ▕██████████████████▏ 5.2 GB                         [K[?25h[?2026l[?2026h[?25l[A[1Gpulling manifest [K
pulling a3de86cd1c13: 100% ▕██████████████████▏ 5.2 GB                         [K[?25h[?2026l[?2026h[?25l[A[1Gpulling manifest [K
pulling a3de86cd1c13: 100% ▕██████████████████▏ 5.2 GB                         [K[?25h[?2026l[?2026h[?25l[A[1Gpulling manifest [K
pulling a3de86cd1c13: 100% ▕██████████████████▏ 5.2 GB                         [K[?25h[?2026l[?2026h[?25l[A[1Gpulling manifest [K
pulling a3de86cd1c13: 100% ▕██████████████████▏ 5.2 GB                         [K[?25h[?2026l[?2026h[?25l[A[1Gpulling manifest [K
pulling a3de86cd1c13: 100% ▕██████████████████▏ 5.2 GB                         [K[?25h[?2026l[?2026h[?25l[A[1Gpulling manifest [K
pulling a3de86cd1c13: 100% ▕██████████████████▏ 5.2 GB                         [K[?25h[?2026l[?2026h[?25l[A[1Gpulling manifest [K
pulling a3de86cd1c13: 100% ▕██████████████████▏ 5.2 GB                         [K[?25h[?2026l[?2026h[?25l[A[1Gpulling manifest [K
pulling a3de86cd1c13: 100% ▕██████████████████▏ 5.2 GB                         [K[?25h[?2026l[?2026h[?25l[A[1Gpulling manifest [K
pulling a3de86cd1c13: 100% ▕██████████████████▏ 5.2 GB                         [K[?25h[?2026l[?2026h[?25l[A[1Gpulling manifest [K
pulling a3de86cd1c13: 100% ▕██████████████████▏ 5.2 GB                         [K[?25h[?2026l[?2026h[?25l[A[1Gpulling manifest [K
pulling a3de86cd1c13: 100% ▕██████████████████▏ 5.2 GB                         [K[?25h[?2026l[?2026h[?25l[A[1Gpulling manifest [K
pulling a3de86cd1c13: 100% ▕██████████████████▏ 5.2 GB                         [K[?25h[?2026l[?2026h[?25l[A[1Gpulling manifest [K
pulling a3de86cd1c13: 100% ▕██████████████████▏ 5.2 GB                         [K[?25h[?2026l[?2026h[?25l[A[1Gpulling manifest [K
pulling a3de86cd1c13: 100% ▕██████████████████▏ 5.2 GB                         [K[?25h[?2026l[?2026h[?25l[A[1Gpulling manifest [K
pulling a3de86cd1c13: 100% ▕██████████████████▏ 5.2 GB                         [K[?25h[?2026l[?2026h[?25l[A[1Gpulling manifest [K
pulling a3de86cd1c13: 100% ▕██████████████████▏ 5.2 GB                         [K[?25h[?2026l[?2026h[?25l[A[1Gpulling manifest [K
pulling a3de86cd1c13: 100% ▕██████████████████▏ 5.2 GB                         [K[?25h[?2026l[?2026h[?25l[A[1Gpulling manifest [K
pulling a3de86cd1c13: 100% ▕██████████████████▏ 5.2 GB                         [K[?25h[?2026l[?2026h[?25l[A[1Gpulling manifest [K
pulling a3de86cd1c13: 100% ▕██████████████████▏ 5.2 GB                         [K[?25h[?2026l[?2026h[?25l[A[1Gpulling manifest [K
pulling a3de86cd1c13: 100% ▕██████████████████▏ 5.2 GB                         [K[?25h[?2026l[?2026h[?25l[A[1Gpulling manifest [K
pulling a3de86cd1c13: 100% ▕██████████████████▏ 5.2 GB                         [K[?25h[?2026l[?2026h[?25l[A[1Gpulling manifest [K
pulling a3de86cd1c13: 100% ▕██████████████████▏ 5.2 GB                         [K[?25h[?2026l[?2026h[?25l[A[1Gpulling manifest [K
pulling a3de86cd1c13: 100% ▕██████████████████▏ 5.2 GB                         [K[?25h[?2026l[?2026h[?25l[A[1Gpulling manifest [K
pulling a3de86cd1c13: 100% ▕██████████████████▏ 5.2 GB                         [K[?25h[?2026l[?2026h[?25l[A[1Gpulling manifest [K
pulling a3de86cd1c13: 100% ▕██████████████████▏ 5.2 GB                         [K[?25h[?2026l[?2026h[?25l[A[1Gpulling manifest [K
pulling a3de86cd1c13: 100% ▕██████████████████▏ 5.2 GB                         [K[?25h[?2026l[?2026h[?25l[A[1Gpulling manifest [K
pulling a3de86cd1c13: 100% ▕██████████████████▏ 5.2 GB                         [K[?25h[?2026l[?2026h[?25l[A[1Gpulling manifest [K
pulling a3de86cd1c13: 100% ▕██████████████████▏ 5.2 GB                         [K[?25h[?2026l[?2026h[?25l[A[1Gpulling manifest [K
pulling a3de86cd1c13: 100% ▕██████████████████▏ 5.2 GB                         [K[?25h[?2026l[?2026h[?25l[A[1Gpulling manifest [K
pulling a3de86cd1c13: 100% ▕██████████████████▏ 5.2 GB                         [K[?25h[?2026l[?2026h[?25l[A[1Gpulling manifest [K
pulling a3de86cd1c13: 100% ▕██████████████████▏ 5.2 GB                         [K[?25h[?2026l[?2026h[?25l[A[1Gpulling manifest [K
pulling a3de86cd1c13: 100% ▕██████████████████▏ 5.2 GB                         [K[?25h[?2026l[?2026h[?25l[A[1Gpulling manifest [K
pulling a3de86cd1c13: 100% ▕██████████████████▏ 5.2 GB                         [K[?25h[?2026l[?2026h[?25l[A[1Gpulling manifest [K
pulling a3de86cd1c13: 100% ▕██████████████████▏ 5.2 GB                         [K[?25h[?2026l[?2026h[?25l[A[1Gpulling manifest [K
pulling a3de86cd1c13: 100% ▕██████████████████▏ 5.2 GB                         [K[?25h[?2026l[?2026h[?25l[A[1Gpulling manifest [K
pulling a3de86cd1c13: 100% ▕██████████████████▏ 5.2 GB                         [K[?25h[?2026l[?2026h[?25l[A[1Gpulling manifest [K
pulling a3de86cd1c13: 100% ▕██████████████████▏ 5.2 GB                         [K[?25h[?2026l[?2026h[?25l[A[1Gpulling manifest [K
pulling a3de86cd1c13: 100% ▕██████████████████▏ 5.2 GB                         [K[?25h[?2026l[?2026h[?25l[A[1Gpulling manifest [K
pulling a3de86cd1c13: 100% ▕██████████████████▏ 5.2 GB                         [K[?25h[?2026l[?2026h[?25l[A[1Gpulling manifest [K
pulling a3de86cd1c13: 100% ▕██████████████████▏ 5.2 GB                         [K[?25h[?2026l[?2026h[?25l[A[1Gpulling manifest [K
pulling a3de86cd1c13: 100% ▕██████████████████▏ 5.2 GB                         [K[?25h[?2026l[?2026h[?25l[A[1Gpulling manifest [K
pulling a3de86cd1c13: 100% ▕██████████████████▏ 5.2 GB                         [K[?25h[?2026l[?2026h[?25l[A[1Gpulling manifest [K
pulling a3de86cd1c13: 100% ▕██████████████████▏ 5.2 GB                         [K[?25h[?2026l[?2026h[?25l[A[1Gpulling manifest [K
pulling a3de86cd1c13: 100% ▕██████████████████▏ 5.2 GB                         [K[?25h[?2026l[?2026h[?25l[A[1Gpulling manifest [K
pulling a3de86cd1c13: 100% ▕██████████████████▏ 5.2 GB                         [K[?25h[?2026l[?2026h[?25l[A[1Gpulling manifest [K
pulling a3de86cd1c13: 100% ▕██████████████████▏ 5.2 GB                         [K[?25h[?2026l[?2026h[?25l[A[1Gpulling manifest [K
pulling a3de86cd1c13: 100% ▕██████████████████▏ 5.2 GB                         [K[?25h[?2026l[?2026h[?25l[A[1Gpulling manifest [K
pulling a3de86cd1c13: 100% ▕██████████████████▏ 5.2 GB                         [K[?25h[?2026l[?2026h[?25l[A[1Gpulling manifest [K
pulling a3de86cd1c13: 100% ▕██████████████████▏ 5.2 GB                         [K[?25h[?2026l[?2026h[?25l[A[1Gpulling manifest [K
pulling a3de86cd1c13: 100% ▕██████████████████▏ 5.2 GB                         [K[?25h[?2026l[?2026h[?25l[A[1Gpulling manifest [K
pulling a3de86cd1c13: 100% ▕██████████████████▏ 5.2 GB                         [K[?25h[?2026l[?2026h[?25l[A[1Gpulling manifest [K
pulling a3de86cd1c13: 100% ▕██████████████████▏ 5.2 GB                         [K[?25h[?2026l[?2026h[?25l[A[1Gpulling manifest [K
pulling a3de86cd1c13: 100% ▕██████████████████▏ 5.2 GB                         [K[?25h[?2026l[?2026h[?25l[A[1Gpulling manifest [K
pulling a3de86cd1c13: 100% ▕██████████████████▏ 5.2 GB                         [K[?25h[?2026l[?2026h[?25l[A[1Gpulling manifest [K
pulling a3de86cd1c13: 100% ▕██████████████████▏ 5.2 GB                         [K[?25h[?2026l[?2026h[?25l[A[1Gpulling manifest [K
pulling a3de86cd1c13: 100% ▕██████████████████▏ 5.2 GB                         [K[?25h[?2026l[?2026h[?25l[A[1Gpulling manifest [K
pulling a3de86cd1c13: 100% ▕██████████████████▏ 5.2 GB                         [K[?25h[?2026l[?2026h[?25l[A[1Gpulling manifest [K
pulling a3de86cd1c13: 100% ▕██████████████████▏ 5.2 GB                         [K[?25h[?2026l[?2026h[?25l[A[1Gpulling manifest [K
pulling a3de86cd1c13: 100% ▕██████████████████▏ 5.2 GB                         [K[?25h[?2026l[?2026h[?25l[A[1Gpulling manifest [K
pulling a3de86cd1c13: 100% ▕██████████████████▏ 5.2 GB                         [K[?25h[?2026l[?2026h[?25l[A[1Gpulling manifest [K
pulling a3de86cd1c13: 100% ▕██████████████████▏ 5.2 GB                         [K[?25h[?2026l[?2026h[?25l[A[1Gpulling manifest [K
pulling a3de86cd1c13: 100% ▕██████████████████▏ 5.2 GB                         [K[?25h[?2026l[?2026h[?25l[A[1Gpulling manifest [K
pulling a3de86cd1c13: 100% ▕██████████████████▏ 5.2 GB                         [K[?25h[?2026l[?2026h[?25l[A[1Gpulling manifest [K
pulling a3de86cd1c13: 100% ▕██████████████████▏ 5.2 GB                         [K
verifying sha256 digest ⠋ [K[?25h[?2026l[?2026h[?25l[A[A[1Gpulling manifest [K
pulling a3de86cd1c13: 100% ▕██████████████████▏ 5.2 GB                         [K
verifying sha256 digest ⠙ [K[?25h[?2026l[?2026h[?25l[A[A[1Gpulling manifest [K
pulling a3de86cd1c13: 100% ▕██████████████████▏ 5.2 GB                         [K
verifying sha256 digest ⠹ [K[?25h[?2026l[?2026h[?25l[A[A[1Gpulling manifest [K
pulling a3de86cd1c13: 100% ▕██████████████████▏ 5.2 GB                         [K
verifying sha256 digest ⠸ [K[?25h[?2026l[?2026h[?25l[A[A[1Gpulling manifest [K
pulling a3de86cd1c13: 100% ▕██████████████████▏ 5.2 GB                         [K
verifying sha256 digest ⠼ [K[?25h[?2026l[?2026h[?25l[A[A[1Gpulling manifest [K
pulling a3de86cd1c13: 100% ▕██████████████████▏ 5.2 GB                         [K
verifying sha256 digest ⠴ [K[?25h[?2026l[?2026h[?25l[A[A[1Gpulling manifest [K
pulling a3de86cd1c13: 100% ▕██████████████████▏ 5.2 GB                         [K
verifying sha256 digest ⠦ [K[?25h[?2026l[?2026h[?25l[A[A[1Gpulling manifest [K
pulling a3de86cd1c13: 100% ▕██████████████████▏ 5.2 GB                         [K
verifying sha256 digest ⠧ [K[?25h[?2026l[?2026h[?25l[A[A[1Gpulling manifest [K
pulling a3de86cd1c13: 100% ▕██████████████████▏ 5.2 GB                         [K
verifying sha256 digest ⠇ [K[?25h[?2026l[?2026h[?25l[A[A[1Gpulling manifest [K
pulling a3de86cd1c13: 100% ▕██████████████████▏ 5.2 GB                         [K
verifying sha256 digest ⠏ [K[?25h[?2026l[?2026h[?25l[A[A[1Gpulling manifest [K
pulling a3de86cd1c13: 100% ▕██████████████████▏ 5.2 GB                         [K
verifying sha256 digest ⠋ [K[?25h[?2026l[?2026h[?25l[A[A[1Gpulling manifest [K
pulling a3de86cd1c13: 100% ▕██████████████████▏ 5.2 GB                         [K
verifying sha256 digest ⠙ [K[?25h[?2026l[?2026h[?25l[A[A[1Gpulling manifest [K
pulling a3de86cd1c13: 100% ▕██████████████████▏ 5.2 GB                         [K
verifying sha256 digest ⠹ [K[?25h[?2026l[?2026h[?25l[A[A[1Gpulling manifest [K
pulling a3de86cd1c13: 100% ▕██████████████████▏ 5.2 GB                         [K
verifying sha256 digest ⠸ [K[?25h[?2026l[?2026h[?25l[A[A[1Gpulling manifest [K
pulling a3de86cd1c13: 100% ▕██████████████████▏ 5.2 GB                         [K
verifying sha256 digest ⠼ [K[?25h[?2026l[?2026h[?25l[A[A[1Gpulling manifest [K
pulling a3de86cd1c13: 100% ▕██████████████████▏ 5.2 GB                         [K
verifying sha256 digest ⠴ [K[?25h[?2026l[?2026h[?25l[A[A[1Gpulling manifest [K
pulling a3de86cd1c13: 100% ▕██████████████████▏ 5.2 GB                         [K
verifying sha256 digest ⠦ [K[?25h[?2026l[?2026h[?25l[A[A[1Gpulling manifest [K
pulling a3de86cd1c13: 100% ▕██████████████████▏ 5.2 GB                         [K
verifying sha256 digest ⠧ [K[?25h[?2026l[?2026h[?25l[A[A[1Gpulling manifest [K
pulling a3de86cd1c13: 100% ▕██████████████████▏ 5.2 GB                         [K
verifying sha256 digest ⠇ [K[?25h[?2026l[?2026h[?25l[A[A[1Gpulling manifest [K
pulling a3de86cd1c13: 100% ▕██████████████████▏ 5.2 GB                         [K
verifying sha256 digest ⠏ [K[?25h[?2026l[?2026h[?25l[A[A[1Gpulling manifest [K
pulling a3de86cd1c13: 100% ▕██████████████████▏ 5.2 GB                         [K
verifying sha256 digest ⠋ [K[?25h[?2026l[?2026h[?25l[A[A[1Gpulling manifest [K
pulling a3de86cd1c13: 100% ▕██████████████████▏ 5.2 GB                         [K
verifying sha256 digest ⠙ [K[?25h[?2026l[?2026h[?25l[A[A[1Gpulling manifest [K
pulling a3de86cd1c13: 100% ▕██████████████████▏ 5.2 GB                         [K
verifying sha256 digest ⠹ [K[?25h[?2026l[?2026h[?25l[A[A[1Gpulling manifest [K
pulling a3de86cd1c13: 100% ▕██████████████████▏ 5.2 GB                         [K
verifying sha256 digest ⠸ [K[?25h[?2026l[?2026h[?25l[A[A[1Gpulling manifest [K
pulling a3de86cd1c13: 100% ▕██████████████████▏ 5.2 GB                         [K
verifying sha256 digest ⠼ [K[?25h[?2026l[?2026h[?25l[A[A[1Gpulling manifest [K
pulling a3de86cd1c13: 100% ▕██████████████████▏ 5.2 GB                         [K
verifying sha256 digest ⠴ [K[?25h[?2026l[?2026h[?25l[A[A[1Gpulling manifest [K
pulling a3de86cd1c13: 100% ▕██████████████████▏ 5.2 GB                         [K
verifying sha256 digest ⠦ [K[?25h[?2026l[?2026h[?25l[A[A[1Gpulling manifest [K
pulling a3de86cd1c13: 100% ▕██████████████████▏ 5.2 GB                         [K
verifying sha256 digest ⠧ [K[?25h[?2026l[?2026h[?25l[A[A[1Gpulling manifest [K
pulling a3de86cd1c13: 100% ▕██████████████████▏ 5.2 GB                         [K
verifying sha256 digest ⠇ [K[?25h[?2026l[?2026h[?25l[A[A[1Gpulling manifest [K
pulling a3de86cd1c13: 100% ▕██████████████████▏ 5.2 GB                         [K
verifying sha256 digest ⠏ [K[?25h[?2026l[?2026h[?25l[A[A[1Gpulling manifest [K
pulling a3de86cd1c13: 100% ▕██████████████████▏ 5.2 GB                         [K
verifying sha256 digest ⠋ [K[?25h[?2026l[?2026h[?25l[A[A[1Gpulling manifest [K
pulling a3de86cd1c13: 100% ▕██████████████████▏ 5.2 GB                         [K
verifying sha256 digest ⠙ [K[?25h[?2026l[?2026h[?25l[A[A[1Gpulling manifest [K
pulling a3de86cd1c13: 100% ▕██████████████████▏ 5.2 GB                         [K
verifying sha256 digest ⠹ [K[?25h[?2026l[?2026h[?25l[A[A[1Gpulling manifest [K
pulling a3de86cd1c13: 100% ▕██████████████████▏ 5.2 GB                         [K
verifying sha256 digest ⠸ [K[?25h[?2026l[?2026h[?25l[A[A[1Gpulling manifest [K
pulling a3de86cd1c13: 100% ▕██████████████████▏ 5.2 GB                         [K
verifying sha256 digest ⠼ [K[?25h[?2026l[?2026h[?25l[A[A[1Gpulling manifest [K
pulling a3de86cd1c13: 100% ▕██████████████████▏ 5.2 GB                         [K
verifying sha256 digest ⠴ [K[?25h[?2026l[?2026h[?25l[A[A[1Gpulling manifest [K
pulling a3de86cd1c13: 100% ▕██████████████████▏ 5.2 GB                         [K
verifying sha256 digest ⠦ [K[?25h[?2026l[?2026h[?25l[A[A[1Gpulling manifest [K
pulling a3de86cd1c13: 100% ▕██████████████████▏ 5.2 GB                         [K
verifying sha256 digest ⠧ [K[?25h[?2026l[?2026h[?25l[A[A[1Gpulling manifest [K
pulling a3de86cd1c13: 100% ▕██████████████████▏ 5.2 GB                         [K
verifying sha256 digest ⠇ [K[?25h[?2026l[?2026h[?25l[A[A[1Gpulling manifest [K
pulling a3de86cd1c13: 100% ▕██████████████████▏ 5.2 GB                         [K
verifying sha256 digest ⠏ [K[?25h[?2026l[?2026h[?25l[A[A[1Gpulling manifest [K
pulling a3de86cd1c13: 100% ▕██████████████████▏ 5.2 GB                         [K
verifying sha256 digest ⠋ [K[?25h[?2026l[?2026h[?25l[A[A[1Gpulling manifest [K
pulling a3de86cd1c13: 100% ▕██████████████████▏ 5.2 GB                         [K
verifying sha256 digest ⠙ [K[?25h[?2026l[?2026h[?25l[A[A[1Gpulling manifest [K
pulling a3de86cd1c13: 100% ▕██████████████████▏ 5.2 GB                         [K
verifying sha256 digest ⠹ [K[?25h[?2026l[?2026h[?25l[A[A[1Gpulling manifest [K
pulling a3de86cd1c13: 100% ▕██████████████████▏ 5.2 GB                         [K
verifying sha256 digest ⠸ [K[?25h[?2026l[?2026h[?25l[A[A[1Gpulling manifest [K
pulling a3de86cd1c13: 100% ▕██████████████████▏ 5.2 GB                         [K
verifying sha256 digest ⠼ [K[?25h[?2026l[?2026h[?25l[A[A[1Gpulling manifest [K
pulling a3de86cd1c13: 100% ▕██████████████████▏ 5.2 GB                         [K
verifying sha256 digest ⠴ [K[?25h[?2026l[?2026h[?25l[A[A[1Gpulling manifest [K
pulling a3de86cd1c13: 100% ▕██████████████████▏ 5.2 GB                         [K
verifying sha256 digest ⠦ [K[?25h[?2026l[?2026h[?25l[A[A[1Gpulling manifest [K
pulling a3de86cd1c13: 100% ▕██████████████████▏ 5.2 GB                         [K
verifying sha256 digest ⠧ [K[?25h[?2026l[?2026h[?25l[A[A[1Gpulling manifest [K
pulling a3de86cd1c13: 100% ▕██████████████████▏ 5.2 GB                         [K
verifying sha256 digest ⠇ [K[?25h[?2026l[?2026h[?25l[A[A[1Gpulling manifest [K
pulling a3de86cd1c13: 100% ▕██████████████████▏ 5.2 GB                         [K
verifying sha256 digest ⠏ [K[?25h[?2026l[?2026h[?25l[A[A[1Gpulling manifest [K
pulling a3de86cd1c13: 100% ▕██████████████████▏ 5.2 GB                         [K
verifying sha256 digest ⠋ [K[?25h[?2026l[?2026h[?25l[A[A[1Gpulling manifest [K
pulling a3de86cd1c13: 100% ▕██████████████████▏ 5.2 GB                         [K
verifying sha256 digest ⠙ [K[?25h[?2026l[?2026h[?25l[A[A[1Gpulling manifest [K
pulling a3de86cd1c13: 100% ▕██████████████████▏ 5.2 GB                         [K
verifying sha256 digest ⠹ [K[?25h[?2026l[?2026h[?25l[A[A[1Gpulling manifest [K
pulling a3de86cd1c13: 100% ▕██████████████████▏ 5.2 GB                         [K
verifying sha256 digest ⠸ [K[?25h[?2026l[?2026h[?25l[A[A[1Gpulling manifest [K
pulling a3de86cd1c13: 100% ▕██████████████████▏ 5.2 GB                         [K
verifying sha256 digest ⠼ [K[?25h[?2026l[?2026h[?25l[A[A[1Gpulling manifest [K
pulling a3de86cd1c13: 100% ▕██████████████████▏ 5.2 GB                         [K
verifying sha256 digest ⠴ [K[?25h[?2026l[?2026h[?25l[A[A[1Gpulling manifest [K
pulling a3de86cd1c13: 100% ▕██████████████████▏ 5.2 GB                         [K
verifying sha256 digest ⠦ [K[?25h[?2026l[?2026h[?25l[A[A[1Gpulling manifest [K
pulling a3de86cd1c13: 100% ▕██████████████████▏ 5.2 GB                         [K
verifying sha256 digest ⠧ [K[?25h[?2026l[?2026h[?25l[A[A[1Gpulling manifest [K
pulling a3de86cd1c13: 100% ▕██████████████████▏ 5.2 GB                         [K
verifying sha256 digest ⠇ [K[?25h[?2026l[?2026h[?25l[A[A[1Gpulling manifest [K
pulling a3de86cd1c13: 100% ▕██████████████████▏ 5.2 GB                         [K
verifying sha256 digest ⠏ [K[?25h[?2026l[?2026h[?25l[A[A[1Gpulling manifest [K
pulling a3de86cd1c13: 100% ▕██████████████████▏ 5.2 GB                         [K
verifying sha256 digest ⠋ [K[?25h[?2026l[?2026h[?25l[A[A[1Gpulling manifest [K
pulling a3de86cd1c13: 100% ▕██████████████████▏ 5.2 GB                         [K
verifying sha256 digest ⠙ [K[?25h[?2026l[?2026h[?25l[A[A[1Gpulling manifest [K
pulling a3de86cd1c13: 100% ▕██████████████████▏ 5.2 GB                         [K
verifying sha256 digest ⠹ [K[?25h[?2026l[?2026h[?25l[A[A[1Gpulling manifest [K
pulling a3de86cd1c13: 100% ▕██████████████████▏ 5.2 GB                         [K
verifying sha256 digest ⠸ [K[?25h[?2026l[?2026h[?25l[A[A[1Gpulling manifest [K
pulling a3de86cd1c13: 100% ▕██████████████████▏ 5.2 GB                         [K
verifying sha256 digest ⠼ [K[?25h[?2026l[?2026h[?25l[A[A[1Gpulling manifest [K
pulling a3de86cd1c13: 100% ▕██████████████████▏ 5.2 GB                         [K
verifying sha256 digest ⠴ [K[?25h[?2026l[?2026h[?25l[A[A[1Gpulling manifest [K
pulling a3de86cd1c13: 100% ▕██████████████████▏ 5.2 GB                         [K
verifying sha256 digest ⠦ [K[?25h[?2026l[?2026h[?25l[A[A[1Gpulling manifest [K
pulling a3de86cd1c13: 100% ▕██████████████████▏ 5.2 GB                         [K
verifying sha256 digest ⠧ [K[?25h[?2026l[?2026h[?25l[A[A[1Gpulling manifest [K
pulling a3de86cd1c13: 100% ▕██████████████████▏ 5.2 GB                         [K
verifying sha256 digest ⠇ [K[?25h[?2026l[?2026h[?25l[A[A[1Gpulling manifest [K
pulling a3de86cd1c13: 100% ▕██████████████████▏ 5.2 GB                         [K
verifying sha256 digest ⠏ [K[?25h[?2026l[?2026h[?25l[A[A[1Gpulling manifest [K
pulling a3de86cd1c13: 100% ▕██████████████████▏ 5.2 GB                         [K
verifying sha256 digest ⠋ [K[?25h[?2026l[?2026h[?25l[A[A[1Gpulling manifest [K
pulling a3de86cd1c13: 100% ▕██████████████████▏ 5.2 GB                         [K
verifying sha256 digest ⠙ [K[?25h[?2026l[?2026h[?25l[A[A[1Gpulling manifest [K
pulling a3de86cd1c13: 100% ▕██████████████████▏ 5.2 GB                         [K
verifying sha256 digest ⠹ [K[?25h[?2026l[?2026h[?25l[A[A[1Gpulling manifest [K
pulling a3de86cd1c13: 100% ▕██████████████████▏ 5.2 GB                         [K
verifying sha256 digest ⠸ [K[?25h[?2026l[?2026h[?25l[A[A[1Gpulling manifest [K
pulling a3de86cd1c13: 100% ▕██████████████████▏ 5.2 GB                         [K
verifying sha256 digest ⠼ [K[?25h[?2026l[?2026h[?25l[A[A[1Gpulling manifest [K
pulling a3de86cd1c13: 100% ▕██████████████████▏ 5.2 GB                         [K
verifying sha256 digest ⠴ [K[?25h[?2026l[?2026h[?25l[A[A[1Gpulling manifest [K
pulling a3de86cd1c13: 100% ▕██████████████████▏ 5.2 GB                         [K
verifying sha256 digest ⠦ [K[?25h[?2026l[?2026h[?25l[A[A[1Gpulling manifest [K
pulling a3de86cd1c13: 100% ▕██████████████████▏ 5.2 GB                         [K
verifying sha256 digest ⠧ [K[?25h[?2026l[?2026h[?25l[A[A[1Gpulling manifest [K
pulling a3de86cd1c13: 100% ▕██████████████████▏ 5.2 GB                         [K
verifying sha256 digest ⠇ [K[?25h[?2026l[?2026h[?25l[A[A[1Gpulling manifest [K
pulling a3de86cd1c13: 100% ▕██████████████████▏ 5.2 GB                         [K
verifying sha256 digest ⠏ [K[?25h[?2026l[?2026h[?25l[A[A[1Gpulling manifest [K
pulling a3de86cd1c13: 100% ▕██████████████████▏ 5.2 GB                         [K
verifying sha256 digest ⠋ [K[?25h[?2026l[?2026h[?25l[A[A[1Gpulling manifest [K
pulling a3de86cd1c13: 100% ▕██████████████████▏ 5.2 GB                         [K
verifying sha256 digest ⠙ [K[?25h[?2026l[?2026h[?25l[A[A[1Gpulling manifest [K
pulling a3de86cd1c13: 100% ▕██████████████████▏ 5.2 GB                         [K
verifying sha256 digest ⠹ [K[?25h[?2026l[?2026h[?25l[A[A[1Gpulling manifest [K
pulling a3de86cd1c13: 100% ▕██████████████████▏ 5.2 GB                         [K
verifying sha256 digest ⠸ [K[?25h[?2026l[?2026h[?25l[A[A[1Gpulling manifest [K
pulling a3de86cd1c13: 100% ▕██████████████████▏ 5.2 GB                         [K
verifying sha256 digest ⠼ [K[?25h[?2026l[?2026h[?25l[A[A[1Gpulling manifest [K
pulling a3de86cd1c13: 100% ▕██████████████████▏ 5.2 GB                         [K
verifying sha256 digest ⠴ [K[?25h[?2026l[?2026h[?25l[A[A[1Gpulling manifest [K
pulling a3de86cd1c13: 100% ▕██████████████████▏ 5.2 GB                         [K
verifying sha256 digest ⠦ [K[?25h[?2026l[?2026h[?25l[A[A[1Gpulling manifest [K
pulling a3de86cd1c13: 100% ▕██████████████████▏ 5.2 GB                         [K
verifying sha256 digest ⠧ [K[?25h[?2026l[?2026h[?25l[A[A[1Gpulling manifest [K
pulling a3de86cd1c13: 100% ▕██████████████████▏ 5.2 GB                         [K
verifying sha256 digest ⠇ [K[?25h[?2026l[?2026h[?25l[A[A[1Gpulling manifest [K
pulling a3de86cd1c13: 100% ▕██████████████████▏ 5.2 GB                         [K
verifying sha256 digest ⠏ [K[?25h[?2026l[?2026h[?25l[A[A[1Gpulling manifest [K
pulling a3de86cd1c13: 100% ▕██████████████████▏ 5.2 GB                         [K
verifying sha256 digest ⠋ [K[?25h[?2026l[?2026h[?25l[A[A[1Gpulling manifest [K
pulling a3de86cd1c13: 100% ▕██████████████████▏ 5.2 GB                         [K
verifying sha256 digest ⠙ [K[?25h[?2026l[?2026h[?25l[A[A[1Gpulling manifest [K
pulling a3de86cd1c13: 100% ▕██████████████████▏ 5.2 GB                         [K
verifying sha256 digest ⠹ [K[?25h[?2026l[?2026h[?25l[A[A[1Gpulling manifest [K
pulling a3de86cd1c13: 100% ▕██████████████████▏ 5.2 GB                         [K
verifying sha256 digest ⠸ [K[?25h[?2026l[?2026h[?25l[A[A[1Gpulling manifest [K
pulling a3de86cd1c13: 100% ▕██████████████████▏ 5.2 GB                         [K
verifying sha256 digest ⠼ [K[?25h[?2026l[?2026h[?25l[A[A[1Gpulling manifest [K
pulling a3de86cd1c13: 100% ▕██████████████████▏ 5.2 GB                         [K
verifying sha256 digest ⠴ [K[?25h[?2026l[?2026h[?25l[A[A[1Gpulling manifest [K
pulling a3de86cd1c13: 100% ▕██████████████████▏ 5.2 GB                         [K
verifying sha256 digest ⠦ [K[?25h[?2026l[?2026h[?25l[A[A[1Gpulling manifest [K
pulling a3de86cd1c13: 100% ▕██████████████████▏ 5.2 GB                         [K
verifying sha256 digest ⠧ [K[?25h[?2026l[?2026h[?25l[A[A[1Gpulling manifest [K
pulling a3de86cd1c13: 100% ▕██████████████████▏ 5.2 GB                         [K
verifying sha256 digest ⠇ [K[?25h[?2026l[?2026h[?25l[A[A[1Gpulling manifest [K
pulling a3de86cd1c13: 100% ▕██████████████████▏ 5.2 GB                         [K
verifying sha256 digest ⠏ [K[?25h[?2026l[?2026h[?25l[A[A[1Gpulling manifest [K
pulling a3de86cd1c13: 100% ▕██████████████████▏ 5.2 GB                         [K
verifying sha256 digest ⠋ [K[?25h[?2026l[?2026h[?25l[A[A[1Gpulling manifest [K
pulling a3de86cd1c13: 100% ▕██████████████████▏ 5.2 GB                         [K
verifying sha256 digest ⠙ [K[?25h[?2026l[?2026h[?25l[A[A[1Gpulling manifest [K
pulling a3de86cd1c13: 100% ▕██████████████████▏ 5.2 GB                         [K
verifying sha256 digest ⠹ [K[?25h[?2026l[?2026h[?25l[A[A[1Gpulling manifest [K
pulling a3de86cd1c13: 100% ▕██████████████████▏ 5.2 GB                         [K
verifying sha256 digest ⠸ [K[?25h[?2026l[?2026h[?25l[A[A[1Gpulling manifest [K
pulling a3de86cd1c13: 100% ▕██████████████████▏ 5.2 GB                         [K
verifying sha256 digest ⠼ [K[?25h[?2026l[?2026h[?25l[A[A[1Gpulling manifest [K
pulling a3de86cd1c13: 100% ▕██████████████████▏ 5.2 GB                         [K
verifying sha256 digest ⠴ [K[?25h[?2026l[?2026h[?25l[A[A[1Gpulling manifest [K
pulling a3de86cd1c13: 100% ▕██████████████████▏ 5.2 GB                         [K
verifying sha256 digest ⠦ [K[?25h[?2026l[?2026h[?25l[A[A[1Gpulling manifest [K
pulling a3de86cd1c13: 100% ▕██████████████████▏ 5.2 GB                         [K
verifying sha256 digest ⠧ [K[?25h[?2026l[?2026h[?25l[A[A[1Gpulling manifest [K
pulling a3de86cd1c13: 100% ▕██████████████████▏ 5.2 GB                         [K
verifying sha256 digest ⠇ [K[?25h[?2026l[?2026h[?25l[A[A[1Gpulling manifest [K
pulling a3de86cd1c13: 100% ▕██████████████████▏ 5.2 GB                         [K
verifying sha256 digest ⠏ [K[?25h[?2026l[?2026h[?25l[A[A[1Gpulling manifest [K
pulling a3de86cd1c13: 100% ▕██████████████████▏ 5.2 GB                         [K
verifying sha256 digest ⠋ [K[?25h[?2026l[?2026h[?25l[A[A[1Gpulling manifest [K
pulling a3de86cd1c13: 100% ▕██████████████████▏ 5.2 GB                         [K
verifying sha256 digest ⠙ [K[?25h[?2026l[?2026h[?25l[A[A[1Gpulling manifest [K
pulling a3de86cd1c13: 100% ▕██████████████████▏ 5.2 GB                         [K
verifying sha256 digest ⠹ [K[?25h[?2026l[?2026h[?25l[A[A[1Gpulling manifest [K
pulling a3de86cd1c13: 100% ▕██████████████████▏ 5.2 GB                         [K
verifying sha256 digest ⠸ [K[?25h[?2026l[?2026h[?25l[A[A[1Gpulling manifest [K
pulling a3de86cd1c13: 100% ▕██████████████████▏ 5.2 GB                         [K
verifying sha256 digest ⠼ [K[?25h[?2026l[?2026h[?25l[A[A[1Gpulling manifest [K
pulling a3de86cd1c13: 100% ▕██████████████████▏ 5.2 GB                         [K
verifying sha256 digest ⠴ [K[?25h[?2026l[?2026h[?25l[A[A[1Gpulling manifest [K
pulling a3de86cd1c13: 100% ▕██████████████████▏ 5.2 GB                         [K
verifying sha256 digest ⠦ [K[?25h[?2026l[?2026h[?25l[A[A[1Gpulling manifest [K
pulling a3de86cd1c13: 100% ▕██████████████████▏ 5.2 GB                         [K
verifying sha256 digest ⠧ [K[?25h[?2026l[?2026h[?25l[A[A[1Gpulling manifest [K
pulling a3de86cd1c13: 100% ▕██████████████████▏ 5.2 GB                         [K
verifying sha256 digest ⠇ [K[?25h[?2026l[?2026h[?25l[A[A[1Gpulling manifest [K
pulling a3de86cd1c13: 100% ▕██████████████████▏ 5.2 GB                         [K
verifying sha256 digest ⠏ [K[?25h[?2026l[?2026h[?25l[A[A[1Gpulling manifest [K
pulling a3de86cd1c13: 100% ▕██████████████████▏ 5.2 GB                         [K
verifying sha256 digest ⠋ [K[?25h[?2026l[?2026h[?25l[A[A[1Gpulling manifest [K
pulling a3de86cd1c13: 100% ▕██████████████████▏ 5.2 GB                         [K
verifying sha256 digest ⠙ [K[?25h[?2026l[?2026h[?25l[A[A[1Gpulling manifest [K
pulling a3de86cd1c13: 100% ▕██████████████████▏ 5.2 GB                         [K
verifying sha256 digest ⠹ [K[?25h[?2026l[?2026h[?25l[A[A[1Gpulling manifest [K
pulling a3de86cd1c13: 100% ▕██████████████████▏ 5.2 GB                         [K
verifying sha256 digest ⠸ [K[?25h[?2026l[?2026h[?25l[A[A[1Gpulling manifest [K
pulling a3de86cd1c13: 100% ▕██████████████████▏ 5.2 GB                         [K
verifying sha256 digest ⠼ [K[?25h[?2026l[?2026h[?25l[A[A[1Gpulling manifest [K
pulling a3de86cd1c13: 100% ▕██████████████████▏ 5.2 GB                         [K
verifying sha256 digest ⠴ [K[?25h[?2026l[?2026h[?25l[A[A[1Gpulling manifest [K
pulling a3de86cd1c13: 100% ▕██████████████████▏ 5.2 GB                         [K
verifying sha256 digest ⠦ [K[?25h[?2026l[?2026h[?25l[A[A[1Gpulling manifest [K
pulling a3de86cd1c13: 100% ▕██████████████████▏ 5.2 GB                         [K
verifying sha256 digest ⠧ [K[?25h[?2026l[?2026h[?25l[A[A[1Gpulling manifest [K
pulling a3de86cd1c13: 100% ▕██████████████████▏ 5.2 GB                         [K
verifying sha256 digest ⠇ [K[?25h[?2026l[?2026h[?25l[A[A[1Gpulling manifest [K
pulling a3de86cd1c13: 100% ▕██████████████████▏ 5.2 GB                         [K
verifying sha256 digest ⠏ [K[?25h[?2026l[?2026h[?25l[A[A[1Gpulling manifest [K
pulling a3de86cd1c13: 100% ▕██████████████████▏ 5.2 GB                         [K
verifying sha256 digest ⠋ [K[?25h[?2026l[?2026h[?25l[A[A[1Gpulling manifest [K
pulling a3de86cd1c13: 100% ▕██████████████████▏ 5.2 GB                         [K
verifying sha256 digest ⠙ [K[?25h[?2026l[?2026h[?25l[A[A[1Gpulling manifest [K
pulling a3de86cd1c13: 100% ▕██████████████████▏ 5.2 GB                         [K
verifying sha256 digest ⠹ [K[?25h[?2026l[?2026h[?25l[A[A[1Gpulling manifest [K
pulling a3de86cd1c13: 100% ▕██████████████████▏ 5.2 GB                         [K
verifying sha256 digest ⠸ [K[?25h[?2026l[?2026h[?25l[A[A[1Gpulling manifest [K
pulling a3de86cd1c13: 100% ▕██████████████████▏ 5.2 GB                         [K
verifying sha256 digest ⠼ [K[?25h[?2026l[?2026h[?25l[A[A[1Gpulling manifest [K
pulling a3de86cd1c13: 100% ▕██████████████████▏ 5.2 GB                         [K
verifying sha256 digest ⠴ [K[?25h[?2026l[?2026h[?25l[A[A[1Gpulling manifest [K
pulling a3de86cd1c13: 100% ▕██████████████████▏ 5.2 GB                         [K
verifying sha256 digest ⠦ [K[?25h[?2026l[?2026h[?25l[A[A[1Gpulling manifest [K
pulling a3de86cd1c13: 100% ▕██████████████████▏ 5.2 GB                         [K
verifying sha256 digest ⠧ [K[?25h[?2026l[?2026h[?25l[A[A[1Gpulling manifest [K
pulling a3de86cd1c13: 100% ▕██████████████████▏ 5.2 GB                         [K
verifying sha256 digest ⠇ [K[?25h[?2026l[?2026h[?25l[A[A[1Gpulling manifest [K
pulling a3de86cd1c13: 100% ▕██████████████████▏ 5.2 GB                         [K
verifying sha256 digest ⠏ [K[?25h[?2026l[?2026h[?25l[A[A[1Gpulling manifest [K
pulling a3de86cd1c13: 100% ▕██████████████████▏ 5.2 GB                         [K
verifying sha256 digest ⠋ [K[?25h[?2026l[?2026h[?25l[A[A[1Gpulling manifest [K
pulling a3de86cd1c13: 100% ▕██████████████████▏ 5.2 GB                         [K
verifying sha256 digest ⠙ [K[?25h[?2026l[?2026h[?25l[A[A[1Gpulling manifest [K
pulling a3de86cd1c13: 100% ▕██████████████████▏ 5.2 GB                         [K
verifying sha256 digest ⠹ [K[?25h[?2026l[?2026h[?25l[A[A[1Gpulling manifest [K
pulling a3de86cd1c13: 100% ▕██████████████████▏ 5.2 GB                         [K
verifying sha256 digest ⠸ [K[?25h[?2026l[?2026h[?25l[A[A[1Gpulling manifest [K
pulling a3de86cd1c13: 100% ▕██████████████████▏ 5.2 GB                         [K
verifying sha256 digest ⠼ [K[?25h[?2026l[?2026h[?25l[A[A[1Gpulling manifest [K
pulling a3de86cd1c13: 100% ▕██████████████████▏ 5.2 GB                         [K
verifying sha256 digest ⠴ [K[?25h[?2026l[?2026h[?25l[A[A[1Gpulling manifest [K
pulling a3de86cd1c13: 100% ▕██████████████████▏ 5.2 GB                         [K
verifying sha256 digest ⠦ [K[?25h[?2026l[?2026h[?25l[A[A[1Gpulling manifest [K
pulling a3de86cd1c13: 100% ▕██████████████████▏ 5.2 GB                         [K
verifying sha256 digest ⠧ [K[?25h[?2026l[?2026h[?25l[A[A[1Gpulling manifest [K
pulling a3de86cd1c13: 100% ▕██████████████████▏ 5.2 GB                         [K
verifying sha256 digest ⠇ [K[?25h[?2026l[?2026h[?25l[A[A[1Gpulling manifest [K
pulling a3de86cd1c13: 100% ▕██████████████████▏ 5.2 GB                         [K
verifying sha256 digest ⠏ [K[?25h[?2026l[?2026h[?25l[A[A[1Gpulling manifest [K
pulling a3de86cd1c13: 100% ▕██████████████████▏ 5.2 GB                         [K
verifying sha256 digest ⠋ [K[?25h[?2026l[?2026h[?25l[A[A[1Gpulling manifest [K
pulling a3de86cd1c13: 100% ▕██████████████████▏ 5.2 GB                         [K
verifying sha256 digest ⠙ [K[?25h[?2026l[?2026h[?25l[A[A[1Gpulling manifest [K
pulling a3de86cd1c13: 100% ▕██████████████████▏ 5.2 GB                         [K
verifying sha256 digest ⠹ [K[?25h[?2026l[?2026h[?25l[A[A[1Gpulling manifest [K
pulling a3de86cd1c13: 100% ▕██████████████████▏ 5.2 GB                         [K
verifying sha256 digest ⠸ [K[?25h[?2026l[?2026h[?25l[A[A[1Gpulling manifest [K
pulling a3de86cd1c13: 100% ▕██████████████████▏ 5.2 GB                         [K
verifying sha256 digest ⠼ [K[?25h[?2026l[?2026h[?25l[A[A[1Gpulling manifest [K
pulling a3de86cd1c13: 100% ▕██████████████████▏ 5.2 GB                         [K
verifying sha256 digest ⠴ [K[?25h[?2026l[?2026h[?25l[A[A[1Gpulling manifest [K
pulling a3de86cd1c13: 100% ▕██████████████████▏ 5.2 GB                         [K
verifying sha256 digest ⠦ [K[?25h[?2026l[?2026h[?25l[A[A[1Gpulling manifest [K
pulling a3de86cd1c13: 100% ▕██████████████████▏ 5.2 GB                         [K
verifying sha256 digest ⠧ [K[?25h[?2026l[?2026h[?25l[A[A[1Gpulling manifest [K
pulling a3de86cd1c13: 100% ▕██████████████████▏ 5.2 GB                         [K
verifying sha256 digest ⠇ [K[?25h[?2026l[?2026h[?25l[A[A[1Gpulling manifest [K
pulling a3de86cd1c13: 100% ▕██████████████████▏ 5.2 GB                         [K
verifying sha256 digest ⠏ [K[?25h[?2026l[?2026h[?25l[A[A[1Gpulling manifest [K
pulling a3de86cd1c13: 100% ▕██████████████████▏ 5.2 GB                         [K
verifying sha256 digest ⠋ [K[?25h[?2026l[?2026h[?25l[A[A[1Gpulling manifest [K
pulling a3de86cd1c13: 100% ▕██████████████████▏ 5.2 GB                         [K
verifying sha256 digest ⠙ [K[?25h[?2026l[?2026h[?25l[A[A[1Gpulling manifest [K
pulling a3de86cd1c13: 100% ▕██████████████████▏ 5.2 GB                         [K
verifying sha256 digest ⠹ [K[?25h[?2026l[?2026h[?25l[A[A[1Gpulling manifest [K
pulling a3de86cd1c13: 100% ▕██████████████████▏ 5.2 GB                         [K
verifying sha256 digest ⠸ [K[?25h[?2026l[?2026h[?25l[A[A[1Gpulling manifest [K
pulling a3de86cd1c13: 100% ▕██████████████████▏ 5.2 GB                         [K
verifying sha256 digest ⠼ [K[?25h[?2026l[?2026h[?25l[A[A[1Gpulling manifest [K
pulling a3de86cd1c13: 100% ▕██████████████████▏ 5.2 GB                         [K
verifying sha256 digest ⠴ [K[?25h[?2026l[?2026h[?25l[A[A[1Gpulling manifest [K
pulling a3de86cd1c13: 100% ▕██████████████████▏ 5.2 GB                         [K
verifying sha256 digest ⠦ [K[?25h[?2026l[?2026h[?25l[A[A[1Gpulling manifest [K
pulling a3de86cd1c13: 100% ▕██████████████████▏ 5.2 GB                         [K
verifying sha256 digest ⠧ [K[?25h[?2026l[?2026h[?25l[A[A[1Gpulling manifest [K
pulling a3de86cd1c13: 100% ▕██████████████████▏ 5.2 GB                         [K
verifying sha256 digest ⠇ [K[?25h[?2026l[?2026h[?25l[A[A[1Gpulling manifest [K
pulling a3de86cd1c13: 100% ▕██████████████████▏ 5.2 GB                         [K
verifying sha256 digest ⠏ [K[?25h[?2026l[?2026h[?25l[A[A[1Gpulling manifest [K
pulling a3de86cd1c13: 100% ▕██████████████████▏ 5.2 GB                         [K
verifying sha256 digest ⠋ [K[?25h[?2026l[?2026h[?25l[A[A[1Gpulling manifest [K
pulling a3de86cd1c13: 100% ▕██████████████████▏ 5.2 GB                         [K
verifying sha256 digest ⠙ [K[?25h[?2026l[?2026h[?25l[A[A[1Gpulling manifest [K
pulling a3de86cd1c13: 100% ▕██████████████████▏ 5.2 GB                         [K
verifying sha256 digest ⠹ [K[?25h[?2026l[?2026h[?25l[A[A[1Gpulling manifest [K
pulling a3de86cd1c13: 100% ▕██████████████████▏ 5.2 GB                         [K
verifying sha256 digest ⠸ [K[?25h[?2026l[?2026h[?25l[A[A[1Gpulling manifest [K
pulling a3de86cd1c13: 100% ▕██████████████████▏ 5.2 GB                         [K
verifying sha256 digest ⠼ [K[?25h[?2026l[?2026h[?25l[A[A[1Gpulling manifest [K
pulling a3de86cd1c13: 100% ▕██████████████████▏ 5.2 GB                         [K
verifying sha256 digest ⠴ [K[?25h[?2026l[?2026h[?25l[A[A[1Gpulling manifest [K
pulling a3de86cd1c13: 100% ▕██████████████████▏ 5.2 GB                         [K
verifying sha256 digest ⠦ [K[?25h[?2026l[?2026h[?25l[A[A[1Gpulling manifest [K
pulling a3de86cd1c13: 100% ▕██████████████████▏ 5.2 GB                         [K
verifying sha256 digest ⠧ [K[?25h[?2026l[?2026h[?25l[A[A[1Gpulling manifest [K
pulling a3de86cd1c13: 100% ▕██████████████████▏ 5.2 GB                         [K
verifying sha256 digest ⠇ [K[?25h[?2026l[?2026h[?25l[A[A[1Gpulling manifest [K
pulling a3de86cd1c13: 100% ▕██████████████████▏ 5.2 GB                         [K
verifying sha256 digest ⠏ [K[?25h[?2026l[?2026h[?25l[A[A[1Gpulling manifest [K
pulling a3de86cd1c13: 100% ▕██████████████████▏ 5.2 GB                         [K
verifying sha256 digest ⠋ [K[?25h[?2026l[?2026h[?25l[A[A[1Gpulling manifest [K
pulling a3de86cd1c13: 100% ▕██████████████████▏ 5.2 GB                         [K
verifying sha256 digest ⠙ [K[?25h[?2026l[?2026h[?25l[A[A[1Gpulling manifest [K
pulling a3de86cd1c13: 100% ▕██████████████████▏ 5.2 GB                         [K
verifying sha256 digest ⠹ [K[?25h[?2026l[?2026h[?25l[A[A[1Gpulling manifest [K
pulling a3de86cd1c13: 100% ▕██████████████████▏ 5.2 GB                         [K
verifying sha256 digest ⠸ [K[?25h[?2026l[?2026h[?25l[A[A[1Gpulling manifest [K
pulling a3de86cd1c13: 100% ▕██████████████████▏ 5.2 GB                         [K
verifying sha256 digest ⠼ [K[?25h[?2026l[?2026h[?25l[A[A[1Gpulling manifest [K
pulling a3de86cd1c13: 100% ▕██████████████████▏ 5.2 GB                         [K
verifying sha256 digest ⠴ [K[?25h[?2026l[?2026h[?25l[A[A[1Gpulling manifest [K
pulling a3de86cd1c13: 100% ▕██████████████████▏ 5.2 GB                         [K
verifying sha256 digest ⠦ [K[?25h[?2026l[?2026h[?25l[A[A[1Gpulling manifest [K
pulling a3de86cd1c13: 100% ▕██████████████████▏ 5.2 GB                         [K
verifying sha256 digest ⠧ [K[?25h[?2026l[?2026h[?25l[A[A[1Gpulling manifest [K
pulling a3de86cd1c13: 100% ▕██████████████████▏ 5.2 GB                         [K
verifying sha256 digest ⠇ [K[?25h[?2026l[?2026h[?25l[A[A[1Gpulling manifest [K
pulling a3de86cd1c13: 100% ▕██████████████████▏ 5.2 GB                         [K
verifying sha256 digest ⠏ [K[?25h[?2026l[?2026h[?25l[A[A[1Gpulling manifest [K
pulling a3de86cd1c13: 100% ▕██████████████████▏ 5.2 GB                         [K
verifying sha256 digest ⠋ [K[?25h[?2026l[?2026h[?25l[A[A[1Gpulling manifest [K
pulling a3de86cd1c13: 100% ▕██████████████████▏ 5.2 GB                         [K
verifying sha256 digest ⠙ [K[?25h[?2026l[?2026h[?25l[A[A[1Gpulling manifest [K
pulling a3de86cd1c13: 100% ▕██████████████████▏ 5.2 GB                         [K
verifying sha256 digest ⠹ [K[?25h[?2026l[?2026h[?25l[A[A[1Gpulling manifest [K
pulling a3de86cd1c13: 100% ▕██████████████████▏ 5.2 GB                         [K
verifying sha256 digest ⠸ [K[?25h[?2026l[?2026h[?25l[A[A[1Gpulling manifest [K
pulling a3de86cd1c13: 100% ▕██████████████████▏ 5.2 GB                         [K
verifying sha256 digest ⠼ [K[?25h[?2026l[?2026h[?25l[A[A[1Gpulling manifest [K
pulling a3de86cd1c13: 100% ▕██████████████████▏ 5.2 GB                         [K
verifying sha256 digest ⠴ [K[?25h[?2026l[?2026h[?25l[A[A[1Gpulling manifest [K
pulling a3de86cd1c13: 100% ▕██████████████████▏ 5.2 GB                         [K
verifying sha256 digest ⠦ [K[?25h[?2026l[?2026h[?25l[A[A[1Gpulling manifest [K
pulling a3de86cd1c13: 100% ▕██████████████████▏ 5.2 GB                         [K
verifying sha256 digest ⠧ [K[?25h[?2026l[?2026h[?25l[A[A[1Gpulling manifest [K
pulling a3de86cd1c13: 100% ▕██████████████████▏ 5.2 GB                         [K
verifying sha256 digest ⠇ [K[?25h[?2026l[?2026h[?25l[A[A[1Gpulling manifest [K
pulling a3de86cd1c13: 100% ▕██████████████████▏ 5.2 GB                         [K
verifying sha256 digest ⠏ [K[?25h[?2026l[?2026h[?25l[A[A[1Gpulling manifest [K
pulling a3de86cd1c13: 100% ▕██████████████████▏ 5.2 GB                         [K
verifying sha256 digest ⠋ [K[?25h[?2026l[?2026h[?25l[A[A[1Gpulling manifest [K
pulling a3de86cd1c13: 100% ▕██████████████████▏ 5.2 GB                         [K
verifying sha256 digest ⠙ [K[?25h[?2026l[?2026h[?25l[A[A[1Gpulling manifest [K
pulling a3de86cd1c13: 100% ▕██████████████████▏ 5.2 GB                         [K
verifying sha256 digest ⠹ [K[?25h[?2026l[?2026h[?25l[A[A[1Gpulling manifest [K
pulling a3de86cd1c13: 100% ▕██████████████████▏ 5.2 GB                         [K
verifying sha256 digest ⠸ [K[?25h[?2026l[?2026h[?25l[A[A[1Gpulling manifest [K
pulling a3de86cd1c13: 100% ▕██████████████████▏ 5.2 GB                         [K
verifying sha256 digest ⠼ [K[?25h[?2026l[?2026h[?25l[A[A[1Gpulling manifest [K
pulling a3de86cd1c13: 100% ▕██████████████████▏ 5.2 GB                         [K
verifying sha256 digest ⠴ [K[?25h[?2026l[?2026h[?25l[A[A[1Gpulling manifest [K
pulling a3de86cd1c13: 100% ▕██████████████████▏ 5.2 GB                         [K
verifying sha256 digest ⠦ [K[?25h[?2026l[?2026h[?25l[A[A[1Gpulling manifest [K
pulling a3de86cd1c13: 100% ▕██████████████████▏ 5.2 GB                         [K
verifying sha256 digest ⠧ [K[?25h[?2026l[?2026h[?25l[A[A[1Gpulling manifest [K
pulling a3de86cd1c13: 100% ▕██████████████████▏ 5.2 GB                         [K
verifying sha256 digest ⠇ [K[?25h[?2026l[?2026h[?25l[A[A[1Gpulling manifest [K
pulling a3de86cd1c13: 100% ▕██████████████████▏ 5.2 GB                         [K
verifying sha256 digest ⠏ [K[?25h[?2026l[?2026h[?25l[A[A[1Gpulling manifest [K
pulling a3de86cd1c13: 100% ▕██████████████████▏ 5.2 GB                         [K
verifying sha256 digest ⠋ [K[?25h[?2026l[?2026h[?25l[A[A[1Gpulling manifest [K
pulling a3de86cd1c13: 100% ▕██████████████████▏ 5.2 GB                         [K
verifying sha256 digest ⠙ [K[?25h[?2026l[?2026h[?25l[A[A[1Gpulling manifest [K
pulling a3de86cd1c13: 100% ▕██████████████████▏ 5.2 GB                         [K
verifying sha256 digest ⠹ [K[?25h[?2026l[?2026h[?25l[A[A[1Gpulling manifest [K
pulling a3de86cd1c13: 100% ▕██████████████████▏ 5.2 GB                         [K
verifying sha256 digest ⠸ [K[?25h[?2026l[?2026h[?25l[A[A[1Gpulling manifest [K
pulling a3de86cd1c13: 100% ▕██████████████████▏ 5.2 GB                         [K
verifying sha256 digest ⠼ [K[?25h[?2026l[?2026h[?25l[A[A[1Gpulling manifest [K
pulling a3de86cd1c13: 100% ▕██████████████████▏ 5.2 GB                         [K
verifying sha256 digest ⠴ [K[?25h[?2026l[?2026h[?25l[A[A[1Gpulling manifest [K
pulling a3de86cd1c13: 100% ▕██████████████████▏ 5.2 GB                         [K
verifying sha256 digest ⠦ [K[?25h[?2026l[?2026h[?25l[A[A[1Gpulling manifest [K
pulling a3de86cd1c13: 100% ▕██████████████████▏ 5.2 GB                         [K
verifying sha256 digest ⠧ [K[?25h[?2026l[?2026h[?25l[A[A[1Gpulling manifest [K
pulling a3de86cd1c13: 100% ▕██████████████████▏ 5.2 GB                         [K
verifying sha256 digest ⠇ [K[?25h[?2026l[?2026h[?25l[A[A[1Gpulling manifest [K
pulling a3de86cd1c13: 100% ▕██████████████████▏ 5.2 GB                         [K
verifying sha256 digest ⠏ [K[?25h[?2026l[?2026h[?25l[A[A[1Gpulling manifest [K
pulling a3de86cd1c13: 100% ▕██████████████████▏ 5.2 GB                         [K
verifying sha256 digest ⠋ [K[?25h[?2026l[?2026h[?25l[A[A[1Gpulling manifest [K
pulling a3de86cd1c13: 100% ▕██████████████████▏ 5.2 GB                         [K
verifying sha256 digest ⠙ [K[?25h[?2026l[?2026h[?25l[A[A[1Gpulling manifest [K
pulling a3de86cd1c13: 100% ▕██████████████████▏ 5.2 GB                         [K
verifying sha256 digest ⠹ [K[?25h[?2026l[?2026h[?25l[A[A[1Gpulling manifest [K
pulling a3de86cd1c13: 100% ▕██████████████████▏ 5.2 GB                         [K
verifying sha256 digest ⠸ [K[?25h[?2026l[?2026h[?25l[A[A[1Gpulling manifest [K
pulling a3de86cd1c13: 100% ▕██████████████████▏ 5.2 GB                         [K
verifying sha256 digest ⠼ [K[?25h[?2026l[?2026h[?25l[A[A[1Gpulling manifest [K
pulling a3de86cd1c13: 100% ▕██████████████████▏ 5.2 GB                         [K
verifying sha256 digest ⠴ [K[?25h[?2026l[?2026h[?25l[A[A[1Gpulling manifest [K
pulling a3de86cd1c13: 100% ▕██████████████████▏ 5.2 GB                         [K
verifying sha256 digest ⠦ [K[?25h[?2026l[?2026h[?25l[A[A[1Gpulling manifest [K
pulling a3de86cd1c13: 100% ▕██████████████████▏ 5.2 GB                         [K
verifying sha256 digest ⠧ [K[?25h[?2026l[?2026h[?25l[A[A[1Gpulling manifest [K
pulling a3de86cd1c13: 100% ▕██████████████████▏ 5.2 GB                         [K
verifying sha256 digest ⠇ [K[?25h[?2026l[?2026h[?25l[A[A[1Gpulling manifest [K
pulling a3de86cd1c13: 100% ▕██████████████████▏ 5.2 GB                         [K
verifying sha256 digest ⠏ [K[?25h[?2026l[?2026h[?25l[A[A[1Gpulling manifest [K
pulling a3de86cd1c13: 100% ▕██████████████████▏ 5.2 GB                         [K
verifying sha256 digest ⠋ [K[?25h[?2026l[?2026h[?25l[A[A[1Gpulling manifest [K
pulling a3de86cd1c13: 100% ▕██████████████████▏ 5.2 GB                         [K
verifying sha256 digest ⠙ [K[?25h[?2026l[?2026h[?25l[A[A[1Gpulling manifest [K
pulling a3de86cd1c13: 100% ▕██████████████████▏ 5.2 GB                         [K
verifying sha256 digest ⠹ [K[?25h[?2026l[?2026h[?25l[A[A[1Gpulling manifest [K
pulling a3de86cd1c13: 100% ▕██████████████████▏ 5.2 GB                         [K
verifying sha256 digest ⠸ [K[?25h[?2026l[?2026h[?25l[A[A[1Gpulling manifest [K
pulling a3de86cd1c13: 100% ▕██████████████████▏ 5.2 GB                         [K
verifying sha256 digest ⠼ [K[?25h[?2026l[?2026h[?25l[A[A[1Gpulling manifest [K
pulling a3de86cd1c13: 100% ▕██████████████████▏ 5.2 GB                         [K
verifying sha256 digest ⠴ [K[?25h[?2026l[?2026h[?25l[A[A[1Gpulling manifest [K
pulling a3de86cd1c13: 100% ▕██████████████████▏ 5.2 GB                         [K
verifying sha256 digest ⠦ [K[?25h[?2026l[?2026h[?25l[A[A[1Gpulling manifest [K
pulling a3de86cd1c13: 100% ▕██████████████████▏ 5.2 GB                         [K
verifying sha256 digest ⠧ [K[?25h[?2026l[?2026h[?25l[A[A[1Gpulling manifest [K
pulling a3de86cd1c13: 100% ▕██████████████████▏ 5.2 GB                         [K
verifying sha256 digest ⠇ [K[?25h[?2026l[?2026h[?25l[A[A[1Gpulling manifest [K
pulling a3de86cd1c13: 100% ▕██████████████████▏ 5.2 GB                         [K
verifying sha256 digest ⠏ [K[?25h[?2026l[?2026h[?25l[A[A[1Gpulling manifest [K
pulling a3de86cd1c13: 100% ▕██████████████████▏ 5.2 GB                         [K
verifying sha256 digest ⠋ [K[?25h[?2026l[?2026h[?25l[A[A[1Gpulling manifest [K
pulling a3de86cd1c13: 100% ▕██████████████████▏ 5.2 GB                         [K
verifying sha256 digest ⠙ [K[?25h[?2026l[?2026h[?25l[A[A[1Gpulling manifest [K
pulling a3de86cd1c13: 100% ▕██████████████████▏ 5.2 GB                         [K
verifying sha256 digest ⠹ [K[?25h[?2026l[?2026h[?25l[A[A[1Gpulling manifest [K
pulling a3de86cd1c13: 100% ▕██████████████████▏ 5.2 GB                         [K
verifying sha256 digest ⠸ [K[?25h[?2026l[?2026h[?25l[A[A[1Gpulling manifest [K
pulling a3de86cd1c13: 100% ▕██████████████████▏ 5.2 GB                         [K
verifying sha256 digest ⠼ [K[?25h[?2026l[?2026h[?25l[A[A[1Gpulling manifest [K
pulling a3de86cd1c13: 100% ▕██████████████████▏ 5.2 GB                         [K
verifying sha256 digest ⠴ [K[?25h[?2026l[?2026h[?25l[A[A[1Gpulling manifest [K
pulling a3de86cd1c13: 100% ▕██████████████████▏ 5.2 GB                         [K
verifying sha256 digest ⠦ [K[?25h[?2026l[?2026h[?25l[A[A[1Gpulling manifest [K
pulling a3de86cd1c13: 100% ▕██████████████████▏ 5.2 GB                         [K
verifying sha256 digest ⠧ [K[?25h[?2026l[?2026h[?25l[A[A[1Gpulling manifest [K
pulling a3de86cd1c13: 100% ▕██████████████████▏ 5.2 GB                         [K
verifying sha256 digest ⠇ [K[?25h[?2026l[?2026h[?25l[A[A[1Gpulling manifest [K
pulling a3de86cd1c13: 100% ▕██████████████████▏ 5.2 GB                         [K
verifying sha256 digest ⠏ [K[?25h[?2026l[?2026h[?25l[A[A[1Gpulling manifest [K
pulling a3de86cd1c13: 100% ▕██████████████████▏ 5.2 GB                         [K
verifying sha256 digest ⠋ [K[?25h[?2026l[?2026h[?25l[A[A[1Gpulling manifest [K
pulling a3de86cd1c13: 100% ▕██████████████████▏ 5.2 GB                         [K
verifying sha256 digest ⠙ [K[?25h[?2026l[?2026h[?25l[A[A[1Gpulling manifest [K
pulling a3de86cd1c13: 100% ▕██████████████████▏ 5.2 GB                         [K
verifying sha256 digest ⠹ [K[?25h[?2026l[?2026h[?25l[A[A[1Gpulling manifest [K
pulling a3de86cd1c13: 100% ▕██████████████████▏ 5.2 GB                         [K
verifying sha256 digest ⠸ [K[?25h[?2026l[?2026h[?25l[A[A[1Gpulling manifest [K
pulling a3de86cd1c13: 100% ▕██████████████████▏ 5.2 GB                         [K
verifying sha256 digest ⠼ [K[?25h[?2026l[?2026h[?25l[A[A[1Gpulling manifest [K
pulling a3de86cd1c13: 100% ▕██████████████████▏ 5.2 GB                         [K
verifying sha256 digest ⠴ [K[?25h[?2026l[?2026h[?25l[A[A[1Gpulling manifest [K
pulling a3de86cd1c13: 100% ▕██████████████████▏ 5.2 GB                         [K
verifying sha256 digest ⠦ [K[?25h[?2026l[?2026h[?25l[A[A[1Gpulling manifest [K
pulling a3de86cd1c13: 100% ▕██████████████████▏ 5.2 GB                         [K
verifying sha256 digest ⠧ [K[?25h[?2026l[?2026h[?25l[A[A[1Gpulling manifest [K
pulling a3de86cd1c13: 100% ▕██████████████████▏ 5.2 GB                         [K
verifying sha256 digest ⠇ [K[?25h[?2026l[?2026h[?25l[A[A[1Gpulling manifest [K
pulling a3de86cd1c13: 100% ▕██████████████████▏ 5.2 GB                         [K
verifying sha256 digest ⠏ [K[?25h[?2026l[?2026h[?25l[A[A[1Gpulling manifest [K
pulling a3de86cd1c13: 100% ▕██████████████████▏ 5.2 GB                         [K
verifying sha256 digest ⠋ [K[?25h[?2026l[?2026h[?25l[A[A[1Gpulling manifest [K
pulling a3de86cd1c13: 100% ▕██████████████████▏ 5.2 GB                         [K
verifying sha256 digest ⠙ [K[?25h[?2026l[?2026h[?25l[A[A[1Gpulling manifest [K
pulling a3de86cd1c13: 100% ▕██████████████████▏ 5.2 GB                         [K
verifying sha256 digest ⠹ [K[?25h[?2026l[?2026h[?25l[A[A[1Gpulling manifest [K
pulling a3de86cd1c13: 100% ▕██████████████████▏ 5.2 GB                         [K
verifying sha256 digest ⠸ [K[?25h[?2026l[?2026h[?25l[A[A[1Gpulling manifest [K
pulling a3de86cd1c13: 100% ▕██████████████████▏ 5.2 GB                         [K
verifying sha256 digest ⠼ [K[?25h[?2026l[?2026h[?25l[A[A[1Gpulling manifest [K
pulling a3de86cd1c13: 100% ▕██████████████████▏ 5.2 GB                         [K
verifying sha256 digest ⠴ [K[?25h[?2026l[?2026h[?25l[A[A[1Gpulling manifest [K
pulling a3de86cd1c13: 100% ▕██████████████████▏ 5.2 GB                         [K
verifying sha256 digest ⠦ [K[?25h[?2026l[?2026h[?25l[A[A[1Gpulling manifest [K
pulling a3de86cd1c13: 100% ▕██████████████████▏ 5.2 GB                         [K
verifying sha256 digest ⠧ [K[?25h[?2026l[?2026h[?25l[A[A[1Gpulling manifest [K
pulling a3de86cd1c13: 100% ▕██████████████████▏ 5.2 GB                         [K
verifying sha256 digest ⠇ [K[?25h[?2026l[?2026h[?25l[A[A[1Gpulling manifest [K
pulling a3de86cd1c13: 100% ▕██████████████████▏ 5.2 GB                         [K
verifying sha256 digest ⠏ [K[?25h[?2026l[?2026h[?25l[A[A[1Gpulling manifest [K
pulling a3de86cd1c13: 100% ▕██████████████████▏ 5.2 GB                         [K
verifying sha256 digest ⠋ [K[?25h[?2026l[?2026h[?25l[A[A[1Gpulling manifest [K
pulling a3de86cd1c13: 100% ▕██████████████████▏ 5.2 GB                         [K
verifying sha256 digest ⠙ [K[?25h[?2026l[?2026h[?25l[A[A[1Gpulling manifest [K
pulling a3de86cd1c13: 100% ▕██████████████████▏ 5.2 GB                         [K
verifying sha256 digest ⠹ [K[?25h[?2026l[?2026h[?25l[A[A[1Gpulling manifest [K
pulling a3de86cd1c13: 100% ▕██████████████████▏ 5.2 GB                         [K
verifying sha256 digest ⠸ [K[?25h[?2026l[?2026h[?25l[A[A[1Gpulling manifest [K
pulling a3de86cd1c13: 100% ▕██████████████████▏ 5.2 GB                         [K
verifying sha256 digest ⠼ [K[?25h[?2026l[?2026h[?25l[A[A[1Gpulling manifest [K
pulling a3de86cd1c13: 100% ▕██████████████████▏ 5.2 GB                         [K
verifying sha256 digest ⠴ [K[?25h[?2026l[?2026h[?25l[A[A[1Gpulling manifest [K
pulling a3de86cd1c13: 100% ▕██████████████████▏ 5.2 GB                         [K
verifying sha256 digest ⠦ [K[?25h[?2026l[?2026h[?25l[A[A[1Gpulling manifest [K
pulling a3de86cd1c13: 100% ▕██████████████████▏ 5.2 GB                         [K
verifying sha256 digest ⠧ [K[?25h[?2026l[?2026h[?25l[A[A[1Gpulling manifest [K
pulling a3de86cd1c13: 100% ▕██████████████████▏ 5.2 GB                         [K
verifying sha256 digest ⠇ [K[?25h[?2026l[?2026h[?25l[A[A[1Gpulling manifest [K
pulling a3de86cd1c13: 100% ▕██████████████████▏ 5.2 GB                         [K
verifying sha256 digest ⠏ [K[?25h[?2026l[?2026h[?25l[A[A[1Gpulling manifest [K
pulling a3de86cd1c13: 100% ▕██████████████████▏ 5.2 GB                         [K
verifying sha256 digest ⠋ [K[?25h[?2026l[?2026h[?25l[A[A[1Gpulling manifest [K
pulling a3de86cd1c13: 100% ▕██████████████████▏ 5.2 GB                         [K
verifying sha256 digest ⠙ [K[?25h[?2026l[?2026h[?25l[A[A[1Gpulling manifest [K
pulling a3de86cd1c13: 100% ▕██████████████████▏ 5.2 GB                         [K
verifying sha256 digest ⠹ [K[?25h[?2026l[?2026h[?25l[A[A[1Gpulling manifest [K
pulling a3de86cd1c13: 100% ▕██████████████████▏ 5.2 GB                         [K
verifying sha256 digest ⠸ [K[?25h[?2026l[?2026h[?25l[A[A[1Gpulling manifest [K
pulling a3de86cd1c13: 100% ▕██████████████████▏ 5.2 GB                         [K
verifying sha256 digest ⠼ [K[?25h[?2026l[?2026h[?25l[A[A[1Gpulling manifest [K
pulling a3de86cd1c13: 100% ▕██████████████████▏ 5.2 GB                         [K
verifying sha256 digest ⠴ [K[?25h[?2026l[?2026h[?25l[A[A[1Gpulling manifest [K
pulling a3de86cd1c13: 100% ▕██████████████████▏ 5.2 GB                         [K
verifying sha256 digest ⠦ [K[?25h[?2026l[?2026h[?25l[A[A[1Gpulling manifest [K
pulling a3de86cd1c13: 100% ▕██████████████████▏ 5.2 GB                         [K
verifying sha256 digest ⠧ [K[?25h[?2026l[?2026h[?25l[A[A[1Gpulling manifest [K
pulling a3de86cd1c13: 100% ▕██████████████████▏ 5.2 GB                         [K
verifying sha256 digest ⠇ [K[?25h[?2026l[?2026h[?25l[A[A[1Gpulling manifest [K
pulling a3de86cd1c13: 100% ▕██████████████████▏ 5.2 GB                         [K
verifying sha256 digest ⠏ [K[?25h[?2026l[?2026h[?25l[A[A[1Gpulling manifest [K
pulling a3de86cd1c13: 100% ▕██████████████████▏ 5.2 GB                         [K
verifying sha256 digest ⠋ [K[?25h[?2026l[?2026h[?25l[A[A[1Gpulling manifest [K
pulling a3de86cd1c13: 100% ▕██████████████████▏ 5.2 GB                         [K
verifying sha256 digest ⠙ [K[?25h[?2026l[?2026h[?25l[A[A[1Gpulling manifest [K
pulling a3de86cd1c13: 100% ▕██████████████████▏ 5.2 GB                         [K
verifying sha256 digest ⠹ [K[?25h[?2026l[?2026h[?25l[A[A[1Gpulling manifest [K
pulling a3de86cd1c13: 100% ▕██████████████████▏ 5.2 GB                         [K
verifying sha256 digest ⠸ [K[?25h[?2026l[?2026h[?25l[A[A[1Gpulling manifest [K
pulling a3de86cd1c13: 100% ▕██████████████████▏ 5.2 GB                         [K
verifying sha256 digest ⠼ [K[?25h[?2026l[?2026h[?25l[A[A[1Gpulling manifest [K
pulling a3de86cd1c13: 100% ▕██████████████████▏ 5.2 GB                         [K
verifying sha256 digest ⠴ [K[?25h[?2026l[?2026h[?25l[A[A[1Gpulling manifest [K
pulling a3de86cd1c13: 100% ▕██████████████████▏ 5.2 GB                         [K
verifying sha256 digest ⠦ [K[?25h[?2026l[?2026h[?25l[A[A[1Gpulling manifest [K
pulling a3de86cd1c13: 100% ▕██████████████████▏ 5.2 GB                         [K
verifying sha256 digest ⠧ [K[?25h[?2026l[?2026h[?25l[A[A[1Gpulling manifest [K
pulling a3de86cd1c13: 100% ▕██████████████████▏ 5.2 GB                         [K
verifying sha256 digest ⠇ [K[?25h[?2026l[?2026h[?25l[A[A[1Gpulling manifest [K
pulling a3de86cd1c13: 100% ▕██████████████████▏ 5.2 GB                         [K
verifying sha256 digest ⠏ [K[?25h[?2026l[?2026h[?25l[A[A[1Gpulling manifest [K
pulling a3de86cd1c13: 100% ▕██████████████████▏ 5.2 GB                         [K
verifying sha256 digest ⠋ [K[?25h[?2026l[?2026h[?25l[A[A[1Gpulling manifest [K
pulling a3de86cd1c13: 100% ▕██████████████████▏ 5.2 GB                         [K
verifying sha256 digest ⠙ [K[?25h[?2026l[?2026h[?25l[A[A[1Gpulling manifest [K
pulling a3de86cd1c13: 100% ▕██████████████████▏ 5.2 GB                         [K
verifying sha256 digest ⠹ [K[?25h[?2026l[?2026h[?25l[A[A[1Gpulling manifest [K
pulling a3de86cd1c13: 100% ▕██████████████████▏ 5.2 GB                         [K
verifying sha256 digest ⠸ [K[?25h[?2026l[?2026h[?25l[A[A[1Gpulling manifest [K
pulling a3de86cd1c13: 100% ▕██████████████████▏ 5.2 GB                         [K
verifying sha256 digest ⠼ [K[?25h[?2026l[?2026h[?25l[A[A[1Gpulling manifest [K
pulling a3de86cd1c13: 100% ▕██████████████████▏ 5.2 GB                         [K
verifying sha256 digest ⠴ [K[?25h[?2026l[?2026h[?25l[A[A[1Gpulling manifest [K
pulling a3de86cd1c13: 100% ▕██████████████████▏ 5.2 GB                         [K
verifying sha256 digest ⠦ [K[?25h[?2026l[?2026h[?25l[A[A[1Gpulling manifest [K
pulling a3de86cd1c13: 100% ▕██████████████████▏ 5.2 GB                         [K
verifying sha256 digest ⠧ [K[?25h[?2026l[?2026h[?25l[A[A[1Gpulling manifest [K
pulling a3de86cd1c13: 100% ▕██████████████████▏ 5.2 GB                         [K
verifying sha256 digest ⠇ [K[?25h[?2026l[?2026h[?25l[A[A[1Gpulling manifest [K
pulling a3de86cd1c13: 100% ▕██████████████████▏ 5.2 GB                         [K
verifying sha256 digest ⠏ [K[?25h[?2026l[?2026h[?25l[A[A[1Gpulling manifest [K
pulling a3de86cd1c13: 100% ▕██████████████████▏ 5.2 GB                         [K
verifying sha256 digest ⠋ [K[?25h[?2026l[?2026h[?25l[A[A[1Gpulling manifest [K
pulling a3de86cd1c13: 100% ▕██████████████████▏ 5.2 GB                         [K
verifying sha256 digest ⠙ [K[?25h[?2026l[?2026h[?25l[A[A[1Gpulling manifest [K
pulling a3de86cd1c13: 100% ▕██████████████████▏ 5.2 GB                         [K
verifying sha256 digest ⠹ [K[?25h[?2026l[?2026h[?25l[A[A[1Gpulling manifest [K
pulling a3de86cd1c13: 100% ▕██████████████████▏ 5.2 GB                         [K
verifying sha256 digest ⠸ [K[?25h[?2026l[?2026h[?25l[A[A[1Gpulling manifest [K
pulling a3de86cd1c13: 100% ▕██████████████████▏ 5.2 GB                         [K
verifying sha256 digest ⠼ [K[?25h[?2026l[?2026h[?25l[A[A[1Gpulling manifest [K
pulling a3de86cd1c13: 100% ▕██████████████████▏ 5.2 GB                         [K
verifying sha256 digest ⠴ [K[?25h[?2026l[?2026h[?25l[A[A[1Gpulling manifest [K
pulling a3de86cd1c13: 100% ▕██████████████████▏ 5.2 GB                         [K
verifying sha256 digest ⠦ [K[?25h[?2026l[?2026h[?25l[A[A[1Gpulling manifest [K
pulling a3de86cd1c13: 100% ▕██████████████████▏ 5.2 GB                         [K
verifying sha256 digest ⠧ [K[?25h[?2026l[?2026h[?25l[A[A[1Gpulling manifest [K
pulling a3de86cd1c13: 100% ▕██████████████████▏ 5.2 GB                         [K
verifying sha256 digest ⠇ [K[?25h[?2026l[?2026h[?25l[A[A[1Gpulling manifest [K
pulling a3de86cd1c13: 100% ▕██████████████████▏ 5.2 GB                         [K
verifying sha256 digest ⠏ [K[?25h[?2026l[?2026h[?25l[A[A[1Gpulling manifest [K
pulling a3de86cd1c13: 100% ▕██████████████████▏ 5.2 GB                         [K
verifying sha256 digest ⠋ [K[?25h[?2026l[?2026h[?25l[A[A[1Gpulling manifest [K
pulling a3de86cd1c13: 100% ▕██████████████████▏ 5.2 GB                         [K
verifying sha256 digest ⠙ [K[?25h[?2026l[?2026h[?25l[A[A[1Gpulling manifest [K
pulling a3de86cd1c13: 100% ▕██████████████████▏ 5.2 GB                         [K
verifying sha256 digest ⠹ [K[?25h[?2026l[?2026h[?25l[A[A[1Gpulling manifest [K
pulling a3de86cd1c13: 100% ▕██████████████████▏ 5.2 GB                         [K
verifying sha256 digest ⠸ [K[?25h[?2026l[?2026h[?25l[A[A[1Gpulling manifest [K
pulling a3de86cd1c13: 100% ▕██████████████████▏ 5.2 GB                         [K
verifying sha256 digest ⠼ [K[?25h[?2026l[?2026h[?25l[A[A[1Gpulling manifest [K
pulling a3de86cd1c13: 100% ▕██████████████████▏ 5.2 GB                         [K
verifying sha256 digest ⠴ [K[?25h[?2026l[?2026h[?25l[A[A[1Gpulling manifest [K
pulling a3de86cd1c13: 100% ▕██████████████████▏ 5.2 GB                         [K
verifying sha256 digest ⠦ [K[?25h[?2026l[?2026h[?25l[A[A[1Gpulling manifest [K
pulling a3de86cd1c13: 100% ▕██████████████████▏ 5.2 GB                         [K
verifying sha256 digest ⠧ [K[?25h[?2026l[?2026h[?25l[A[A[1Gpulling manifest [K
pulling a3de86cd1c13: 100% ▕██████████████████▏ 5.2 GB                         [K
verifying sha256 digest ⠇ [K[?25h[?2026l[?2026h[?25l[A[A[1Gpulling manifest [K
pulling a3de86cd1c13: 100% ▕██████████████████▏ 5.2 GB                         [K
verifying sha256 digest ⠏ [K[?25h[?2026l[?2026h[?25l[A[A[1Gpulling manifest [K
pulling a3de86cd1c13: 100% ▕██████████████████▏ 5.2 GB                         [K
verifying sha256 digest ⠋ [K[?25h[?2026l[?2026h[?25l[A[A[1Gpulling manifest [K
pulling a3de86cd1c13: 100% ▕██████████████████▏ 5.2 GB                         [K
verifying sha256 digest [K
writing manifest [K
success [K[?25h[?2026l
